Age,Attrition,BusinessTravel,DailyRate,Department,DistanceFromHome,Education,EducationField,EnvironmentSatisfaction,Gender,HourlyRate,JobInvolvement,JobLevel,JobRole,JobSatisfaction,MaritalStatus,MonthlyIncome,MonthlyRate,NumCompaniesWorked,OverTime,PercentSalaryHike,PerformanceRating,RelationshipSatisfaction,StockOptionLevel,TotalWorkingYears,TrainingTimesLastYear,WorkLifeBalance,YearsAtCompany,YearsInCurrentRole,YearsSinceLastPromotion,YearsWithCurrManager,Promotion_Gap_Ratio,Role_Stagnation_Index,Training_Intensity_Score,Manager_Stability_Indicator,Career_Growth_Rate,Promotion_Gap_Score,Cluster,Cluster_Label,Cluster_Hierarchical,PCA1,PCA2
41,1,Travel_Rarely,1102,Sales,1,2,Life Sciences,2,Female,94,3,2,Sales Executive,4,Single,5993,19479,8,Yes,11,3,1,0,8,0,1,6,4,0,5,0.0,0.6666666666666666,0.0,0.8333333333333334,0.25,Medium,1,🟠 Promotion-Stalled,0,0.4461918303175348,-2.049194109971589
49,0,Travel_Frequently,279,Research & Development,8,1,Life Sciences,3,Male,61,2,2,Research Scientist,2,Married,5130,24907,1,No,23,4,4,1,10,3,3,10,7,1,7,0.1,0.7,0.3,0.7,0.2,Medium,1,🟠 Promotion-Stalled,0,0.5472972742343019,-0.7685044922269917
37,1,Travel_Rarely,1373,Research & Development,2,2,Other,4,Male,92,2,1,Laboratory Technician,3,Single,2090,2396,6,Yes,15,3,2,0,7,3,3,0,0,0,0,0.0,0.0,3.0,0.0,0.1428571428571428,Low,0,🚀 Fast-Track Performers,1,-3.130616487322925,0.5224895951109852
33,0,Travel_Frequently,1392,Research & Development,3,4,Life Sciences,4,Female,56,3,1,Research Scientist,3,Married,2909,23159,1,Yes,11,3,3,0,8,3,3,8,7,3,0,0.375,0.875,0.375,0.0,0.125,Medium,1,🟠 Promotion-Stalled,0,0.4785897084124735,0.1727434414673356
27,0,Travel_Rarely,591,Research & Development,2,1,Medical,1,Male,40,3,1,Laboratory Technician,2,Married,3468,16632,9,No,12,3,4,1,6,3,3,2,2,2,2,1.0,1.0,1.5,1.0,0.1666666666666666,High,1,🟠 Promotion-Stalled,0,0.8666349189210067,-0.4402776951786107
32,0,Travel_Frequently,1005,Research & Development,2,2,Life Sciences,4,Male,79,3,1,Laboratory Technician,4,Single,3068,11864,0,No,13,3,3,0,8,2,2,7,7,3,6,0.4285714285714285,1.0,0.2857142857142857,0.8571428571428571,0.125,Medium,1,🟠 Promotion-Stalled,0,1.6011550656226194,-1.1447459561735676
59,0,Travel_Rarely,1324,Research & Development,3,3,Medical,3,Female,81,4,1,Laboratory Technician,1,Married,2670,9964,4,Yes,20,4,1,3,12,3,2,1,0,0,0,0.0,0.0,3.0,0.0,0.0833333333333333,Low,0,🚀 Fast-Track Performers,1,-3.0765604034882594,0.4296020182229434
30,0,Travel_Rarely,1358,Research & Development,24,1,Life Sciences,4,Male,67,3,1,Laboratory Technician,3,Divorced,2693,13335,1,No,22,4,2,1,1,2,3,1,0,0,0,0.0,0.0,2.0,0.0,1.0,Low,0,🚀 Fast-Track Performers,1,-3.9503706750455834,0.37350790276268003
38,0,Travel_Frequently,216,Research & Development,23,3,Life Sciences,4,Male,44,2,3,Manufacturing Director,3,Single,9526,8787,0,No,21,4,2,0,10,2,3,9,7,1,8,0.1111111111111111,0.7777777777777778,0.2222222222222222,0.8888888888888888,0.3,Medium,1,🟠 Promotion-Stalled,0,1.009923343610039,-0.9066845577683527
36,0,Travel_Rarely,1299,Research & Development,27,3,Medical,3,Male,94,3,2,Healthcare Representative,3,Married,5237,16577,6,No,13,3,2,2,17,3,2,7,7,7,7,1.0,1.0,0.4285714285714285,1.0,0.1176470588235294,High,1,🟠 Promotion-Stalled,0,2.7516456314671123,0.5620699347627153
35,0,Travel_Rarely,809,Research & Development,16,3,Medical,1,Male,84,4,1,Laboratory Technician,2,Married,2426,16479,0,No,13,3,3,1,6,5,3,5,4,0,3,0.0,0.8,1.0,0.6,0.1666666666666666,Medium,1,🟠 Promotion-Stalled,0,-0.5326915114865307,-0.5776745864984302
29,0,Travel_Rarely,153,Research & Development,15,2,Life Sciences,4,Female,49,2,2,Laboratory Technician,3,Single,4193,12682,0,Yes,12,3,4,0,10,3,3,9,5,0,8,0.0,0.5555555555555556,0.3333333333333333,0.8888888888888888,0.2,Medium,1,🟠 Promotion-Stalled,0,0.18684974026599646,-1.0399295522047667
31,0,Travel_Rarely,670,Research & Development,26,1,Life Sciences,1,Male,31,3,1,Research Scientist,3,Divorced,2911,15170,1,No,17,3,4,1,5,1,2,5,2,4,3,0.8,0.4,0.2,0.6,0.2,Medium,1,🟠 Promotion-Stalled,0,0.4701590161322445,-0.3647574454213416
34,0,Travel_Rarely,1346,Research & Development,19,2,Medical,2,Male,93,3,1,Laboratory Technician,4,Divorced,2661,8758,0,No,11,3,3,1,3,2,3,2,2,1,2,0.5,1.0,1.0,1.0,0.3333333333333333,Medium,1,🟠 Promotion-Stalled,0,0.3801576769337935,-1.3886154711234169
28,1,Travel_Rarely,103,Research & Development,24,3,Life Sciences,3,Male,50,2,1,Laboratory Technician,3,Single,2028,12947,5,Yes,14,3,2,0,6,4,3,4,2,0,3,0.0,0.5,1.0,0.75,0.1666666666666666,Medium,1,🟠 Promotion-Stalled,0,-0.8939135219367508,-0.8668228665425863
29,0,Travel_Rarely,1389,Research & Development,21,4,Life Sciences,2,Female,51,4,3,Manufacturing Director,1,Divorced,9980,10195,1,No,11,3,3,1,10,1,3,10,9,8,8,0.8,0.9,0.1,0.8,0.3,High,1,🟠 Promotion-Stalled,0,2.8791494505794963,0.711096081121499
32,0,Travel_Rarely,334,Research & Development,5,2,Life Sciences,1,Male,80,4,1,Research Scientist,2,Divorced,3298,15053,0,Yes,12,3,4,2,7,5,2,6,2,0,5,0.0,0.3333333333333333,0.8333333333333334,0.8333333333333334,0.1428571428571428,Low,1,🟠 Promotion-Stalled,0,-0.965316407621339,-0.558709327721561
22,0,Non-Travel,1123,Research & Development,16,2,Medical,4,Male,96,4,1,Laboratory Technician,4,Divorced,2935,7324,1,Yes,13,3,2,2,1,2,2,1,0,0,0,0.0,0.0,2.0,0.0,1.0,Low,0,🚀 Fast-Track Performers,1,-3.890361637164117,0.4771997869873064
53,0,Travel_Rarely,1219,Sales,2,4,Life Sciences,1,Female,78,2,4,Manager,4,Married,15427,22021,2,No,16,3,3,0,31,3,3,25,8,3,7,0.12,0.32,0.12,0.28,0.1290322580645161,Low,1,🟠 Promotion-Stalled,0,0.7095636943362542,1.0741898935121696
38,0,Travel_Rarely,371,Research & Development,2,3,Life Sciences,4,Male,45,3,1,Research Scientist,4,Single,3944,4306,5,Yes,11,3,3,0,6,3,3,3,2,1,2,0.3333333333333333,0.6666666666666666,1.0,0.6666666666666666,0.1666666666666666,Medium,1,🟠 Promotion-Stalled,0,-0.29416265115296153,-0.7092212043262587
24,0,Non-Travel,673,Research & Development,11,2,Other,1,Female,96,4,2,Manufacturing Director,3,Divorced,4011,8232,0,No,18,3,4,1,5,5,2,4,2,1,3,0.25,0.5,1.25,0.75,0.4,Medium,1,🟠 Promotion-Stalled,0,-0.9182857465627342,0.3379433633915183
36,1,Travel_Rarely,1218,Sales,9,4,Life Sciences,3,Male,82,2,1,Sales Representative,1,Single,3407,6986,7,No,23,4,2,0,10,4,3,5,3,0,3,0.0,0.6,0.8,0.6,0.1,Medium,1,🟠 Promotion-Stalled,0,-0.6867856846099395,-0.953081636996058
34,0,Travel_Rarely,419,Research & Development,7,4,Life Sciences,1,Female,53,3,3,Research Director,2,Single,11994,21293,0,No,11,3,3,0,13,4,3,12,6,2,11,0.1666666666666666,0.5,0.3333333333333333,0.9166666666666666,0.2307692307692307,Medium,1,🟠 Promotion-Stalled,0,0.72596867192316,0.16998907759341542
21,0,Travel_Rarely,391,Research & Development,15,2,Life Sciences,3,Male,96,3,1,Research Scientist,4,Single,1232,19281,1,No,14,3,4,0,0,6,3,0,0,0,0,0.0,0.0,6.0,0.0,0.0,Low,0,🚀 Fast-Track Performers,1,-4.370400420770267,2.1784720240417506
34,1,Travel_Rarely,699,Research & Development,6,1,Medical,2,Male,83,3,1,Research Scientist,1,Single,2960,17102,2,No,11,3,3,0,8,2,3,4,2,1,3,0.25,0.5,0.5,0.75,0.125,Medium,1,🟠 Promotion-Stalled,0,-0.1260576531958689,-1.196733828212969
53,0,Travel_Rarely,1282,Research & Development,5,3,Other,3,Female,58,3,5,Manager,3,Divorced,19094,10735,4,No,11,3,4,1,26,3,2,14,13,4,8,0.2857142857142857,0.9285714285714286,0.2142857142857142,0.5714285714285714,0.1923076923076923,Medium,1,🟠 Promotion-Stalled,0,2.645031643468369,1.2233059171651506
32,1,Travel_Frequently,1125,Research & Development,16,1,Life Sciences,2,Female,72,1,1,Research Scientist,1,Single,3919,4681,1,Yes,22,4,2,0,10,5,3,10,2,6,7,0.6,0.2,0.5,0.7,0.1,Medium,1,🟠 Promotion-Stalled,0,0.07525273111216461,0.9855182954029665
42,0,Travel_Rarely,691,Sales,8,4,Marketing,3,Male,48,3,2,Sales Executive,2,Married,6825,21173,0,No,11,3,4,1,10,2,3,9,7,4,2,0.4444444444444444,0.7777777777777778,0.2222222222222222,0.2222222222222222,0.2,Medium,1,🟠 Promotion-Stalled,0,0.9937964061603913,0.3018942619850598
44,0,Travel_Rarely,477,Research & Development,7,4,Medical,1,Female,42,2,3,Healthcare Representative,4,Married,10248,2094,3,No,14,3,4,1,24,4,3,22,6,5,17,0.2272727272727272,0.2727272727272727,0.1818181818181818,0.7727272727272727,0.125,Low,1,🟠 Promotion-Stalled,0,0.921830351354015,0.9159374917242004
46,0,Travel_Rarely,705,Sales,2,4,Marketing,2,Female,83,3,5,Manager,1,Single,18947,22822,3,No,12,3,4,0,22,2,2,2,2,2,1,1.0,1.0,1.0,0.5,0.2272727272727272,High,1,🟠 Promotion-Stalled,0,1.3881785701488827,1.1127022378263103
33,0,Travel_Rarely,924,Research & Development,2,3,Medical,3,Male,78,3,1,Laboratory Technician,4,Single,2496,6670,4,No,11,3,4,0,7,3,3,1,1,0,0,0.0,1.0,3.0,0.0,0.1428571428571428,Medium,0,🚀 Fast-Track Performers,1,-1.8562151342067448,-0.23166135527297946
44,0,Travel_Rarely,1459,Research & Development,10,4,Other,4,Male,41,3,2,Healthcare Representative,4,Married,6465,19121,2,Yes,13,3,4,0,9,5,4,4,2,1,3,0.25,0.5,1.25,0.75,0.2222222222222222,Medium,1,🟠 Promotion-Stalled,0,-0.6239293367205428,0.29017745510933185
30,0,Travel_Rarely,125,Research & Development,9,2,Medical,4,Male,83,2,1,Laboratory Technician,3,Single,2206,16117,1,No,13,3,1,0,10,5,3,10,0,1,8,0.1,0.0,0.5,0.8,0.1,Low,1,🟠 Promotion-Stalled,0,-1.2268863163985524,-0.192605765669353
39,1,Travel_Rarely,895,Sales,5,3,Technical Degree,4,Male,56,3,2,Sales Representative,4,Married,2086,3335,3,No,14,3,3,1,19,6,4,1,0,0,0,0.0,0.0,6.0,0.0,0.1052631578947368,Low,0,🚀 Fast-Track Performers,1,-4.321464300155776,2.595227896205086
24,1,Travel_Rarely,813,Research & Development,1,3,Medical,2,Male,61,3,1,Research Scientist,4,Married,2293,3020,2,Yes,16,3,1,1,6,2,2,2,0,2,0,1.0,0.0,1.0,0.0,0.1666666666666666,Medium,0,🚀 Fast-Track Performers,0,-1.2191627057174506,0.9132368673563359
43,0,Travel_Rarely,1273,Research & Development,2,2,Medical,4,Female,72,4,1,Research Scientist,3,Divorced,2645,21923,1,No,12,3,4,2,6,3,2,5,3,1,4,0.2,0.6,0.6,0.8,0.1666666666666666,Medium,1,🟠 Promotion-Stalled,0,-0.07374320043860508,-1.0069500310946897
50,1,Travel_Rarely,869,Sales,3,2,Marketing,1,Male,86,2,1,Sales Representative,3,Married,2683,3810,1,Yes,14,3,3,0,3,2,3,3,2,0,2,0.0,0.6666666666666666,0.6666666666666666,0.6666666666666666,0.3333333333333333,Medium,1,🟠 Promotion-Stalled,0,-0.7359491671586019,-1.5033376037847967
35,0,Travel_Rarely,890,Sales,2,3,Marketing,4,Female,97,3,1,Sales Representative,4,Married,2014,9687,1,No,13,3,1,0,2,3,3,2,2,2,2,1.0,1.0,1.5,1.0,0.5,High,1,🟠 Promotion-Stalled,0,0.3705583940510404,-0.2542255582182616
36,0,Travel_Rarely,852,Research & Development,5,4,Life Sciences,2,Female,82,2,1,Research Scientist,1,Married,3419,13072,9,Yes,14,3,4,1,6,3,4,1,1,0,0,0.0,1.0,3.0,0.0,0.1666666666666666,Medium,0,🚀 Fast-Track Performers,1,-1.9111759221192037,-0.2521129268647773
33,0,Travel_Frequently,1141,Sales,1,3,Life Sciences,3,Female,42,4,2,Sales Executive,1,Married,5376,3193,2,No,19,3,1,2,10,3,3,5,3,1,3,0.2,0.6,0.6,0.6,0.2,Medium,1,🟠 Promotion-Stalled,0,-0.16042783291914103,-0.49919021527092244
35,0,Travel_Rarely,464,Research & Development,4,2,Other,3,Male,75,3,1,Laboratory Technician,4,Divorced,1951,10910,1,No,12,3,3,1,1,3,3,1,0,0,0,0.0,0.0,3.0,0.0,1.0,Low,0,🚀 Fast-Track Performers,1,-4.369093384966692,1.065099589909985
27,0,Travel_Rarely,1240,Research & Development,2,4,Life Sciences,4,Female,33,3,1,Laboratory Technician,1,Divorced,2341,19715,1,No,13,3,4,1,1,6,3,1,0,0,0,0.0,0.0,6.0,0.0,1.0,Low,0,🚀 Fast-Track Performers,1,-5.8319593118772906,2.7827137168004095
26,1,Travel_Rarely,1357,Research & Development,25,3,Life Sciences,1,Male,48,1,1,Laboratory Technician,3,Single,2293,10558,1,No,12,3,3,0,1,2,2,1,0,0,1,0.0,0.0,2.0,1.0,1.0,Low,0,🚀 Fast-Track Performers,1,-2.9109122863643595,-0.5827161892382287
27,0,Travel_Frequently,994,Sales,8,3,Life Sciences,4,Male,37,3,3,Sales Executive,3,Single,8726,2975,1,No,15,3,4,0,9,0,3,9,8,1,7,0.1111111111111111,0.8888888888888888,0.0,0.7777777777777778,0.3333333333333333,Medium,1,🟠 Promotion-Stalled,0,1.3906757082579058,-1.409759048676445
30,0,Travel_Frequently,721,Research & Development,1,2,Medical,3,Female,58,3,2,Laboratory Technician,4,Single,4011,10781,1,No,23,4,4,0,12,2,3,12,8,3,7,0.25,0.6666666666666666,0.1666666666666666,0.5833333333333334,0.1666666666666666,Medium,1,🟠 Promotion-Stalled,0,1.056080855099585,-0.47075902441741124
41,1,Travel_Rarely,1360,Research & Development,12,3,Technical Degree,2,Female,49,3,5,Research Director,3,Married,19545,16280,1,No,12,3,4,0,23,0,3,22,15,15,8,0.6818181818181818,0.6818181818181818,0.0,0.3636363636363636,0.217391304347826,High,1,🟠 Promotion-Stalled,0,4.286976533036483,2.9253332603401216
34,0,Non-Travel,1065,Sales,23,4,Marketing,2,Male,72,3,2,Sales Executive,3,Single,4568,10034,0,No,20,4,3,0,10,2,3,9,5,8,7,0.8888888888888888,0.5555555555555556,0.2222222222222222,0.7777777777777778,0.2,Medium,1,🟠 Promotion-Stalled,0,1.8106342972671918,0.773815975839563
37,0,Travel_Rarely,408,Research & Development,19,2,Life Sciences,2,Male,73,3,1,Research Scientist,2,Married,3022,10227,4,No,21,4,1,0,8,1,3,1,0,0,0,0.0,0.0,1.0,0.0,0.125,Low,0,🚀 Fast-Track Performers,1,-2.173605343756672,-0.709979584974292
46,0,Travel_Frequently,1211,Sales,5,4,Marketing,1,Male,98,3,2,Sales Executive,4,Single,5772,20445,4,Yes,21,4,3,0,14,4,3,9,6,0,8,0.0,0.6666666666666666,0.4444444444444444,0.8888888888888888,0.1428571428571428,Medium,1,🟠 Promotion-Stalled,0,0.3319239298154484,-0.9074190283238026
35,0,Travel_Rarely,1229,Research & Development,8,1,Life Sciences,4,Male,36,4,1,Laboratory Technician,4,Married,2269,4892,1,No,19,3,4,0,1,2,3,1,0,0,1,0.0,0.0,2.0,1.0,1.0,Low,0,🚀 Fast-Track Performers,1,-2.9575859824943893,-0.6633654325240491
48,1,Travel_Rarely,626,Research & Development,1,2,Life Sciences,1,Male,98,2,3,Laboratory Technician,3,Single,5381,19294,9,Yes,13,3,4,0,23,2,3,1,0,0,0,0.0,0.0,2.0,0.0,0.1304347826086956,Low,0,🚀 Fast-Track Performers,1,-2.206670317546453,0.6705192756605939
28,1,Travel_Rarely,1434,Research & Development,5,4,Technical Degree,3,Male,50,3,1,Laboratory Technician,3,Single,3441,11179,1,Yes,13,3,3,0,2,3,2,2,2,2,2,1.0,1.0,1.5,1.0,0.5,High,1,🟠 Promotion-Stalled,0,0.3705583940510404,-0.2542255582182616
44,0,Travel_Rarely,1488,Sales,1,5,Marketing,2,Female,75,3,2,Sales Executive,1,Divorced,5454,4009,5,Yes,21,4,3,1,9,2,2,4,3,1,3,0.25,0.75,0.5,0.75,0.2222222222222222,Medium,1,🟠 Promotion-Stalled,0,0.2711308693914798,-1.0730496154802982
35,0,Non-Travel,1097,Research & Development,11,2,Medical,3,Male,79,2,3,Healthcare Representative,1,Married,9884,8302,2,Yes,13,3,3,1,10,3,3,4,0,2,3,0.5,0.0,0.75,0.75,0.3,Medium,1,🟠 Promotion-Stalled,0,-0.6542080923726222,0.6970487983398979
26,0,Travel_Rarely,1443,Sales,23,3,Marketing,3,Female,47,2,2,Sales Executive,4,Married,4157,21436,7,Yes,19,3,3,1,5,2,2,2,2,0,0,0.0,1.0,1.0,0.0,0.4,Medium,1,🟠 Promotion-Stalled,0,-1.0717741206808686,-0.6379974395407564
33,0,Travel_Frequently,515,Research & Development,1,2,Life Sciences,1,Female,98,3,3,Research Director,4,Single,13458,15146,1,Yes,12,3,3,0,15,1,3,15,14,8,12,0.5333333333333333,0.9333333333333332,0.0666666666666666,0.8,0.2,Medium,1,🟠 Promotion-Stalled,0,3.4561353787951896,0.5371713521411425
35,0,Travel_Frequently,853,Sales,18,5,Life Sciences,2,Male,71,3,3,Sales Executive,1,Married,9069,11031,1,No,22,4,4,1,9,3,2,9,8,1,8,0.1111111111111111,0.8888888888888888,0.3333333333333333,0.8888888888888888,0.3333333333333333,Medium,1,🟠 Promotion-Stalled,0,1.0754993540810864,-0.6283763888298043
35,0,Travel_Rarely,1142,Research & Development,23,4,Medical,3,Female,30,3,1,Laboratory Technician,1,Married,4014,16002,3,Yes,15,3,3,1,4,3,3,2,2,2,2,1.0,1.0,1.5,1.0,0.25,High,1,🟠 Promotion-Stalled,0,0.7242796927952891,-0.4254482922293815
31,0,Travel_Rarely,655,Research & Development,7,4,Life Sciences,4,Male,48,3,2,Laboratory Technician,4,Divorced,5915,9528,3,No,22,4,4,1,10,3,2,7,7,1,7,0.1428571428571428,1.0,0.4285714285714285,1.0,0.2,Medium,1,🟠 Promotion-Stalled,0,1.167290805850253,-1.2537198323175118
37,0,Travel_Rarely,1115,Research & Development,1,4,Life Sciences,1,Male,51,2,2,Manufacturing Director,3,Divorced,5993,2689,1,No,18,3,3,1,7,2,4,7,5,0,7,0.0,0.7142857142857143,0.2857142857142857,1.0,0.2857142857142857,Medium,1,🟠 Promotion-Stalled,0,0.40766034891935604,-1.6192463058648563
32,0,Travel_Rarely,427,Research & Development,1,3,Medical,1,Male,33,3,2,Manufacturing Director,4,Married,6162,10877,1,Yes,22,4,2,1,9,3,3,9,8,7,8,0.7777777777777778,0.8888888888888888,0.3333333333333333,0.8888888888888888,0.2222222222222222,High,1,🟠 Promotion-Stalled,0,2.2799115588680654,0.5368222883712709
38,0,Travel_Frequently,653,Research & Development,29,5,Life Sciences,4,Female,50,3,2,Laboratory Technician,4,Single,2406,5456,1,No,11,3,4,0,10,2,3,10,3,9,9,0.9,0.3,0.2,0.9,0.2,Medium,1,🟠 Promotion-Stalled,0,1.5917268895498151,1.0542079106664746
50,0,Travel_Rarely,989,Research & Development,7,2,Medical,2,Female,43,2,5,Research Director,3,Divorced,18740,16701,5,Yes,12,3,4,1,29,2,2,27,3,13,8,0.4814814814814814,0.1111111111111111,0.074074074074074,0.2962962962962963,0.1724137931034483,Medium,1,🟠 Promotion-Stalled,0,1.5979891044617693,3.120764318683955
59,0,Travel_Rarely,1435,Sales,25,3,Life Sciences,1,Female,99,3,3,Sales Executive,1,Single,7637,2354,7,No,11,3,4,0,28,3,2,21,16,7,9,0.3333333333333333,0.7619047619047619,0.1428571428571428,0.4285714285714285,0.1071428571428571,Medium,1,🟠 Promotion-Stalled,0,2.814496080871559,1.3738318470929167
36,0,Travel_Rarely,1223,Research & Development,8,3,Technical Degree,3,Female,59,3,3,Healthcare Representative,3,Divorced,10096,8202,1,No,13,3,2,3,17,2,3,17,14,12,8,0.7058823529411765,0.8235294117647058,0.1176470588235294,0.4705882352941176,0.1764705882352941,High,1,🟠 Promotion-Stalled,0,3.5420744878109436,2.073068430477449
55,0,Travel_Rarely,836,Research & Development,8,3,Medical,4,Female,33,3,4,Manager,3,Divorced,14756,19730,2,Yes,14,3,3,3,21,2,3,5,0,0,2,0.0,0.0,0.4,0.4,0.1904761904761904,Low,1,🟠 Promotion-Stalled,0,-1.0611281744708065,0.17154208274140914
36,0,Travel_Frequently,1195,Research & Development,11,3,Life Sciences,2,Male,95,2,2,Manufacturing Director,2,Single,6499,22656,1,No,13,3,3,0,6,3,3,6,5,0,3,0.0,0.8333333333333334,0.5,0.5,0.3333333333333333,Medium,1,🟠 Promotion-Stalled,0,-0.1485434223412404,-0.7412734780745963
45,0,Travel_Rarely,1339,Research & Development,7,3,Life Sciences,2,Male,59,3,3,Research Scientist,1,Divorced,9724,18787,2,No,17,3,3,1,25,2,3,1,0,0,0,0.0,0.0,2.0,0.0,0.12,Low,0,🚀 Fast-Track Performers,1,-2.218020376054725,0.6182490855503986
35,0,Travel_Frequently,664,Research & Development,1,3,Medical,2,Male,79,3,1,Research Scientist,1,Married,2194,5868,4,No,13,3,4,1,5,2,2,3,2,1,2,0.3333333333333333,0.6666666666666666,0.6666666666666666,0.6666666666666666,0.2,Medium,1,🟠 Promotion-Stalled,0,-0.14094164579132917,-1.1018712430489386
36,1,Travel_Rarely,318,Research & Development,9,3,Medical,4,Male,79,2,1,Research Scientist,3,Married,3388,21777,0,Yes,17,3,1,1,2,0,2,1,0,0,0,0.0,0.0,0.0,0.0,0.5,Low,0,🚀 Fast-Track Performers,1,-2.2121202023190327,-1.0180026459414848
59,0,Travel_Frequently,1225,Sales,1,1,Life Sciences,1,Female,57,2,2,Sales Executive,3,Single,5473,24668,7,No,11,3,4,0,20,2,2,4,3,1,3,0.25,0.75,0.5,0.75,0.1,Medium,1,🟠 Promotion-Stalled,0,0.5172574912798892,-1.0302800118438449
29,0,Travel_Rarely,1328,Research & Development,2,3,Life Sciences,3,Male,76,3,1,Research Scientist,2,Married,2703,4956,0,No,23,4,4,1,6,3,3,5,4,0,4,0.0,0.8,0.6,0.8,0.1666666666666666,Medium,1,🟠 Promotion-Stalled,0,-0.08177829370023947,-1.6110992420145744
31,0,Travel_Rarely,1082,Research & Development,1,4,Medical,3,Male,87,3,1,Research Scientist,2,Single,2501,18775,1,No,17,3,2,0,1,4,3,1,1,1,0,1.0,1.0,4.0,0.0,1.0,High,0,🚀 Fast-Track Performers,1,-2.69217635541283,1.866822555522119
32,0,Travel_Rarely,548,Research & Development,1,3,Life Sciences,2,Male,66,3,2,Research Scientist,2,Married,6220,7346,1,No,17,3,2,2,10,3,3,10,4,0,9,0.0,0.4,0.3,0.9,0.2,Low,1,🟠 Promotion-Stalled,0,-0.11895003662906277,-1.0246729361951123
36,0,Travel_Rarely,132,Research & Development,6,3,Life Sciences,2,Female,55,4,1,Laboratory Technician,4,Married,3038,22002,3,No,12,3,2,0,5,3,3,1,0,0,0,0.0,0.0,3.0,0.0,0.2,Low,0,🚀 Fast-Track Performers,1,-3.1945121353804975,0.5909232920785802
31,0,Travel_Rarely,746,Research & Development,8,4,Life Sciences,3,Female,61,3,2,Manufacturing Director,4,Single,4424,20682,1,No,23,4,4,0,11,2,3,11,7,1,8,0.0909090909090909,0.6363636363636364,0.1818181818181818,0.7272727272727273,0.1818181818181818,Medium,1,🟠 Promotion-Stalled,0,0.6496785588010551,-1.0926759818878347
35,0,Travel_Rarely,776,Sales,1,4,Marketing,3,Male,32,2,2,Sales Executive,1,Single,4312,23016,0,No,14,3,2,0,16,2,3,15,13,2,8,0.1333333333333333,0.8666666666666667,0.1333333333333333,0.5333333333333333,0.125,Medium,1,🟠 Promotion-Stalled,0,1.7631992720353673,-0.6043586932813946
45,0,Travel_Rarely,193,Research & Development,6,4,Other,4,Male,52,3,3,Research Director,1,Married,13245,15067,4,Yes,14,3,2,0,17,3,4,0,0,0,0,0.0,0.0,3.0,0.0,0.1764705882352941,Low,0,🚀 Fast-Track Performers,1,-2.766328399723711,1.2626627974941
37,0,Travel_Rarely,397,Research & Development,7,4,Medical,1,Male,30,3,3,Research Director,3,Single,13664,25258,4,No,13,3,1,0,16,3,4,5,2,0,2,0.0,0.4,0.6,0.4,0.1875,Low,1,🟠 Promotion-Stalled,0,-0.7214618011086718,-0.08366858665013055
46,0,Travel_Rarely,945,Human Resources,5,2,Medical,2,Male,80,3,2,Human Resources,2,Divorced,5021,10425,8,Yes,22,4,4,1,16,2,3,4,2,0,2,0.0,0.5,0.5,0.5,0.125,Medium,1,🟠 Promotion-Stalled,0,-0.5622689986569627,-1.0934425865972615
30,0,Travel_Rarely,852,Research & Development,1,1,Life Sciences,4,Male,55,2,2,Laboratory Technician,4,Married,5126,15998,1,Yes,12,3,3,2,10,1,2,10,8,3,0,0.3,0.8,0.1,0.0,0.2,Medium,1,🟠 Promotion-Stalled,0,0.8123682540928014,-0.07924757644516363
35,0,Travel_Rarely,1214,Research & Development,1,3,Medical,2,Male,30,2,1,Research Scientist,3,Single,2859,26278,1,No,18,3,1,0,6,3,3,6,4,0,4,0.0,0.6666666666666666,0.5,0.6666666666666666,0.1666666666666666,Medium,1,🟠 Promotion-Stalled,0,-0.28781127524813216,-1.3271941624742551
55,0,Travel_Rarely,111,Sales,1,2,Life Sciences,1,Male,70,3,3,Sales Executive,4,Married,10239,18092,3,No,14,3,4,1,24,4,3,1,0,1,0,1.0,0.0,4.0,0.0,0.125,Medium,0,🚀 Fast-Track Performers,0,-2.2282332005966277,2.8917209314940546
38,0,Non-Travel,573,Research & Development,6,3,Medical,2,Female,79,1,2,Research Scientist,4,Divorced,5329,15717,7,Yes,12,3,4,3,17,3,3,13,11,1,9,0.0769230769230769,0.8461538461538461,0.2307692307692307,0.6923076923076923,0.1176470588235294,Medium,1,🟠 Promotion-Stalled,0,1.3938158760540889,-0.7014128943100786
34,0,Travel_Rarely,1153,Research & Development,1,2,Medical,1,Male,94,3,2,Manufacturing Director,2,Married,4325,17736,1,No,15,3,3,0,5,2,3,5,2,1,3,0.2,0.4,0.4,0.6,0.4,Low,1,🟠 Promotion-Stalled,0,-0.6127016969778882,-0.5552400132531081
56,0,Travel_Rarely,1400,Research & Development,7,3,Life Sciences,4,Male,49,1,3,Manufacturing Director,4,Single,7260,21698,4,No,11,3,1,0,37,3,2,6,4,0,2,0.0,0.6666666666666666,0.5,0.3333333333333333,0.081081081081081,Medium,1,🟠 Promotion-Stalled,0,-0.03276653894572513,-0.23139896571908844
23,0,Travel_Rarely,541,Sales,2,1,Technical Degree,3,Male,62,3,1,Sales Representative,1,Divorced,2322,9518,3,No,13,3,3,1,3,3,3,0,0,0,0,0.0,0.0,3.0,0.0,0.3333333333333333,Low,0,🚀 Fast-Track Performers,1,-3.3969433478539153,0.6584313545810779
51,0,Travel_Rarely,432,Research & Development,9,4,Life Sciences,4,Male,96,3,1,Laboratory Technician,4,Married,2075,18725,3,No,23,4,2,2,10,4,3,4,2,0,3,0.0,0.5,1.0,0.75,0.1,Medium,1,🟠 Promotion-Stalled,0,-0.8560407890193681,-1.0100294422531628
30,0,Travel_Rarely,288,Research & Development,2,3,Life Sciences,3,Male,99,2,2,Healthcare Representative,4,Married,4152,15830,1,No,19,3,1,3,11,3,3,11,10,10,8,0.9090909090909092,0.9090909090909092,0.2727272727272727,0.7272727272727273,0.1818181818181818,High,1,🟠 Promotion-Stalled,0,2.946575172139718,1.3652017920279413
46,1,Travel_Rarely,669,Sales,9,2,Medical,3,Male,64,2,3,Sales Executive,4,Single,9619,13596,1,No,16,3,4,0,9,3,3,9,8,4,7,0.4444444444444444,0.8888888888888888,0.3333333333333333,0.7777777777777778,0.3333333333333333,Medium,1,🟠 Promotion-Stalled,0,1.6297996285884826,0.3525104976942482
40,0,Travel_Frequently,530,Research & Development,1,4,Life Sciences,3,Male,78,2,4,Healthcare Representative,2,Married,13503,14115,1,No,22,4,4,1,22,3,2,22,3,11,11,0.5,0.1363636363636363,0.1363636363636363,0.5,0.1818181818181818,Medium,1,🟠 Promotion-Stalled,0,1.2204727923289997,2.4240462314440787
51,0,Travel_Rarely,632,Sales,21,4,Marketing,3,Male,71,3,2,Sales Executive,4,Single,5441,8423,0,Yes,22,4,4,0,11,2,1,10,7,1,0,0.1,0.7,0.2,0.0,0.1818181818181818,Medium,1,🟠 Promotion-Stalled,0,0.020744264917343956,-0.3416637330153549
30,0,Travel_Rarely,1334,Sales,4,2,Medical,3,Female,63,2,2,Sales Executive,2,Divorced,5209,19760,1,Yes,12,3,2,3,11,4,2,11,8,2,7,0.1818181818181818,0.7272727272727273,0.3636363636363636,0.6363636363636364,0.1818181818181818,Medium,1,🟠 Promotion-Stalled,0,0.8144819540412925,-0.020256215726840877
46,0,Travel_Frequently,638,Research & Development,1,3,Medical,3,Male,40,2,3,Healthcare Representative,1,Married,10673,3142,2,Yes,13,3,3,1,21,5,2,10,9,9,5,0.9,0.9,0.5,0.5,0.1428571428571428,High,1,🟠 Promotion-Stalled,0,2.5187796227735926,2.4659825061664358
32,0,Travel_Rarely,1093,Sales,6,4,Medical,2,Male,87,3,2,Sales Executive,3,Single,5010,24301,1,No,16,3,1,0,12,0,3,11,8,5,7,0.4545454545454545,0.7272727272727273,0.0,0.6363636363636364,0.1666666666666666,Medium,1,🟠 Promotion-Stalled,0,1.851355996279169,-0.6238882602005239
54,0,Travel_Rarely,1217,Research & Development,2,4,Technical Degree,1,Female,60,3,3,Research Director,3,Married,13549,24001,9,No,12,3,1,1,16,5,1,4,3,0,3,0.0,0.75,1.25,0.75,0.1875,Medium,1,🟠 Promotion-Stalled,0,-0.28282992734180745,0.07019222135060504
24,0,Travel_Rarely,1353,Sales,3,2,Other,1,Female,33,3,2,Sales Executive,3,Married,4999,17519,0,No,21,4,1,1,4,2,2,3,2,0,2,0.0,0.6666666666666666,0.6666666666666666,0.6666666666666666,0.5,Medium,1,🟠 Promotion-Stalled,0,-0.8238410052520289,-1.1308358643281162
28,0,Non-Travel,120,Sales,4,3,Medical,2,Male,43,3,2,Sales Executive,3,Married,4221,8863,1,No,15,3,2,0,5,3,4,5,4,0,4,0.0,0.8,0.6,0.8,0.4,Medium,1,🟠 Promotion-Stalled,0,-0.16753683945673828,-1.0262630040309
58,0,Travel_Rarely,682,Sales,10,4,Medical,4,Male,37,3,4,Sales Executive,3,Single,13872,24409,0,No,13,3,3,0,38,1,2,37,10,1,8,0.027027027027027,0.2702702702702703,0.027027027027027,0.2162162162162162,0.1052631578947368,Low,1,🟠 Promotion-Stalled,0,0.7810687650592903,0.24931001833909663
44,0,Non-Travel,489,Research & Development,23,3,Medical,2,Male,67,3,2,Laboratory Technician,2,Married,2042,25043,4,No,12,3,3,1,17,3,4,3,2,1,2,0.3333333333333333,0.6666666666666666,1.0,0.6666666666666666,0.1176470588235294,Medium,1,🟠 Promotion-Stalled,0,-0.02537214670168189,-0.3954331909782946
37,1,Travel_Rarely,807,Human Resources,6,4,Human Resources,3,Male,63,3,1,Human Resources,1,Divorced,2073,23648,4,Yes,22,4,4,0,7,3,3,3,2,0,2,0.0,0.6666666666666666,1.0,0.6666666666666666,0.1428571428571428,Medium,1,🟠 Promotion-Stalled,0,-0.7251255643944169,-1.3190425425444576
32,0,Travel_Rarely,827,Research & Development,1,1,Life Sciences,4,Male,71,3,1,Research Scientist,1,Single,2956,15178,1,No,13,3,4,0,1,2,3,1,0,0,0,0.0,0.0,2.0,0.0,1.0,Low,0,🚀 Fast-Track Performers,1,-3.890361637164117,0.4771997869873064
20,1,Travel_Frequently,871,Research & Development,6,3,Life Sciences,4,Female,66,2,1,Laboratory Technician,4,Single,2926,19783,1,Yes,18,3,2,0,1,5,3,1,0,1,0,1.0,0.0,5.0,0.0,1.0,Medium,0,🚀 Fast-Track Performers,1,-4.431974114580148,3.2319159497675685
34,0,Travel_Rarely,665,Research & Development,6,4,Other,1,Female,41,3,2,Research Scientist,3,Single,4809,12482,1,No,14,3,3,0,16,3,3,16,13,2,10,0.125,0.8125,0.1875,0.625,0.125,Medium,1,🟠 Promotion-Stalled,0,1.6819539574778164,-0.35390498047066954
37,0,Non-Travel,1040,Research & Development,2,2,Life Sciences,3,Male,100,2,2,Healthcare Representative,4,Divorced,5163,15850,5,No,14,3,4,1,17,2,4,1,0,0,0,0.0,0.0,2.0,0.0,0.1176470588235294,Low,0,🚀 Fast-Track Performers,1,-2.398048997727218,0.2970541567608905
59,0,Non-Travel,1420,Human Resources,2,4,Human Resources,3,Female,32,2,5,Manager,4,Married,18844,21922,9,No,21,4,4,1,30,3,3,3,2,2,2,0.6666666666666666,0.6666666666666666,1.0,0.6666666666666666,0.1666666666666666,High,1,🟠 Promotion-Stalled,0,0.8456820891186142,1.0619970303285666
50,0,Travel_Frequently,1115,Research & Development,1,3,Life Sciences,1,Female,73,3,5,Research Director,2,Married,18172,9755,3,Yes,19,3,1,0,28,1,2,8,3,0,7,0.0,0.375,0.125,0.875,0.1785714285714285,Low,1,🟠 Promotion-Stalled,0,0.5675165820808525,-0.6263956008857224
25,1,Travel_Rarely,240,Sales,5,3,Marketing,3,Male,46,2,2,Sales Executive,3,Single,5744,26959,1,Yes,11,3,4,0,6,1,3,6,4,0,3,0.0,0.6666666666666666,0.1666666666666666,0.5,0.3333333333333333,Medium,1,🟠 Promotion-Stalled,0,-0.14844262912675102,-1.3000436712539296
25,0,Travel_Rarely,1280,Research & Development,7,1,Medical,4,Male,64,2,1,Research Scientist,4,Married,2889,26897,1,No,11,3,3,2,2,2,3,2,2,2,1,1.0,1.0,1.0,0.5,0.5,High,1,🟠 Promotion-Stalled,0,0.18047567489440214,-0.13158244719044254
22,0,Travel_Rarely,534,Research & Development,15,3,Medical,2,Female,59,3,1,Laboratory Technician,4,Single,2871,23785,1,No,15,3,3,0,1,5,3,0,0,0,0,0.0,0.0,5.0,0.0,1.0,Low,0,🚀 Fast-Track Performers,1,-5.359895234950434,2.1832925934083276
51,0,Travel_Frequently,1456,Research & Development,1,4,Medical,1,Female,30,2,3,Healthcare Representative,1,Single,7484,25796,3,No,20,4,3,0,23,1,2,13,12,12,8,0.9230769230769232,0.9230769230769232,0.0769230769230769,0.6153846153846154,0.1304347826086956,High,1,🟠 Promotion-Stalled,0,3.8507382466077194,1.54766453431964
34,1,Travel_Frequently,658,Research & Development,7,3,Life Sciences,1,Male,66,1,2,Laboratory Technician,3,Single,6074,22887,1,Yes,24,4,4,0,9,3,3,9,7,0,6,0.0,0.7777777777777778,0.3333333333333333,0.6666666666666666,0.2222222222222222,Medium,1,🟠 Promotion-Stalled,0,0.35146553391480784,-1.040826030738427
54,0,Non-Travel,142,Human Resources,26,3,Human Resources,4,Female,30,4,4,Manager,4,Single,17328,13871,2,Yes,12,3,3,0,23,3,3,5,3,4,4,0.8,0.6,0.6,0.8,0.1739130434782608,Medium,1,🟠 Promotion-Stalled,0,1.370596563969069,1.0988333391473128
24,0,Travel_Rarely,1127,Research & Development,18,1,Life Sciences,2,Male,52,3,1,Laboratory Technician,3,Married,2774,13257,0,No,12,3,3,1,6,2,3,5,3,1,2,0.2,0.6,0.4,0.4,0.1666666666666666,Medium,1,🟠 Promotion-Stalled,0,-0.3013390771288864,-0.9303371081582782
34,0,Travel_Rarely,1031,Research & Development,6,4,Life Sciences,3,Female,45,2,2,Research Scientist,2,Divorced,4505,15000,6,No,15,3,3,1,12,3,3,1,0,0,0,0.0,0.0,3.0,0.0,0.1666666666666666,Low,0,🚀 Fast-Track Performers,1,-2.9620879775745017,0.8909662389550207
37,0,Travel_Rarely,1189,Sales,3,3,Life Sciences,3,Male,87,3,3,Sales Executive,4,Single,7428,14506,2,No,12,3,1,0,12,3,3,5,3,1,3,0.2,0.6,0.6,0.6,0.25,Medium,1,🟠 Promotion-Stalled,0,0.016320820145477904,-0.03454069934301456
34,0,Travel_Rarely,1354,Research & Development,5,3,Medical,3,Female,45,2,3,Manager,1,Single,11631,5615,2,No,12,3,4,0,14,6,3,11,10,5,8,0.4545454545454545,0.9090909090909092,0.5454545454545454,0.7272727272727273,0.2142857142857142,Medium,1,🟠 Promotion-Stalled,0,1.843854282822333,1.5554173010675085
36,0,Travel_Frequently,1467,Sales,11,2,Technical Degree,2,Female,92,3,3,Sales Executive,4,Married,9738,22952,0,No,14,3,3,1,10,6,3,9,7,2,8,0.2222222222222222,0.7777777777777778,0.6666666666666666,0.8888888888888888,0.3,Medium,1,🟠 Promotion-Stalled,0,0.7619380587704838,0.7463087994516209
36,0,Travel_Rarely,922,Research & Development,3,2,Life Sciences,1,Female,39,3,1,Laboratory Technician,4,Divorced,2835,2561,5,No,22,4,1,1,7,2,3,1,0,0,0,0.0,0.0,2.0,0.0,0.1428571428571428,Low,0,🚀 Fast-Track Performers,1,-2.6918907647746617,-0.134538130628111
43,0,Travel_Frequently,394,Sales,26,2,Life Sciences,3,Male,92,3,4,Manager,4,Married,16959,19494,1,Yes,12,3,4,2,25,3,4,25,12,4,12,0.16,0.48,0.12,0.48,0.16,Medium,1,🟠 Promotion-Stalled,0,1.7000787292804176,1.1330950241997741
30,0,Travel_Frequently,1312,Research & Development,23,3,Life Sciences,1,Male,96,1,1,Research Scientist,3,Divorced,2613,22310,1,No,25,4,3,3,10,2,2,10,7,0,9,0.0,0.7,0.2,0.9,0.1,Medium,1,🟠 Promotion-Stalled,0,0.5946815365290853,-1.9973807288171086
33,0,Non-Travel,750,Sales,22,2,Marketing,3,Male,95,3,2,Sales Executive,2,Married,6146,15480,0,No,13,3,1,1,8,2,4,7,7,0,7,0.0,1.0,0.2857142857142857,1.0,0.25,Medium,1,🟠 Promotion-Stalled,0,1.058365335804875,-1.7498092009706228
56,1,Travel_Rarely,441,Research & Development,14,4,Life Sciences,2,Female,72,3,1,Research Scientist,2,Married,4963,4510,9,Yes,18,3,1,3,7,2,3,5,4,4,3,0.8,0.8,0.4,0.6,0.1428571428571428,High,1,🟠 Promotion-Stalled,0,1.0795052715507343,-0.3207521885563973
51,0,Travel_Rarely,684,Research & Development,6,3,Life Sciences,1,Male,51,3,5,Research Director,3,Single,19537,6462,7,No,13,3,3,0,23,5,3,20,18,15,15,0.75,0.9,0.25,0.75,0.217391304347826,High,1,🟠 Promotion-Stalled,0,4.819475353457201,4.037508965040877
31,1,Travel_Rarely,249,Sales,6,4,Life Sciences,2,Male,76,1,2,Sales Executive,3,Married,6172,20739,4,Yes,18,3,2,0,12,3,2,7,7,7,7,1.0,1.0,0.4285714285714285,1.0,0.1666666666666666,High,1,🟠 Promotion-Stalled,0,2.6463353867952475,0.5335182526259583
26,0,Travel_Rarely,841,Research & Development,6,3,Other,3,Female,46,2,1,Research Scientist,2,Married,2368,23300,1,No,19,3,3,0,5,3,2,5,4,4,3,0.8,0.8,0.6,0.6,0.2,High,1,🟠 Promotion-Stalled,0,0.8274221447109531,0.053558222275149774
58,1,Travel_Rarely,147,Research & Development,23,4,Medical,4,Female,94,3,3,Healthcare Representative,4,Married,10312,3465,1,No,12,3,4,1,40,3,2,40,10,15,6,0.375,0.25,0.075,0.15,0.075,Medium,1,🟠 Promotion-Stalled,0,2.2594304836771446,3.1683449005517246
19,1,Travel_Rarely,528,Sales,22,1,Marketing,4,Male,50,3,1,Sales Representative,3,Single,1675,26820,1,Yes,19,3,4,0,0,2,2,0,0,0,0,0.0,0.0,2.0,0.0,0.0,Low,0,🚀 Fast-Track Performers,1,-2.4621411004356855,-0.18464850811836733
22,0,Travel_Rarely,594,Research & Development,2,1,Technical Degree,3,Male,100,3,1,Laboratory Technician,4,Married,2523,19299,0,No,14,3,3,1,3,2,3,2,1,2,1,1.0,0.5,1.0,0.5,0.3333333333333333,Medium,1,🟠 Promotion-Stalled,0,-0.2794819308683738,0.11720722567451097
49,0,Travel_Rarely,470,Research & Development,20,4,Medical,3,Female,96,3,2,Manufacturing Director,1,Married,6567,5549,1,No,14,3,3,0,16,2,2,15,11,5,11,0.3333333333333333,0.7333333333333333,0.1333333333333333,0.7333333333333333,0.125,Medium,1,🟠 Promotion-Stalled,0,2.075739964611589,-0.10919713710494863
43,0,Travel_Frequently,957,Research & Development,28,3,Medical,2,Female,72,4,1,Research Scientist,3,Single,4739,16090,4,No,12,3,4,0,18,2,3,3,2,1,2,0.3333333333333333,0.6666666666666666,0.6666666666666666,0.6666666666666666,0.0555555555555555,Medium,1,🟠 Promotion-Stalled,0,0.07780319514856339,-1.1759650874657614
50,0,Travel_Frequently,809,Sales,12,3,Marketing,3,Female,77,3,3,Sales Executive,4,Single,9208,6645,4,No,11,3,4,0,16,3,3,2,2,2,1,1.0,1.0,1.5,0.5,0.1875,High,1,🟠 Promotion-Stalled,0,0.763296266527518,0.82803912278287
31,1,Travel_Rarely,542,Sales,20,3,Life Sciences,2,Female,71,1,2,Sales Executive,3,Married,4559,24788,3,Yes,11,3,3,1,4,2,3,2,2,2,2,1.0,1.0,1.0,1.0,0.5,High,1,🟠 Promotion-Stalled,0,0.870352799890148,-0.31293684151028694
41,0,Travel_Rarely,802,Sales,9,1,Life Sciences,3,Male,96,3,3,Sales Executive,3,Divorced,8189,21196,3,Yes,13,3,3,1,12,2,3,9,7,0,7,0.0,0.7777777777777778,0.2222222222222222,0.7777777777777778,0.25,Medium,1,🟠 Promotion-Stalled,0,0.8211288178640382,-0.9893382158345907
26,0,Travel_Rarely,1355,Human Resources,25,1,Life Sciences,3,Female,61,3,1,Human Resources,3,Married,2942,8916,1,No,23,4,4,1,8,3,3,8,7,5,7,0.625,0.875,0.375,0.875,0.125,High,1,🟠 Promotion-Stalled,0,1.687821855560354,-0.3489542513775412
36,0,Travel_Rarely,216,Research & Development,6,2,Medical,2,Male,84,3,2,Manufacturing Director,2,Divorced,4941,2819,6,No,20,4,4,2,7,0,3,3,2,0,1,0.0,0.6666666666666666,0.0,0.3333333333333333,0.2857142857142857,Medium,1,🟠 Promotion-Stalled,0,-0.39581945175827093,-1.6679097736951303
51,1,Travel_Frequently,1150,Research & Development,8,4,Life Sciences,1,Male,53,1,3,Manufacturing Director,4,Single,10650,25150,2,No,15,3,4,0,18,2,3,4,2,0,3,0.0,0.5,0.5,0.75,0.1666666666666666,Medium,1,🟠 Promotion-Stalled,0,-0.1300897042614778,-0.9015917312788317
39,0,Travel_Rarely,1329,Sales,4,4,Life Sciences,4,Female,47,2,2,Sales Executive,3,Married,5902,14590,4,No,14,3,3,1,17,1,4,15,11,5,9,0.3333333333333333,0.7333333333333333,0.0666666666666666,0.6,0.1176470588235294,Medium,1,🟠 Promotion-Stalled,0,2.064367882211882,-0.2852563168667743
25,0,Travel_Rarely,959,Sales,28,3,Life Sciences,1,Male,41,2,2,Sales Executive,3,Married,8639,24835,2,No,18,3,4,0,6,3,3,2,2,2,2,1.0,1.0,1.5,1.0,0.3333333333333333,High,1,🟠 Promotion-Stalled,0,0.7854107517032983,-0.0562546352525276
30,0,Travel_Rarely,1240,Human Resources,9,3,Human Resources,3,Male,48,3,2,Human Resources,4,Married,6347,13982,0,Yes,19,3,4,0,12,2,1,11,9,4,7,0.3636363636363636,0.8181818181818182,0.1818181818181818,0.6363636363636364,0.1666666666666666,Medium,1,🟠 Promotion-Stalled,0,1.62998340626734,-0.30141893076626447
32,1,Travel_Rarely,1033,Research & Development,9,3,Medical,1,Female,41,3,1,Laboratory Technician,1,Single,4200,10224,7,No,22,4,1,0,10,2,4,5,4,0,4,0.0,0.8,0.4,0.8,0.1,Medium,1,🟠 Promotion-Stalled,0,0.18428794325366277,-1.991054608772686
45,0,Travel_Rarely,1316,Research & Development,29,3,Medical,3,Male,83,3,1,Research Scientist,4,Single,3452,9752,5,No,13,3,2,0,9,2,2,6,5,0,3,0.0,0.8333333333333334,0.3333333333333333,0.5,0.1111111111111111,Medium,1,🟠 Promotion-Stalled,0,0.12226454792557587,-1.569964679183965
38,0,Travel_Rarely,364,Research & Development,3,5,Technical Degree,4,Female,32,3,2,Research Scientist,3,Single,4317,2302,3,Yes,20,4,2,0,19,2,3,3,2,2,2,0.6666666666666666,0.6666666666666666,0.6666666666666666,0.6666666666666666,0.1052631578947368,High,1,🟠 Promotion-Stalled,0,0.5475423999835352,-0.41533426539091844
30,0,Travel_Rarely,438,Research & Development,18,3,Life Sciences,1,Female,75,3,1,Research Scientist,3,Single,2632,23910,1,No,14,3,3,0,5,4,2,5,4,0,4,0.0,0.8,0.8,0.8,0.2,Medium,1,🟠 Promotion-Stalled,0,-0.23222693649753195,-1.135688016305409
32,0,Travel_Frequently,689,Sales,9,2,Medical,4,Male,35,1,2,Sales Executive,4,Divorced,4668,22812,0,No,17,3,4,3,9,2,4,8,7,0,7,0.0,0.875,0.25,0.875,0.2222222222222222,Medium,1,🟠 Promotion-Stalled,0,0.8245721467949965,-1.583923901385568
30,0,Travel_Rarely,201,Research & Development,5,3,Technical Degree,4,Female,84,3,1,Research Scientist,1,Divorced,3204,10415,5,No,14,3,4,1,8,3,3,3,2,2,2,0.6666666666666666,0.6666666666666666,1.0,0.6666666666666666,0.125,High,1,🟠 Promotion-Stalled,0,0.13958675186301903,-0.29950742467483055
30,0,Travel_Rarely,1427,Research & Development,2,1,Medical,2,Male,35,2,1,Laboratory Technician,4,Single,2720,11162,0,No,13,3,4,0,6,3,3,5,3,1,2,0.2,0.6,0.6,0.4,0.1666666666666666,Medium,1,🟠 Promotion-Stalled,0,-0.46952354328393925,-0.5898964328861173
41,0,Travel_Frequently,857,Research & Development,10,3,Life Sciences,4,Male,91,2,4,Manager,1,Divorced,17181,12888,4,No,13,3,2,1,21,2,2,7,6,7,7,1.0,0.8571428571428571,0.2857142857142857,1.0,0.1904761904761904,High,1,🟠 Promotion-Stalled,0,2.9076058733459123,1.0615339625179883
41,0,Travel_Rarely,933,Research & Development,9,4,Life Sciences,3,Male,94,3,1,Laboratory Technician,1,Married,2238,6961,2,No,21,4,4,1,7,2,3,5,0,1,4,0.2,0.0,0.4,0.8,0.1428571428571428,Low,1,🟠 Promotion-Stalled,0,-0.977725759088655,-1.0828677766055448
19,0,Travel_Rarely,1181,Research & Development,3,1,Medical,2,Female,79,3,1,Laboratory Technician,2,Single,1483,16102,1,No,14,3,4,0,1,3,3,1,0,0,0,0.0,0.0,3.0,0.0,1.0,Low,0,🚀 Fast-Track Performers,1,-4.382428726718128,1.0420569489711793
40,0,Travel_Frequently,1395,Research & Development,26,3,Medical,2,Female,54,3,2,Research Scientist,2,Divorced,5605,8504,1,No,11,3,1,1,20,2,3,20,7,2,13,0.1,0.35,0.1,0.65,0.1,Low,1,🟠 Promotion-Stalled,0,0.6077619344299992,-0.5333757302646128
35,0,Travel_Rarely,662,Sales,1,5,Marketing,3,Male,94,3,3,Sales Executive,2,Married,7295,11439,1,No,13,3,1,2,10,3,3,10,8,0,6,0.0,0.8,0.3,0.6,0.3,Medium,1,🟠 Promotion-Stalled,0,0.6093565739252305,-0.43417484432929954
53,0,Travel_Rarely,1436,Sales,6,2,Marketing,2,Male,34,3,2,Sales Representative,3,Married,2306,16047,2,Yes,20,4,4,1,13,3,1,7,7,4,5,0.5714285714285714,1.0,0.4285714285714285,0.7142857142857143,0.1538461538461538,Medium,1,🟠 Promotion-Stalled,0,1.6721693336483403,-0.07145349993633865
45,0,Travel_Rarely,194,Research & Development,9,3,Life Sciences,2,Male,60,3,2,Laboratory Technician,2,Divorced,2348,10901,8,No,18,3,3,1,20,2,1,17,9,0,15,0.0,0.5294117647058824,0.1176470588235294,0.8823529411764706,0.1,Medium,1,🟠 Promotion-Stalled,0,0.9120835837021298,-1.3520057260473985
32,0,Travel_Frequently,967,Sales,8,3,Marketing,2,Female,43,3,3,Sales Executive,4,Single,8998,15589,1,No,14,3,4,0,9,2,3,9,8,3,7,0.3333333333333333,0.8888888888888888,0.2222222222222222,0.7777777777777778,0.3333333333333333,Medium,1,🟠 Promotion-Stalled,0,1.561204439937821,-0.21571048364697806
29,0,Non-Travel,1496,Research & Development,1,1,Technical Degree,4,Male,41,3,2,Manufacturing Director,3,Married,4319,26283,1,No,13,3,1,1,10,1,3,10,7,0,9,0.0,0.7,0.1,0.9,0.2,Medium,1,🟠 Promotion-Stalled,0,0.8523886832276241,-1.7693985268303234
51,0,Travel_Rarely,1169,Research & Development,7,4,Medical,2,Male,34,2,2,Manufacturing Director,3,Married,6132,13983,2,No,17,3,3,0,10,2,3,1,0,0,0,0.0,0.0,2.0,0.0,0.2,Low,0,🚀 Fast-Track Performers,1,-2.53896478604707,0.3113024613059145
58,0,Travel_Rarely,1145,Research & Development,9,3,Medical,2,Female,75,2,1,Research Scientist,2,Married,3346,11873,4,Yes,20,4,2,1,9,3,2,1,0,0,0,0.0,0.0,3.0,0.0,0.1111111111111111,Low,0,🚀 Fast-Track Performers,1,-3.1173444746544465,0.44606647300875624
40,0,Travel_Rarely,630,Sales,4,4,Marketing,3,Male,67,2,3,Sales Executive,4,Married,10855,8552,7,No,11,3,1,1,15,2,2,12,11,2,11,0.1666666666666666,0.9166666666666666,0.1666666666666666,0.9166666666666666,0.2,Medium,1,🟠 Promotion-Stalled,0,2.0768759270590063,-0.6553533481491708
34,0,Travel_Frequently,303,Sales,2,4,Marketing,3,Female,75,3,1,Sales Representative,3,Married,2231,11314,6,No,18,3,4,1,6,3,3,4,3,1,2,0.25,0.75,0.75,0.5,0.1666666666666666,Medium,1,🟠 Promotion-Stalled,0,-0.25573913990549524,-0.7919314673365593
22,0,Travel_Rarely,1256,Research & Development,19,1,Medical,3,Male,80,3,1,Research Scientist,4,Married,2323,11992,1,No,24,4,1,2,2,6,3,2,2,2,2,1.0,1.0,3.0,1.0,0.5,High,1,🟠 Promotion-Stalled,0,-0.5517043227436953,0.9273944513936738
27,0,Non-Travel,691,Research & Development,9,3,Medical,4,Male,57,3,1,Research Scientist,2,Divorced,2024,5970,6,No,18,3,4,1,6,1,1,2,2,2,2,1.0,1.0,0.5,1.0,0.1666666666666666,High,1,🟠 Promotion-Stalled,0,1.392574451774584,-1.3816419745119402
28,0,Travel_Rarely,440,Research & Development,21,3,Medical,3,Male,42,3,1,Research Scientist,4,Married,2713,6672,1,No,11,3,3,1,5,2,1,5,2,0,2,0.0,0.4,0.4,0.4,0.2,Low,1,🟠 Promotion-Stalled,0,-0.9719350661701376,-1.1139074448545223
57,0,Travel_Rarely,334,Research & Development,24,2,Life Sciences,3,Male,83,4,3,Healthcare Representative,4,Divorced,9439,23402,3,Yes,16,3,2,1,12,2,1,5,3,1,4,0.2,0.6,0.4,0.8,0.25,Medium,1,🟠 Promotion-Stalled,0,0.34572326790674596,-0.6468754363011778
27,0,Non-Travel,1450,Research & Development,3,3,Medical,3,Male,79,2,1,Research Scientist,3,Divorced,2566,25326,1,Yes,15,3,4,1,1,2,2,1,1,0,1,0.0,1.0,2.0,1.0,1.0,Medium,1,🟠 Promotion-Stalled,0,-1.683184629378209,-1.4175163829080137
50,0,Travel_Rarely,1452,Research & Development,11,3,Life Sciences,3,Female,53,3,5,Manager,2,Single,19926,17053,3,No,15,3,2,0,21,5,3,5,4,4,4,0.8,0.8,1.0,0.8,0.238095238095238,High,1,🟠 Promotion-Stalled,0,1.4836282733183868,2.0293168761136573
41,0,Travel_Rarely,465,Research & Development,14,3,Life Sciences,1,Male,56,3,1,Research Scientist,3,Divorced,2451,4609,4,No,12,3,1,1,13,2,3,9,8,1,8,0.1111111111111111,0.8888888888888888,0.2222222222222222,0.8888888888888888,0.0769230769230769,Medium,1,🟠 Promotion-Stalled,0,1.2372016791210574,-1.7008981053806689
30,0,Travel_Rarely,1339,Sales,5,3,Life Sciences,2,Female,41,3,3,Sales Executive,4,Married,9419,8053,2,No,12,3,3,1,12,2,3,10,9,7,4,0.7,0.9,0.2,0.4,0.25,High,1,🟠 Promotion-Stalled,0,2.2375443980212353,1.1684236854650347
38,0,Travel_Rarely,702,Sales,1,4,Life Sciences,1,Female,59,2,2,Sales Executive,4,Single,8686,12930,4,No,22,4,3,0,12,2,4,8,3,0,7,0.0,0.375,0.25,0.875,0.1666666666666666,Low,1,🟠 Promotion-Stalled,0,-0.17661919734051246,-1.4001855691726695
32,0,Travel_Rarely,120,Research & Development,6,5,Life Sciences,3,Male,43,3,1,Research Scientist,3,Single,3038,12430,3,No,20,4,1,0,8,2,3,5,4,1,4,0.2,0.8,0.4,0.8,0.125,Medium,1,🟠 Promotion-Stalled,0,0.44242436502866905,-1.6070621141941113
27,0,Travel_Rarely,1157,Research & Development,17,3,Technical Degree,3,Male,51,3,1,Research Scientist,2,Married,3058,13364,0,Yes,16,3,4,1,6,3,2,5,2,1,1,0.2,0.4,0.6,0.2,0.1666666666666666,Low,1,🟠 Promotion-Stalled,0,-1.0308989223403093,-0.2788900935314232
19,1,Travel_Frequently,602,Sales,1,1,Technical Degree,3,Female,100,1,1,Sales Representative,1,Single,2325,20989,0,No,21,4,1,0,1,5,4,0,0,0,0,0.0,0.0,5.0,0.0,1.0,Low,0,🚀 Fast-Track Performers,1,-5.399901260204746,2.11416467059191
36,0,Travel_Frequently,1480,Research & Development,3,2,Medical,4,Male,30,3,1,Laboratory Technician,2,Single,2088,15062,4,No,12,3,3,0,13,3,2,8,7,7,2,0.875,0.875,0.375,0.25,0.0769230769230769,High,1,🟠 Promotion-Stalled,0,1.6618257284436413,0.9729981998715802
30,0,Non-Travel,111,Research & Development,9,3,Medical,3,Male,66,3,2,Laboratory Technician,1,Divorced,3072,11012,1,No,11,3,3,2,12,4,3,12,9,6,10,0.5,0.75,0.3333333333333333,0.8333333333333334,0.1666666666666666,Medium,1,🟠 Promotion-Stalled,0,1.919115770319218,0.7203133046769832
45,0,Travel_Rarely,1268,Sales,4,2,Life Sciences,3,Female,30,3,2,Sales Executive,1,Divorced,5006,6319,4,Yes,11,3,1,1,9,3,4,5,4,0,3,0.0,0.8,0.6,0.6,0.2222222222222222,Medium,1,🟠 Promotion-Stalled,0,-0.07440443647507329,-0.8712627734435019
56,0,Travel_Rarely,713,Research & Development,8,3,Life Sciences,3,Female,67,3,1,Research Scientist,1,Divorced,4257,13939,4,Yes,18,3,3,1,19,3,3,2,2,2,2,1.0,1.0,1.5,1.0,0.0526315789473684,High,1,🟠 Promotion-Stalled,0,0.9940582384542015,-0.5769965376420487
33,0,Travel_Rarely,134,Research & Development,2,3,Life Sciences,3,Male,90,3,1,Research Scientist,4,Single,2500,10515,0,No,14,3,1,0,4,2,4,3,1,0,2,0.0,0.3333333333333333,0.6666666666666666,0.6666666666666666,0.25,Low,1,🟠 Promotion-Stalled,0,-1.1105654239659302,-1.3099558949120425
19,1,Travel_Rarely,303,Research & Development,2,3,Life Sciences,2,Male,47,2,1,Laboratory Technician,4,Single,1102,9241,1,No,22,4,3,0,1,3,2,1,0,1,0,1.0,0.0,3.0,0.0,1.0,Medium,0,🚀 Fast-Track Performers,1,-3.4878459607264354,2.033073702983405
46,0,Travel_Rarely,526,Sales,1,2,Marketing,2,Female,92,3,3,Sales Executive,1,Divorced,10453,2137,1,No,25,4,3,3,24,2,3,24,13,15,7,0.625,0.5416666666666666,0.0833333333333333,0.2916666666666667,0.125,Medium,1,🟠 Promotion-Stalled,0,3.2157985424778137,2.697203697600456
38,0,Travel_Rarely,1380,Research & Development,9,2,Life Sciences,3,Female,75,3,1,Laboratory Technician,4,Single,2288,6319,1,No,12,3,3,0,2,3,3,2,2,2,1,1.0,1.0,1.5,0.5,0.5,High,1,🟠 Promotion-Stalled,0,-0.10916477503526037,0.2930144105986104
31,0,Travel_Rarely,140,Research & Development,12,1,Medical,3,Female,95,3,1,Research Scientist,4,Married,3929,6984,8,Yes,23,4,3,1,7,0,3,4,2,0,2,0.0,0.5,0.0,0.5,0.1428571428571428,Medium,1,🟠 Promotion-Stalled,0,-0.43512236754684674,-2.1807199210540724
34,0,Travel_Rarely,629,Research & Development,27,2,Medical,4,Female,95,3,1,Research Scientist,2,Single,2311,5711,2,No,15,3,4,0,9,3,3,3,2,1,2,0.3333333333333333,0.6666666666666666,1.0,0.6666666666666666,0.1111111111111111,Medium,1,🟠 Promotion-Stalled,0,-0.239265192323461,-0.7882353957754957
41,1,Travel_Rarely,1356,Sales,20,2,Marketing,2,Female,70,3,1,Sales Representative,2,Single,3140,21728,1,Yes,22,4,4,0,4,5,2,4,3,0,2,0.0,0.75,1.25,0.5,0.25,Medium,1,🟠 Promotion-Stalled,0,-1.0914387862713764,-0.4488451439568604
50,0,Travel_Rarely,328,Research & Development,1,3,Medical,3,Male,86,2,1,Laboratory Technician,3,Married,3690,3425,2,No,15,3,4,1,5,2,2,3,2,0,2,0.0,0.6666666666666666,0.6666666666666666,0.6666666666666666,0.2,Medium,1,🟠 Promotion-Stalled,0,-0.5468532964366214,-1.5938883072261005
53,0,Travel_Rarely,1084,Research & Development,13,2,Medical,4,Female,57,4,2,Manufacturing Director,1,Divorced,4450,26250,1,No,11,3,3,2,5,3,3,4,2,1,3,0.25,0.5,0.75,0.75,0.4,Medium,1,🟠 Promotion-Stalled,0,-0.508093131949166,-0.31338344564475296
33,0,Travel_Rarely,931,Research & Development,14,3,Medical,4,Female,72,3,1,Research Scientist,2,Married,2756,4673,1,No,13,3,4,1,8,5,3,8,7,1,6,0.125,0.875,0.625,0.75,0.125,Medium,1,🟠 Promotion-Stalled,0,0.4944748002097334,-0.546097059164021
40,0,Travel_Rarely,989,Research & Development,4,1,Medical,4,Female,46,3,5,Manager,3,Married,19033,6499,1,No,14,3,2,1,21,2,3,20,8,9,9,0.45,0.4,0.1,0.45,0.238095238095238,Medium,1,🟠 Promotion-Stalled,0,2.074675265413509,2.2409759114868097
55,0,Travel_Rarely,692,Research & Development,14,4,Medical,3,Male,61,4,5,Research Director,2,Single,18722,13339,8,No,11,3,4,0,36,3,3,24,15,2,15,0.0833333333333333,0.625,0.125,0.625,0.1388888888888889,Medium,1,🟠 Promotion-Stalled,0,2.3146407533187805,0.9247600900294756
34,0,Travel_Frequently,1069,Research & Development,2,1,Life Sciences,4,Male,45,2,2,Manufacturing Director,3,Married,9547,14074,1,No,17,3,3,0,10,2,2,10,9,1,9,0.1,0.9,0.2,0.9,0.2,Medium,1,🟠 Promotion-Stalled,0,1.3712945039244746,-1.332901298790577
51,0,Travel_Rarely,313,Research & Development,3,3,Medical,4,Female,98,3,4,Healthcare Representative,2,Single,13734,7192,3,No,18,3,3,0,21,6,3,7,7,1,0,0.1428571428571428,1.0,0.8571428571428571,0.0,0.1904761904761904,Medium,1,🟠 Promotion-Stalled,0,0.22698852307243636,1.5746830384559045
52,0,Travel_Rarely,699,Research & Development,1,4,Life Sciences,3,Male,65,2,5,Manager,3,Married,19999,5678,0,No,14,3,1,1,34,5,3,33,18,11,9,0.3333333333333333,0.5454545454545454,0.1515151515151515,0.2727272727272727,0.1470588235294117,Medium,1,🟠 Promotion-Stalled,0,3.285690482289853,3.7331539384923427
27,0,Travel_Rarely,894,Research & Development,9,3,Medical,4,Female,99,3,1,Research Scientist,2,Single,2279,11781,1,No,16,3,4,0,7,2,2,7,7,0,3,0.0,1.0,0.2857142857142857,0.4285714285714285,0.1428571428571428,Medium,1,🟠 Promotion-Stalled,0,0.4363107812569791,-1.589993286754626
35,1,Travel_Rarely,556,Research & Development,23,2,Life Sciences,2,Male,50,2,2,Manufacturing Director,3,Married,5916,15497,3,Yes,13,3,1,0,8,1,3,1,0,0,1,0.0,0.0,1.0,1.0,0.25,Low,1,🟠 Promotion-Stalled,0,-1.127524332041001,-1.2607920173502247
43,0,Non-Travel,1344,Research & Development,7,3,Medical,4,Male,37,4,1,Research Scientist,4,Divorced,2089,5228,4,No,14,3,4,3,7,3,4,5,4,2,2,0.4,0.8,0.6,0.4,0.1428571428571428,Medium,1,🟠 Promotion-Stalled,0,0.18708933564319055,-0.40068114026330903
45,0,Non-Travel,1195,Research & Development,2,2,Medical,1,Male,65,2,4,Manager,4,Married,16792,20462,9,No,23,4,4,1,22,1,3,20,8,11,8,0.55,0.4,0.05,0.4,0.1818181818181818,Medium,1,🟠 Promotion-Stalled,0,2.259064098049976,1.9091190619652905
37,0,Travel_Rarely,290,Research & Development,21,3,Life Sciences,2,Male,65,4,1,Research Scientist,1,Married,3564,22977,1,Yes,12,3,1,1,8,3,2,8,7,1,7,0.125,0.875,0.375,0.875,0.125,Medium,1,🟠 Promotion-Stalled,0,0.8850457797473206,-1.330351301006167
35,0,Travel_Frequently,138,Research & Development,2,3,Medical,2,Female,37,3,2,Laboratory Technician,2,Single,4425,15986,5,No,11,3,4,0,10,5,3,6,2,1,2,0.1666666666666666,0.3333333333333333,0.8333333333333334,0.3333333333333333,0.2,Low,1,🟠 Promotion-Stalled,0,-1.0717125994906833,0.6921858302884045
42,0,Non-Travel,926,Research & Development,21,2,Medical,3,Female,36,3,2,Manufacturing Director,3,Divorced,5265,16439,2,No,16,3,2,1,11,5,3,5,3,0,2,0.0,0.6,1.0,0.4,0.1818181818181818,Medium,1,🟠 Promotion-Stalled,0,-0.9128264625089132,0.09667661858524129
38,0,Travel_Rarely,1261,Research & Development,2,4,Life Sciences,4,Male,88,3,2,Manufacturing Director,3,Married,6553,7259,9,No,14,3,2,0,14,3,3,1,0,0,0,0.0,0.0,3.0,0.0,0.1428571428571428,Low,0,🚀 Fast-Track Performers,1,-2.9204625314134796,0.8883751696080129
38,0,Travel_Rarely,1084,Research & Development,29,3,Technical Degree,4,Male,54,3,2,Manufacturing Director,4,Married,6261,4185,3,No,18,3,1,1,9,3,1,7,7,1,7,0.1428571428571428,1.0,0.4285714285714285,1.0,0.2222222222222222,Medium,1,🟠 Promotion-Stalled,0,1.1613342324201772,-1.1944629866112502
27,0,Travel_Frequently,472,Research & Development,1,1,Technical Degree,3,Male,60,2,2,Manufacturing Director,1,Married,4298,9679,5,No,19,3,3,1,6,1,3,2,2,2,0,1.0,1.0,0.5,0.0,0.3333333333333333,High,1,🟠 Promotion-Stalled,0,0.3719069590114289,0.13142498445609577
49,0,Non-Travel,1002,Research & Development,18,4,Life Sciences,4,Male,92,3,2,Manufacturing Director,4,Divorced,6804,23793,1,Yes,15,3,1,2,7,0,3,7,7,1,7,0.1428571428571428,1.0,0.0,1.0,0.2857142857142857,Medium,1,🟠 Promotion-Stalled,0,1.5032634774914162,-2.1300627257647946
34,0,Travel_Frequently,878,Research & Development,10,4,Medical,4,Male,43,3,1,Research Scientist,3,Divorced,3815,5972,1,Yes,17,3,4,1,5,4,4,5,3,2,0,0.4,0.6,0.8,0.0,0.2,Medium,1,🟠 Promotion-Stalled,0,-0.8142578353620503,0.5104443897313229
40,0,Travel_Rarely,905,Research & Development,19,2,Medical,3,Male,99,3,2,Laboratory Technician,4,Married,2741,16523,8,Yes,15,3,3,1,15,2,4,7,2,3,7,0.4285714285714285,0.2857142857142857,0.2857142857142857,1.0,0.1333333333333333,Medium,1,🟠 Promotion-Stalled,0,0.5057146750253441,-0.5440451957850128
38,1,Travel_Rarely,1180,Research & Development,29,1,Medical,2,Male,70,3,2,Healthcare Representative,1,Married,6673,11354,7,Yes,19,3,2,0,17,2,3,1,0,0,0,0.0,0.0,2.0,0.0,0.1176470588235294,Low,0,🚀 Fast-Track Performers,1,-2.4313873521058107,0.23944755441387583
29,1,Travel_Rarely,121,Sales,27,3,Marketing,2,Female,35,3,3,Sales Executive,4,Married,7639,24525,1,No,22,4,4,3,10,3,2,10,4,1,9,0.1,0.4,0.3,0.9,0.3,Low,1,🟠 Promotion-Stalled,0,0.10257980828539645,-0.41464333713240314
22,0,Travel_Rarely,1136,Research & Development,5,3,Life Sciences,4,Male,60,4,1,Research Scientist,2,Divorced,2328,12392,1,Yes,16,3,1,1,4,2,2,4,2,2,2,0.5,0.5,0.5,0.5,0.25,Medium,1,🟠 Promotion-Stalled,0,-0.2629619169224074,-0.5201932484278727
36,0,Travel_Frequently,635,Research & Development,18,1,Medical,2,Female,73,3,1,Laboratory Technician,4,Single,2153,7703,1,No,13,3,1,0,8,2,3,8,1,1,7,0.125,0.125,0.25,0.875,0.125,Low,1,🟠 Promotion-Stalled,0,-0.5646007899266527,-1.2613848053906032
40,0,Non-Travel,1151,Research & Development,9,5,Life Sciences,4,Male,63,2,2,Healthcare Representative,4,Married,4876,14242,9,No,14,3,4,1,5,5,1,3,2,0,2,0.0,0.6666666666666666,1.6666666666666667,0.6666666666666666,0.4,Medium,1,🟠 Promotion-Stalled,0,-1.2768363504612077,0.0586355723093262
46,0,Travel_Rarely,644,Research & Development,1,4,Medical,4,Male,97,3,3,Healthcare Representative,1,Divorced,9396,12368,7,No,16,3,3,1,17,3,3,4,2,0,3,0.0,0.5,0.75,0.75,0.1764705882352941,Medium,1,🟠 Promotion-Stalled,0,-0.33291121243762,-0.5413140415451373
32,1,Travel_Rarely,1045,Sales,4,4,Medical,4,Male,32,1,3,Sales Executive,4,Married,10400,25812,1,No,11,3,3,0,14,2,2,14,8,9,8,0.6428571428571429,0.5714285714285714,0.1428571428571428,0.5714285714285714,0.2142857142857142,Medium,1,🟠 Promotion-Stalled,0,2.1771434470762197,1.468954047236375
30,0,Non-Travel,829,Research & Development,1,1,Life Sciences,3,Male,88,2,3,Manufacturing Director,3,Single,8474,20925,1,No,22,4,3,0,12,2,3,11,8,5,8,0.4545454545454545,0.7272727272727273,0.1818181818181818,0.7272727272727273,0.25,Medium,1,🟠 Promotion-Stalled,0,1.746216774739619,0.2560575398666969
27,0,Travel_Frequently,1242,Sales,20,3,Life Sciences,4,Female,90,3,2,Sales Executive,3,Single,9981,12916,1,No,14,3,4,0,7,2,3,7,7,0,7,0.0,1.0,0.2857142857142857,1.0,0.2857142857142857,Medium,1,🟠 Promotion-Stalled,0,0.9992610020012015,-1.7401619367154093
51,0,Travel_Rarely,1469,Research & Development,8,4,Life Sciences,2,Male,81,2,3,Research Director,2,Married,12490,15736,5,No,16,3,4,2,16,5,1,10,9,4,7,0.4,0.9,0.5,0.7,0.1875,Medium,1,🟠 Promotion-Stalled,0,1.6367642651833019,0.9735922655591426
30,1,Travel_Rarely,1005,Research & Development,3,3,Technical Degree,4,Female,88,3,1,Research Scientist,1,Single,2657,8556,5,Yes,11,3,3,0,8,5,3,5,2,0,4,0.0,0.4,1.0,0.8,0.125,Low,1,🟠 Promotion-Stalled,0,-0.957255787889819,-0.5310504042295
41,0,Travel_Rarely,896,Sales,6,3,Life Sciences,4,Female,75,3,3,Manager,4,Single,13591,14674,3,Yes,18,3,3,0,16,3,3,1,0,0,0,0.0,0.0,3.0,0.0,0.1875,Low,0,🚀 Fast-Track Performers,1,-2.8091927585425718,1.2231148726637964
30,1,Travel_Frequently,334,Sales,26,4,Marketing,3,Female,52,2,2,Sales Executive,1,Single,6696,22967,5,No,15,3,3,0,9,5,2,6,3,0,1,0.0,0.5,0.8333333333333334,0.1666666666666666,0.2222222222222222,Medium,1,🟠 Promotion-Stalled,0,-1.2376022523027692,0.4190140119435038
29,1,Travel_Rarely,992,Research & Development,1,3,Technical Degree,3,Male,85,3,1,Research Scientist,3,Single,2058,19757,0,No,14,3,4,0,7,1,2,6,2,1,5,0.1666666666666666,0.3333333333333333,0.1666666666666666,0.8333333333333334,0.1428571428571428,Low,1,🟠 Promotion-Stalled,0,-0.1328256526206403,-1.6367760042352544
45,0,Non-Travel,1052,Sales,6,3,Medical,4,Female,57,2,3,Sales Executive,4,Single,8865,16840,6,No,12,3,4,0,23,2,3,19,7,12,8,0.631578947368421,0.3684210526315789,0.1052631578947368,0.4210526315789473,0.1304347826086956,Medium,1,🟠 Promotion-Stalled,0,2.1476343109960134,2.1673158863461905
54,0,Travel_Rarely,1147,Sales,3,3,Marketing,4,Female,52,3,2,Sales Executive,1,Married,5940,17011,2,No,14,3,4,1,16,4,3,6,2,0,5,0.0,0.3333333333333333,0.6666666666666666,0.8333333333333334,0.125,Low,1,🟠 Promotion-Stalled,0,-0.6009254469040277,-0.5805833157902927
36,0,Travel_Rarely,1396,Research & Development,5,2,Life Sciences,4,Male,62,3,2,Laboratory Technician,2,Single,5914,9945,8,No,16,3,4,0,16,3,4,13,11,3,7,0.2307692307692307,0.8461538461538461,0.2307692307692307,0.5384615384615384,0.125,Medium,1,🟠 Promotion-Stalled,0,1.5646526728807844,-0.11282604182567454
33,0,Travel_Rarely,147,Research & Development,4,4,Medical,3,Female,47,2,1,Research Scientist,2,Married,2622,13248,6,No,21,4,4,0,7,3,3,3,2,1,1,0.3333333333333333,0.6666666666666666,1.0,0.3333333333333333,0.1428571428571428,Medium,1,🟠 Promotion-Stalled,0,-0.6501421445995228,-0.48140103327171957
37,0,Travel_Frequently,663,Research & Development,11,3,Other,2,Male,47,3,3,Research Director,4,Divorced,12185,10056,1,Yes,14,3,3,3,10,1,3,10,8,0,7,0.0,0.8,0.1,0.7,0.3,Medium,1,🟠 Promotion-Stalled,0,0.9420300057508445,-1.2006597642733958
38,0,Travel_Rarely,119,Sales,3,3,Life Sciences,1,Male,76,3,3,Sales Executive,3,Divorced,10609,9647,0,No,12,3,3,2,17,6,2,16,10,5,13,0.3125,0.625,0.375,0.8125,0.1764705882352941,Medium,1,🟠 Promotion-Stalled,0,1.6130380418364485,1.5005570604790088
31,0,Non-Travel,979,Research & Development,1,4,Medical,3,Male,90,1,2,Manufacturing Director,3,Married,4345,4381,0,No,12,3,4,1,6,2,3,5,4,1,4,0.2,0.8,0.4,0.8,0.3333333333333333,Medium,1,🟠 Promotion-Stalled,0,0.39337148332173894,-1.0370438855176682
59,0,Travel_Rarely,142,Research & Development,3,3,Life Sciences,3,Male,70,2,1,Research Scientist,4,Married,2177,8456,3,No,17,3,1,1,7,6,3,1,0,0,0,0.0,0.0,6.0,0.0,0.1428571428571428,Low,0,🚀 Fast-Track Performers,1,-4.600150085109243,2.2285824015320066
37,0,Travel_Frequently,319,Sales,4,4,Marketing,1,Male,41,3,1,Sales Representative,4,Divorced,2793,2539,4,No,17,3,3,1,13,2,3,9,8,5,8,0.5555555555555556,0.8888888888888888,0.2222222222222222,0.8888888888888888,0.0769230769230769,Medium,1,🟠 Promotion-Stalled,0,2.0337047948464364,-0.7015575408130499
29,0,Travel_Frequently,1413,Sales,1,1,Medical,2,Female,42,3,3,Sales Executive,4,Married,7918,6599,1,No,14,3,4,1,11,5,3,11,10,4,1,0.3636363636363636,0.9090909090909092,0.4545454545454545,0.0909090909090909,0.2727272727272727,Medium,1,🟠 Promotion-Stalled,0,1.052389942833142,1.6818538693389282
35,0,Travel_Frequently,944,Sales,1,3,Marketing,3,Female,92,3,3,Sales Executive,3,Single,8789,9096,1,No,14,3,1,0,10,3,4,10,7,0,8,0.0,0.7,0.3,0.8,0.3,Medium,1,🟠 Promotion-Stalled,0,0.563043538486025,-0.6123199565684821
29,1,Travel_Rarely,896,Research & Development,18,1,Medical,3,Male,86,2,1,Research Scientist,4,Single,2389,14961,1,Yes,13,3,3,0,4,3,2,4,3,0,1,0.0,0.75,0.75,0.25,0.25,Medium,1,🟠 Promotion-Stalled,0,-0.9111062498873811,-0.8092699878805915
52,0,Travel_Rarely,1323,Research & Development,2,3,Life Sciences,3,Female,89,2,1,Laboratory Technician,4,Single,3212,3300,7,No,15,3,2,0,6,3,2,2,2,2,2,1.0,1.0,1.5,1.0,0.1666666666666666,High,1,🟠 Promotion-Stalled,0,0.8466319062938512,-0.47484165658681954
42,0,Travel_Rarely,532,Research & Development,4,2,Technical Degree,3,Male,58,3,5,Manager,4,Married,19232,4933,1,No,11,3,4,0,22,3,3,22,17,11,15,0.5,0.7727272727272727,0.1363636363636363,0.6818181818181818,0.2272727272727272,Medium,1,🟠 Promotion-Stalled,0,4.026295116270234,2.708535137079882
59,0,Travel_Rarely,818,Human Resources,6,2,Medical,2,Male,52,3,1,Human Resources,3,Married,2267,25657,8,No,17,3,4,0,7,2,2,2,2,2,2,1.0,1.0,1.0,1.0,0.1428571428571428,High,1,🟠 Promotion-Stalled,0,1.1512271188816616,-0.9481148656004921
50,0,Travel_Rarely,854,Sales,1,4,Medical,4,Female,68,3,5,Manager,4,Divorced,19517,24118,3,No,11,3,3,1,32,3,2,7,0,0,6,0.0,0.0,0.4285714285714285,0.8571428571428571,0.15625,Low,1,🟠 Promotion-Stalled,0,-0.4348002542801549,0.3542565793446633
33,1,Travel_Rarely,813,Research & Development,14,3,Medical,3,Male,58,3,1,Laboratory Technician,4,Married,2436,22149,5,Yes,13,3,3,1,8,2,1,5,4,0,4,0.0,0.8,0.4,0.8,0.125,Medium,1,🟠 Promotion-Stalled,0,0.20759131708556092,-1.8725447152408283
43,0,Travel_Rarely,1034,Sales,16,3,Marketing,4,Female,80,3,4,Manager,4,Married,16064,7744,5,Yes,22,4,3,1,22,3,3,17,13,1,9,0.0588235294117647,0.7647058823529411,0.1764705882352941,0.5294117647058824,0.1818181818181818,Medium,1,🟠 Promotion-Stalled,0,1.639790145619137,0.21278048885961062
33,1,Travel_Rarely,465,Research & Development,2,2,Life Sciences,1,Female,39,3,1,Laboratory Technician,1,Married,2707,21509,7,No,20,4,1,0,13,3,4,9,7,1,7,0.1111111111111111,0.7777777777777778,0.3333333333333333,0.7777777777777778,0.0769230769230769,Medium,1,🟠 Promotion-Stalled,0,0.7035292177964367,-1.2900385631764613
52,0,Non-Travel,771,Sales,2,4,Life Sciences,1,Male,79,2,5,Manager,3,Single,19068,21030,1,Yes,18,3,4,0,33,2,4,33,7,15,12,0.4545454545454545,0.2121212121212121,0.0606060606060606,0.3636363636363636,0.1515151515151515,Medium,1,🟠 Promotion-Stalled,0,2.467094601896899,3.3215981127109697
32,0,Travel_Rarely,1401,Sales,4,2,Life Sciences,3,Female,56,3,1,Sales Representative,2,Married,3931,20990,2,No,11,3,1,1,6,5,3,4,3,1,2,0.25,0.75,1.25,0.5,0.1666666666666666,Medium,1,🟠 Promotion-Stalled,0,-0.5725843622590041,0.020693828271352965
32,1,Travel_Rarely,515,Research & Development,1,3,Life Sciences,4,Male,62,2,1,Laboratory Technician,3,Single,3730,9571,0,Yes,14,3,4,0,4,2,1,3,2,1,2,0.3333333333333333,0.6666666666666666,0.6666666666666666,0.6666666666666666,0.25,Medium,1,🟠 Promotion-Stalled,0,-0.2210206447661848,-1.0837565449038786
39,0,Travel_Rarely,1431,Research & Development,1,4,Medical,3,Female,96,3,1,Laboratory Technician,3,Divorced,2232,15417,7,No,14,3,3,3,7,1,3,3,2,1,2,0.3333333333333333,0.6666666666666666,0.3333333333333333,0.6666666666666666,0.1428571428571428,Medium,1,🟠 Promotion-Stalled,0,0.15178657653017474,-1.536627042604577
32,0,Non-Travel,976,Sales,26,4,Marketing,3,Male,100,3,2,Sales Executive,4,Married,4465,12069,0,No,18,3,1,0,4,2,3,3,2,2,2,0.6666666666666666,0.6666666666666666,0.6666666666666666,0.6666666666666666,0.5,High,1,🟠 Promotion-Stalled,0,-0.01868537483716296,-0.1583230564431957
41,0,Travel_Rarely,1411,Research & Development,19,2,Life Sciences,3,Male,36,3,2,Research Scientist,1,Divorced,3072,19877,2,No,16,3,1,2,17,2,2,1,0,0,0,0.0,0.0,2.0,0.0,0.1176470588235294,Low,0,🚀 Fast-Track Performers,1,-2.411384339478655,0.27401151582208455
40,0,Travel_Rarely,1300,Research & Development,24,2,Technical Degree,1,Male,62,3,2,Research Scientist,4,Divorced,3319,24447,1,No,17,3,1,2,9,3,3,9,8,4,7,0.4444444444444444,0.8888888888888888,0.3333333333333333,0.7777777777777778,0.2222222222222222,Medium,1,🟠 Promotion-Stalled,0,1.582781957343787,-0.07923289594603011
45,0,Travel_Rarely,252,Research & Development,1,3,Other,3,Male,70,4,5,Manager,4,Married,19202,15970,0,No,11,3,3,1,25,2,3,24,0,1,7,0.0416666666666666,0.0,0.0833333333333333,0.2916666666666667,0.2,Low,1,🟠 Promotion-Stalled,0,-0.6791914946385261,0.7936123838042507
31,0,Travel_Frequently,1327,Research & Development,3,4,Medical,2,Male,73,3,3,Research Director,3,Divorced,13675,13523,9,No,12,3,1,1,9,3,3,2,2,2,2,1.0,1.0,1.5,1.0,0.3333333333333333,High,1,🟠 Promotion-Stalled,0,1.028903061991336,0.3672375415915146
33,0,Travel_Rarely,832,Research & Development,5,4,Life Sciences,3,Female,63,2,1,Research Scientist,4,Married,2911,14776,1,No,13,3,3,1,2,2,2,2,2,0,2,0.0,1.0,1.0,1.0,0.5,Medium,1,🟠 Promotion-Stalled,0,-0.40929535673451917,-1.9353990302179758
34,0,Travel_Rarely,470,Research & Development,2,4,Life Sciences,4,Male,84,2,2,Manufacturing Director,1,Married,5957,23687,6,No,13,3,2,1,13,3,3,11,9,5,9,0.4545454545454545,0.8181818181818182,0.2727272727272727,0.8181818181818182,0.1538461538461538,Medium,1,🟠 Promotion-Stalled,0,1.9389629079185955,0.13228725902781246
37,0,Travel_Rarely,1017,Research & Development,1,2,Medical,3,Female,83,2,1,Research Scientist,1,Married,3920,18697,2,No,14,3,1,1,17,2,2,3,1,0,2,0.0,0.3333333333333333,0.6666666666666666,0.6666666666666666,0.0588235294117647,Low,1,🟠 Promotion-Stalled,0,-0.8298750518221707,-1.4232700837320473
45,0,Travel_Frequently,1199,Research & Development,7,4,Life Sciences,1,Male,77,4,2,Manufacturing Director,3,Married,6434,5118,4,No,17,3,4,1,9,1,3,3,2,0,2,0.0,0.6666666666666666,0.3333333333333333,0.6666666666666666,0.2222222222222222,Medium,1,🟠 Promotion-Stalled,0,-0.17383237757478762,-1.6387598738354807
37,1,Travel_Frequently,504,Research & Development,10,3,Medical,1,Male,61,3,3,Manufacturing Director,3,Divorced,10048,22573,6,No,11,3,2,2,17,5,3,1,0,0,0,0.0,0.0,5.0,0.0,0.1764705882352941,Low,0,🚀 Fast-Track Performers,1,-3.717124224453143,2.4499837238088604
39,0,Travel_Frequently,505,Research & Development,2,4,Technical Degree,3,Female,64,3,3,Healthcare Representative,3,Single,10938,6420,0,No,25,4,4,0,20,1,3,19,6,11,8,0.5789473684210527,0.3157894736842105,0.0526315789473684,0.4210526315789473,0.15,Medium,1,🟠 Promotion-Stalled,0,1.7944789077943644,1.5162094241394064
29,0,Travel_Rarely,665,Research & Development,15,3,Life Sciences,3,Male,60,3,1,Research Scientist,4,Single,2340,22673,1,No,19,3,1,0,6,1,3,6,5,1,5,0.1666666666666666,0.8333333333333334,0.1666666666666666,0.8333333333333334,0.1666666666666666,Medium,1,🟠 Promotion-Stalled,0,0.7267119791525727,-1.9904995671828964
42,0,Travel_Rarely,916,Research & Development,17,2,Life Sciences,4,Female,82,4,2,Research Scientist,1,Single,6545,23016,3,Yes,13,3,3,0,10,1,3,3,2,0,2,0.0,0.6666666666666666,0.3333333333333333,0.6666666666666666,0.2,Medium,1,🟠 Promotion-Stalled,0,-0.11453443713896368,-1.6058461557865193
29,0,Travel_Rarely,1247,Sales,20,2,Marketing,4,Male,45,3,2,Sales Executive,4,Divorced,6931,10732,2,No,14,3,4,1,10,2,3,3,2,0,2,0.0,0.6666666666666666,0.6666666666666666,0.6666666666666666,0.2,Medium,1,🟠 Promotion-Stalled,0,-0.33669934052717637,-1.2280027327290728
25,0,Travel_Rarely,685,Research & Development,1,3,Life Sciences,1,Female,62,3,2,Manufacturing Director,3,Married,4898,7505,0,No,12,3,4,2,5,3,3,4,2,1,2,0.25,0.5,0.75,0.5,0.4,Medium,1,🟠 Promotion-Stalled,0,-0.7579562228058943,-0.057045441940421375
42,0,Travel_Rarely,269,Research & Development,2,3,Medical,4,Female,56,2,1,Laboratory Technician,1,Divorced,2593,8007,0,Yes,11,3,3,1,10,4,3,9,6,7,8,0.7777777777777778,0.6666666666666666,0.4444444444444444,0.8888888888888888,0.1,High,1,🟠 Promotion-Stalled,0,1.7102609217344031,0.6776851627736711
40,0,Travel_Rarely,1416,Research & Development,2,2,Medical,1,Male,49,3,5,Research Director,3,Divorced,19436,5949,0,No,19,3,4,1,22,5,3,21,7,3,9,0.1428571428571428,0.3333333333333333,0.238095238095238,0.4285714285714285,0.2272727272727272,Low,1,🟠 Promotion-Stalled,0,0.5969001111587829,1.8918322383318373
51,0,Travel_Rarely,833,Research & Development,1,3,Life Sciences,3,Male,96,3,1,Research Scientist,4,Married,2723,23231,1,No,11,3,2,0,1,0,2,1,0,0,0,0.0,0.0,0.0,0.0,1.0,Low,0,🚀 Fast-Track Performers,1,-2.9062274580560925,-0.6525145369804393
31,1,Travel_Frequently,307,Research & Development,29,2,Medical,3,Male,71,2,1,Laboratory Technician,2,Single,3479,11652,0,No,11,3,2,0,6,2,4,5,4,1,4,0.2,0.8,0.4,0.8,0.1666666666666666,Medium,1,🟠 Promotion-Stalled,0,0.4412572961608549,-1.478673547790766
32,0,Travel_Frequently,1311,Research & Development,7,3,Life Sciences,2,Male,100,4,1,Laboratory Technician,2,Married,2794,26062,1,No,20,4,3,0,5,3,1,5,1,0,3,0.0,0.2,0.6,0.6,0.2,Low,1,🟠 Promotion-Stalled,0,-1.3457205937905377,-0.9486419512526569
38,0,Non-Travel,1327,Sales,2,2,Life Sciences,4,Male,39,2,2,Sales Executive,4,Married,5249,19682,3,No,18,3,4,1,13,0,3,8,7,7,5,0.875,0.875,0.0,0.625,0.1538461538461538,High,1,🟠 Promotion-Stalled,0,2.4706170114337134,-0.09072943072335599
32,0,Travel_Rarely,128,Research & Development,2,1,Technical Degree,4,Male,84,2,2,Laboratory Technician,1,Single,2176,19737,4,No,13,3,4,0,9,5,3,6,2,0,4,0.0,0.3333333333333333,0.8333333333333334,0.6666666666666666,0.2222222222222222,Low,1,🟠 Promotion-Stalled,0,-1.047153991068349,0.009747788007186838
46,0,Travel_Rarely,488,Sales,2,3,Technical Degree,3,Female,75,1,4,Manager,2,Married,16872,14977,3,Yes,12,3,2,1,28,2,2,7,7,7,7,1.0,1.0,0.2857142857142857,1.0,0.1428571428571428,High,1,🟠 Promotion-Stalled,0,3.266654079581724,0.961330046990487
28,1,Travel_Rarely,529,Research & Development,2,4,Life Sciences,1,Male,79,3,1,Laboratory Technician,3,Single,3485,14935,2,No,11,3,3,0,5,5,1,0,0,0,0,0.0,0.0,5.0,0.0,0.2,Low,0,🚀 Fast-Track Performers,1,-4.158643301861366,1.7552015774545349
29,0,Travel_Rarely,1210,Sales,2,3,Medical,1,Male,78,2,2,Sales Executive,2,Married,6644,3687,2,No,19,3,2,2,10,2,3,0,0,0,0,0.0,0.0,2.0,0.0,0.2,Low,0,🚀 Fast-Track Performers,1,-2.552300127798507,0.2882598203671087
31,0,Travel_Rarely,1463,Research & Development,23,3,Medical,2,Male,64,2,2,Healthcare Representative,4,Married,5582,14408,0,No,21,4,2,1,10,2,3,9,0,7,8,0.7777777777777778,0.0,0.2222222222222222,0.8888888888888888,0.2,Medium,1,🟠 Promotion-Stalled,0,0.4710210928399491,0.6637827095518292
25,0,Non-Travel,675,Research & Development,5,2,Life Sciences,2,Male,85,4,2,Healthcare Representative,1,Divorced,4000,18384,1,No,12,3,4,2,6,2,3,6,3,1,5,0.1666666666666666,0.5,0.3333333333333333,0.8333333333333334,0.3333333333333333,Medium,1,🟠 Promotion-Stalled,0,-0.034409993609912114,-0.9072684654146403
45,0,Travel_Rarely,1385,Research & Development,20,2,Medical,3,Male,79,3,4,Healthcare Representative,4,Married,13496,7501,0,Yes,14,3,2,0,21,2,3,20,7,4,10,0.2,0.35,0.1,0.5,0.1904761904761904,Low,1,🟠 Promotion-Stalled,0,1.0290816610971991,0.7709993783160126
36,0,Travel_Rarely,1403,Research & Development,6,3,Life Sciences,4,Male,47,3,1,Laboratory Technician,4,Married,3210,20251,0,No,11,3,3,1,16,4,3,15,13,10,11,0.6666666666666666,0.8666666666666667,0.2666666666666666,0.7333333333333333,0.0625,High,1,🟠 Promotion-Stalled,0,3.0144612136645397,1.2399411508184313
55,0,Travel_Rarely,452,Research & Development,1,3,Medical,4,Male,81,3,5,Manager,1,Single,19045,18938,0,Yes,14,3,3,0,37,2,3,36,10,4,13,0.1111111111111111,0.2777777777777778,0.0555555555555555,0.3611111111111111,0.1351351351351351,Low,1,🟠 Promotion-Stalled,0,1.4060892297901886,1.3152681062903402
47,1,Non-Travel,666,Research & Development,29,4,Life Sciences,1,Male,88,3,3,Manager,2,Married,11849,10268,1,Yes,12,3,4,1,10,2,2,10,7,9,9,0.9,0.7,0.2,0.9,0.3,High,1,🟠 Promotion-Stalled,0,2.5785296497027277,1.265668211176791
28,0,Travel_Rarely,1158,Research & Development,9,3,Medical,4,Male,94,3,1,Research Scientist,4,Married,2070,2613,1,No,23,4,4,1,5,3,2,5,2,0,4,0.0,0.4,0.6,0.8,0.2,Low,1,🟠 Promotion-Stalled,0,-0.8243512399884785,-1.3287762134237686
37,0,Travel_Rarely,228,Sales,6,4,Medical,3,Male,98,3,2,Sales Executive,4,Married,6502,22825,4,No,14,3,2,1,7,5,4,5,4,0,1,0.0,0.8,1.0,0.2,0.2857142857142857,Medium,1,🟠 Promotion-Stalled,0,-0.8997744457246553,0.2643052148198213
21,0,Travel_Rarely,996,Research & Development,3,2,Medical,4,Male,100,2,1,Research Scientist,3,Single,3230,10531,1,No,17,3,1,0,3,4,4,3,2,1,0,0.3333333333333333,0.6666666666666666,1.3333333333333333,0.0,0.3333333333333333,Medium,0,🚀 Fast-Track Performers,0,-1.4428914558662496,0.42409387622900757
37,0,Non-Travel,728,Research & Development,1,4,Medical,1,Female,80,3,3,Research Director,4,Divorced,13603,11677,2,Yes,18,3,1,2,15,2,3,5,2,0,2,0.0,0.4,0.4,0.4,0.2,Low,1,🟠 Promotion-Stalled,0,-0.6116361922327144,-0.4858281800850934
35,0,Travel_Rarely,1315,Research & Development,22,3,Life Sciences,2,Female,71,4,3,Manager,2,Divorced,11996,19100,7,No,18,3,2,1,10,6,2,7,7,6,2,0.8571428571428571,1.0,0.8571428571428571,0.2857142857142857,0.3,High,1,🟠 Promotion-Stalled,0,1.310161604597334,2.446535959678292
38,0,Travel_Rarely,322,Sales,7,2,Medical,1,Female,44,4,2,Sales Executive,1,Divorced,5605,19191,1,Yes,24,4,3,1,8,3,3,8,0,7,7,0.875,0.0,0.375,0.875,0.25,Medium,1,🟠 Promotion-Stalled,0,0.3026853960372277,1.1020237433430586
26,0,Travel_Frequently,1479,Research & Development,1,3,Life Sciences,3,Female,84,3,2,Manufacturing Director,2,Divorced,6397,26767,1,No,20,4,1,1,6,6,1,6,5,1,4,0.1666666666666666,0.8333333333333334,1.0,0.6666666666666666,0.3333333333333333,Medium,1,🟠 Promotion-Stalled,0,-0.22341254352910492,0.34275952184890407
50,0,Travel_Rarely,797,Research & Development,4,1,Life Sciences,1,Male,96,3,5,Research Director,2,Divorced,19144,15815,3,No,14,3,1,2,28,4,2,10,4,1,6,0.1,0.4,0.4,0.6,0.1785714285714285,Low,1,🟠 Promotion-Stalled,0,0.32831242798196886,0.9596236705254556
53,0,Travel_Rarely,1070,Research & Development,3,4,Medical,3,Male,45,3,4,Research Director,3,Married,17584,21016,3,Yes,16,3,4,3,21,5,2,5,3,1,3,0.2,0.6,1.0,0.6,0.1904761904761904,Medium,1,🟠 Promotion-Stalled,0,-0.042502730669079836,0.942381289749099
42,0,Travel_Rarely,635,Sales,1,1,Life Sciences,2,Male,99,3,2,Sales Executive,3,Married,4907,24532,1,No,25,4,3,0,20,3,3,20,16,11,6,0.55,0.8,0.15,0.3,0.1,Medium,1,🟠 Promotion-Stalled,0,3.0831843240551193,1.8089315032848314
29,0,Travel_Frequently,442,Sales,2,2,Life Sciences,2,Male,44,3,2,Sales Executive,4,Single,4554,20260,1,No,18,3,1,0,10,3,2,10,7,0,9,0.0,0.7,0.3,0.9,0.2,Medium,1,🟠 Promotion-Stalled,0,0.5769873941401027,-1.179185259372138
55,0,Travel_Rarely,147,Research & Development,20,2,Technical Degree,2,Male,37,3,2,Laboratory Technician,4,Married,5415,15972,3,Yes,19,3,4,1,12,4,3,10,7,0,8,0.0,0.7,0.4,0.8,0.1666666666666666,Medium,1,🟠 Promotion-Stalled,0,0.40095097331694074,-0.7794102610124225
26,0,Travel_Frequently,496,Research & Development,11,2,Medical,1,Male,60,3,2,Healthcare Representative,1,Married,4741,22722,1,Yes,13,3,3,1,5,3,3,5,3,3,3,0.6,0.6,0.6,0.6,0.4,Medium,1,🟠 Promotion-Stalled,0,0.14894636808489692,0.38074547066842107
37,0,Travel_Rarely,1372,Research & Development,1,3,Life Sciences,4,Female,42,3,1,Research Scientist,4,Single,2115,15881,1,No,12,3,2,0,17,3,3,17,12,5,7,0.2941176470588235,0.7058823529411765,0.1764705882352941,0.4117647058823529,0.0588235294117647,Medium,1,🟠 Promotion-Stalled,0,1.6299307190368686,0.19553611051137965
44,1,Travel_Frequently,920,Research & Development,24,3,Life Sciences,4,Male,43,3,1,Laboratory Technician,3,Divorced,3161,19920,3,Yes,22,4,4,1,19,0,1,1,0,0,0,0.0,0.0,0.0,0.0,0.0526315789473684,Low,0,🚀 Fast-Track Performers,1,-1.5886203579158715,-1.340773625365272
38,0,Travel_Rarely,688,Research & Development,23,4,Life Sciences,4,Male,82,3,2,Healthcare Representative,4,Divorced,5745,18899,9,No,14,3,2,1,10,2,3,2,2,1,2,0.5,1.0,1.0,1.0,0.2,Medium,1,🟠 Promotion-Stalled,0,0.7594044909380633,-1.1478445614759019
26,1,Travel_Rarely,1449,Research & Development,16,4,Medical,1,Male,45,3,1,Laboratory Technician,2,Divorced,2373,14180,2,Yes,13,3,4,1,5,2,3,3,2,0,2,0.0,0.6666666666666666,0.6666666666666666,0.6666666666666666,0.2,Medium,1,🟠 Promotion-Stalled,0,-0.5335179546851844,-1.5708456662872947
28,0,Travel_Rarely,1117,Research & Development,8,2,Life Sciences,4,Female,66,3,1,Research Scientist,4,Single,3310,4488,1,No,21,4,4,0,5,3,3,5,3,0,2,0.0,0.6,0.6,0.4,0.2,Medium,1,🟠 Promotion-Stalled,0,-0.8533125397622499,-1.0084414952309029
49,0,Travel_Frequently,636,Research & Development,10,4,Life Sciences,3,Female,35,3,5,Research Director,1,Single,18665,25594,9,Yes,11,3,4,0,22,4,3,3,2,1,2,0.3333333333333333,0.6666666666666666,1.3333333333333333,0.6666666666666666,0.2272727272727272,Medium,1,🟠 Promotion-Stalled,0,0.21530182847049598,1.1335230021164986
36,0,Travel_Rarely,506,Research & Development,3,3,Technical Degree,3,Male,30,3,2,Research Scientist,2,Single,4485,26285,4,No,12,3,4,0,10,2,3,8,0,7,7,0.875,0.0,0.25,0.875,0.2,Medium,1,🟠 Promotion-Stalled,0,0.587261573980669,0.87972062024909
31,0,Travel_Frequently,444,Sales,5,3,Marketing,4,Female,84,3,1,Sales Representative,2,Divorced,2789,3909,1,No,11,3,3,1,2,5,2,2,2,2,2,1.0,1.0,2.5,1.0,0.5,High,1,🟠 Promotion-Stalled,0,-0.18205182230541053,0.641053439237456
26,1,Travel_Rarely,950,Sales,4,4,Marketing,4,Male,48,2,2,Sales Executive,4,Single,5828,8450,1,Yes,12,3,2,0,8,0,3,8,7,7,4,0.875,0.875,0.0,0.5,0.25,High,1,🟠 Promotion-Stalled,0,2.247849695737641,0.16932049766928042
37,0,Travel_Frequently,889,Research & Development,9,3,Medical,2,Male,53,3,1,Research Scientist,4,Married,2326,11411,1,Yes,12,3,3,3,4,3,2,4,2,1,2,0.25,0.5,0.75,0.5,0.25,Medium,1,🟠 Promotion-Stalled,0,-0.7412085235422093,-0.5003177518114345
42,0,Travel_Frequently,555,Sales,26,3,Marketing,3,Female,77,3,4,Sales Executive,2,Married,13525,14864,5,No,14,3,4,1,23,2,4,20,4,4,8,0.2,0.2,0.1,0.4,0.1739130434782608,Low,1,🟠 Promotion-Stalled,0,0.42243833867646485,0.8858880352561734
18,1,Travel_Rarely,230,Research & Development,3,3,Life Sciences,3,Male,54,3,1,Laboratory Technician,3,Single,1420,25233,1,No,13,3,3,0,0,2,3,0,0,0,0,0.0,0.0,2.0,0.0,0.0,Low,0,🚀 Fast-Track Performers,1,-2.4221350751813744,-0.1155205853019498
35,0,Travel_Rarely,1232,Sales,16,3,Marketing,3,Male,96,3,3,Sales Executive,2,Married,8020,5100,0,No,15,3,3,2,12,3,2,11,9,6,9,0.5454545454545454,0.8181818181818182,0.2727272727272727,0.8181818181818182,0.25,Medium,1,🟠 Promotion-Stalled,0,2.1785698658244654,0.7662254953792141
36,0,Travel_Frequently,566,Research & Development,18,4,Life Sciences,3,Male,81,4,1,Laboratory Technician,4,Married,3688,7122,4,No,18,3,4,2,4,2,3,1,0,0,0,0.0,0.0,2.0,0.0,0.25,Low,0,🚀 Fast-Track Performers,1,-2.822530070055653,-0.02494709457665048
51,0,Travel_Rarely,1302,Research & Development,2,3,Medical,4,Male,84,1,2,Manufacturing Director,2,Divorced,5482,16321,5,No,18,3,4,1,13,3,3,4,1,1,2,0.25,0.25,0.75,0.5,0.1538461538461538,Low,1,🟠 Promotion-Stalled,0,-0.839675828195378,-0.0989813357383098
41,0,Travel_Rarely,334,Sales,2,4,Life Sciences,4,Male,88,3,4,Manager,2,Single,16015,15896,1,No,19,3,2,0,22,2,3,22,10,0,4,0.0,0.4545454545454545,0.0909090909090909,0.1818181818181818,0.1818181818181818,Medium,1,🟠 Promotion-Stalled,0,0.558895606179216,0.23533337884412614
18,0,Travel_Rarely,812,Sales,10,3,Medical,4,Female,69,2,1,Sales Representative,3,Single,1200,9724,1,No,12,3,1,0,0,2,3,0,0,0,0,0.0,0.0,2.0,0.0,0.0,Low,0,🚀 Fast-Track Performers,1,-2.4154674043056557,-0.10399926483254687
28,0,Travel_Rarely,1476,Research & Development,16,2,Medical,2,Male,68,4,2,Healthcare Representative,1,Single,5661,4824,0,No,19,3,3,0,9,2,3,8,3,0,7,0.0,0.375,0.25,0.875,0.2222222222222222,Low,1,🟠 Promotion-Stalled,0,-0.23818432704573148,-1.3326926981928355
31,0,Travel_Rarely,218,Sales,7,3,Technical Degree,2,Male,100,4,2,Sales Executive,4,Married,6929,12241,4,No,11,3,2,1,10,3,2,8,7,7,7,0.875,0.875,0.375,0.875,0.2,High,1,🟠 Promotion-Stalled,0,2.299263426676965,0.7421856636006415
39,0,Travel_Rarely,1132,Research & Development,1,3,Medical,3,Male,48,4,3,Healthcare Representative,4,Divorced,9613,10942,0,No,17,3,1,3,19,5,2,18,10,3,7,0.1666666666666666,0.5555555555555556,0.2777777777777778,0.3888888888888889,0.1578947368421052,Medium,1,🟠 Promotion-Stalled,0,0.8853074665277594,1.1626560534336323
36,0,Non-Travel,1105,Research & Development,24,4,Life Sciences,2,Female,47,3,2,Laboratory Technician,2,Married,5674,6927,7,No,15,3,3,1,11,3,3,9,8,0,8,0.0,0.8888888888888888,0.3333333333333333,0.8888888888888888,0.1818181818181818,Medium,1,🟠 Promotion-Stalled,0,0.933684967648782,-1.2561343083137904
32,0,Travel_Rarely,906,Sales,7,3,Life Sciences,4,Male,91,2,2,Sales Executive,3,Married,5484,16985,1,No,14,3,3,1,13,3,2,13,8,4,8,0.3076923076923077,0.6153846153846154,0.2307692307692307,0.6153846153846154,0.1538461538461538,Medium,1,🟠 Promotion-Stalled,0,1.1648043424756225,0.16273554856493336
38,0,Travel_Rarely,849,Research & Development,25,2,Life Sciences,1,Female,81,2,3,Research Director,2,Married,12061,26707,3,No,17,3,3,1,19,2,3,10,8,0,1,0.0,0.8,0.2,0.1,0.1578947368421052,Medium,1,🟠 Promotion-Stalled,0,0.4259692397807702,-0.35268009724525234
58,0,Non-Travel,390,Research & Development,1,4,Life Sciences,4,Male,32,1,2,Healthcare Representative,3,Divorced,5660,17056,2,Yes,13,3,4,1,12,2,3,5,3,1,2,0.2,0.6,0.4,0.4,0.1666666666666666,Medium,1,🟠 Promotion-Stalled,0,-0.1045204629708785,-0.5874941746000565
31,0,Travel_Rarely,691,Research & Development,5,4,Technical Degree,3,Male,86,3,1,Research Scientist,4,Married,4821,10077,0,Yes,12,3,3,1,6,4,3,5,2,0,3,0.0,0.4,0.8,0.6,0.1666666666666666,Low,1,🟠 Promotion-Stalled,0,-1.058139106220292,-0.6555495789227601
31,0,Travel_Rarely,106,Human Resources,2,3,Human Resources,1,Male,62,2,2,Human Resources,1,Married,6410,17822,3,No,12,3,4,0,9,1,3,2,2,1,0,0.5,1.0,0.5,0.0,0.2222222222222222,Medium,1,🟠 Promotion-Stalled,0,0.05030367488645583,-0.4763112382719638
45,0,Travel_Frequently,1249,Research & Development,7,3,Life Sciences,1,Male,97,3,3,Laboratory Technician,1,Divorced,5210,20308,1,No,18,3,1,1,24,2,3,24,9,9,11,0.375,0.375,0.0833333333333333,0.4583333333333333,0.125,Medium,1,🟠 Promotion-Stalled,0,1.8528926710683853,1.3932856314283657
31,0,Travel_Rarely,192,Research & Development,2,4,Life Sciences,3,Male,32,3,1,Research Scientist,4,Divorced,2695,7747,0,Yes,18,3,2,1,3,2,1,2,2,2,2,1.0,1.0,1.0,1.0,0.3333333333333333,High,1,🟠 Promotion-Stalled,0,0.8648972457235159,-0.846737067538608
33,0,Travel_Frequently,553,Research & Development,5,4,Life Sciences,4,Female,74,3,3,Manager,2,Married,11878,23364,6,No,11,3,2,2,12,2,3,10,6,8,8,0.8,0.6,0.2,0.8,0.25,Medium,1,🟠 Promotion-Stalled,0,2.128924209679285,1.1483610001172593
39,0,Travel_Rarely,117,Research & Development,10,1,Medical,3,Male,99,3,4,Manager,1,Married,17068,5355,1,Yes,14,3,4,0,21,3,3,21,9,11,10,0.5238095238095238,0.4285714285714285,0.1428571428571428,0.4761904761904761,0.1904761904761904,Medium,1,🟠 Promotion-Stalled,0,2.31373777695481,2.5420080182669453
43,0,Travel_Frequently,185,Research & Development,10,4,Life Sciences,3,Female,33,3,1,Laboratory Technician,4,Single,2455,10675,0,No,19,3,1,0,9,5,3,8,7,1,7,0.125,0.875,0.625,0.875,0.1111111111111111,Medium,1,🟠 Promotion-Stalled,0,0.5964585205290208,-0.757386871460212
49,0,Travel_Rarely,1091,Research & Development,1,2,Technical Degree,3,Female,90,2,4,Healthcare Representative,3,Single,13964,17810,7,Yes,12,3,4,0,25,2,3,7,1,0,7,0.0,0.1428571428571428,0.2857142857142857,1.0,0.16,Low,1,🟠 Promotion-Stalled,0,-0.09064394141042093,-0.581901467767509
52,1,Travel_Rarely,723,Research & Development,8,4,Medical,3,Male,85,2,2,Research Scientist,2,Married,4941,17747,2,No,15,3,1,0,11,3,2,8,2,7,7,0.875,0.25,0.375,0.875,0.1818181818181818,Medium,1,🟠 Promotion-Stalled,0,0.9875113564621635,1.02816595284583
27,0,Travel_Rarely,1220,Research & Development,5,3,Life Sciences,3,Female,85,3,1,Research Scientist,2,Single,2478,20938,1,Yes,12,3,2,0,4,2,2,4,3,1,2,0.25,0.75,0.5,0.5,0.25,Medium,1,🟠 Promotion-Stalled,0,-0.1563258689079768,-1.0393982063237495
32,0,Travel_Rarely,588,Sales,8,2,Technical Degree,3,Female,65,2,2,Sales Executive,2,Married,5228,24624,1,Yes,11,3,4,0,13,2,3,13,12,11,9,0.8461538461538461,0.9230769230769232,0.1538461538461538,0.6923076923076923,0.1538461538461538,High,1,🟠 Promotion-Stalled,0,3.457047471043602,1.3131479954283722
27,0,Travel_Rarely,1377,Sales,2,3,Life Sciences,4,Male,74,3,2,Sales Executive,3,Single,4478,5242,1,Yes,11,3,1,0,5,3,3,5,4,0,4,0.0,0.8,0.6,0.8,0.4,Medium,1,🟠 Promotion-Stalled,0,-0.1408661559538642,-0.9801777221532881
31,0,Travel_Rarely,691,Sales,7,3,Marketing,4,Male,73,3,2,Sales Executive,4,Divorced,7547,7143,4,No,12,3,4,3,13,3,3,7,7,1,7,0.1428571428571428,1.0,0.4285714285714285,1.0,0.1538461538461538,Medium,1,🟠 Promotion-Stalled,0,1.30173181746818,-1.1658629524983717
32,0,Travel_Rarely,1018,Research & Development,2,4,Medical,1,Female,74,4,2,Research Scientist,4,Single,5055,10557,7,No,16,3,3,0,10,0,2,7,7,0,7,0.0,1.0,0.0,1.0,0.2,Medium,1,🟠 Promotion-Stalled,0,1.388538295635674,-2.4858736743747487
28,1,Travel_Rarely,1157,Research & Development,2,4,Medical,1,Male,84,1,1,Research Scientist,4,Married,3464,24737,5,Yes,13,3,4,0,5,4,2,3,2,2,2,0.6666666666666666,0.6666666666666666,1.3333333333333333,0.6666666666666666,0.2,High,1,🟠 Promotion-Stalled,0,-0.17935980192246243,0.1458326672431159
30,0,Travel_Rarely,1275,Research & Development,28,2,Medical,4,Female,64,3,2,Research Scientist,4,Married,5775,11934,1,No,13,3,4,2,11,2,3,10,8,1,9,0.1,0.8,0.2,0.9,0.1818181818181818,Medium,1,🟠 Promotion-Stalled,0,1.1904585152787404,-1.2499290833853807
31,0,Travel_Frequently,798,Research & Development,7,2,Life Sciences,3,Female,48,2,3,Manufacturing Director,3,Married,8943,14034,1,No,24,4,1,1,10,2,3,10,9,8,9,0.8,0.9,0.2,0.9,0.3,High,1,🟠 Promotion-Stalled,0,2.7687164298330953,0.7780851202523674
39,0,Travel_Frequently,672,Research & Development,7,2,Medical,3,Male,54,2,5,Manager,4,Married,19272,21141,1,No,15,3,1,1,21,2,3,21,9,13,3,0.6190476190476191,0.4285714285714285,0.0952380952380952,0.1428571428571428,0.238095238095238,Medium,1,🟠 Promotion-Stalled,0,2.52534534470789,3.372486149916362
39,1,Travel_Rarely,1162,Sales,3,2,Medical,4,Female,41,3,2,Sales Executive,3,Married,5238,17778,4,Yes,18,3,1,0,12,3,2,1,0,0,0,0.0,0.0,3.0,0.0,0.1666666666666666,Low,0,🚀 Fast-Track Performers,1,-2.9820909902016575,0.856402277546812
33,0,Travel_Frequently,508,Sales,10,3,Marketing,2,Male,46,2,2,Sales Executive,4,Single,4682,4317,3,No,14,3,3,0,9,6,2,7,7,0,1,0.0,1.0,0.8571428571428571,0.1428571428571428,0.2222222222222222,Medium,1,🟠 Promotion-Stalled,0,-0.2948604211286098,0.4843088362755894
47,0,Travel_Rarely,1482,Research & Development,5,5,Life Sciences,4,Male,42,3,5,Research Director,3,Married,18300,16375,4,No,11,3,2,1,21,2,3,3,2,1,1,0.3333333333333333,0.6666666666666666,0.6666666666666666,0.3333333333333333,0.238095238095238,Medium,1,🟠 Promotion-Stalled,0,0.3061458356638487,0.7183540032716026
43,0,Travel_Frequently,559,Research & Development,10,4,Life Sciences,3,Female,82,2,2,Laboratory Technician,3,Divorced,5257,6227,1,No,11,3,2,1,9,3,4,9,7,0,0,0.0,0.7777777777777778,0.3333333333333333,0.0,0.2222222222222222,Medium,1,🟠 Promotion-Stalled,0,-0.21037586465021052,-0.17675733350623027
27,0,Non-Travel,210,Sales,1,1,Marketing,3,Male,73,3,2,Sales Executive,2,Married,6349,22107,0,Yes,13,3,4,1,6,0,3,5,4,1,4,0.2,0.8,0.0,0.8,0.3333333333333333,Medium,1,🟠 Promotion-Stalled,0,0.709737403004689,-1.7524891974701988
54,0,Travel_Frequently,928,Research & Development,20,4,Life Sciences,4,Female,31,3,2,Research Scientist,3,Single,4869,16885,3,No,12,3,4,0,20,4,2,4,3,0,3,0.0,0.75,1.0,0.75,0.1,Medium,1,🟠 Promotion-Stalled,0,-0.17608692896027459,-0.7020230914133754
43,0,Travel_Rarely,1001,Research & Development,7,3,Life Sciences,3,Female,43,3,3,Healthcare Representative,1,Married,9985,9262,8,No,16,3,1,1,10,1,2,1,0,0,0,0.0,0.0,1.0,0.0,0.3,Low,0,🚀 Fast-Track Performers,1,-1.9902340676576058,0.16008159057859175
45,0,Travel_Rarely,549,Research & Development,8,4,Other,4,Male,75,3,2,Research Scientist,4,Married,3697,9278,9,No,14,3,1,2,12,3,3,10,9,9,8,0.9,0.9,0.3,0.8,0.1666666666666666,High,1,🟠 Promotion-Stalled,0,2.8075653302649846,1.144958262672138
40,0,Travel_Rarely,1124,Sales,1,2,Medical,2,Male,57,1,2,Sales Executive,4,Married,7457,13273,2,Yes,22,4,3,3,6,2,2,4,3,0,2,0.0,0.75,0.5,0.5,0.3333333333333333,Medium,1,🟠 Promotion-Stalled,0,-0.46502633701090423,-1.1430516040549354
29,1,Travel_Rarely,318,Research & Development,8,4,Other,2,Male,77,1,1,Laboratory Technician,1,Married,2119,4759,1,Yes,11,3,4,0,7,4,2,7,7,0,7,0.0,1.0,0.5714285714285714,1.0,0.1428571428571428,Medium,1,🟠 Promotion-Stalled,0,0.7487597369476339,-1.4727720748518354
29,0,Travel_Rarely,738,Research & Development,9,5,Other,2,Male,30,2,1,Laboratory Technician,4,Single,3983,7621,0,No,17,3,3,0,4,2,3,3,2,2,2,0.6666666666666666,0.6666666666666666,0.6666666666666666,0.6666666666666666,0.25,High,1,🟠 Promotion-Stalled,0,0.15155265150051478,-0.6493460830737314
30,0,Travel_Rarely,570,Sales,5,3,Marketing,4,Female,30,2,2,Sales Executive,3,Divorced,6118,5431,1,No,13,3,3,3,10,2,3,10,9,1,2,0.1,0.9,0.2,0.2,0.2,Medium,1,🟠 Promotion-Stalled,0,0.7170180114805216,-0.5368099092265087
27,0,Travel_Rarely,1130,Sales,8,4,Marketing,2,Female,56,3,2,Sales Executive,2,Married,6214,3415,1,No,18,3,1,1,8,3,3,8,7,0,7,0.0,0.875,0.375,0.875,0.25,Medium,1,🟠 Promotion-Stalled,0,0.6459676054174088,-1.248057816956817
37,0,Travel_Rarely,1192,Research & Development,5,2,Medical,4,Male,61,3,2,Manufacturing Director,4,Divorced,6347,23177,7,No,16,3,3,2,8,2,2,6,2,0,4,0.0,0.3333333333333333,0.3333333333333333,0.6666666666666666,0.25,Low,1,🟠 Promotion-Stalled,0,-0.6638760169485588,-1.036185645000937
38,0,Travel_Rarely,343,Research & Development,15,2,Life Sciences,3,Male,92,2,3,Research Director,4,Divorced,11510,15682,0,Yes,14,3,2,1,12,3,3,11,10,2,9,0.1818181818181818,0.9090909090909092,0.2727272727272727,0.8181818181818182,0.25,Medium,1,🟠 Promotion-Stalled,0,1.6466749885604473,-0.24481222773581515
31,0,Travel_Rarely,1232,Research & Development,7,4,Medical,3,Female,39,3,3,Manufacturing Director,4,Single,7143,25713,1,Yes,14,3,3,0,11,2,2,11,9,4,10,0.3636363636363636,0.8181818181818182,0.1818181818181818,0.9090909090909092,0.2727272727272727,Medium,1,🟠 Promotion-Stalled,0,1.976391141206227,-0.11879396430805086
29,0,Travel_Rarely,144,Sales,10,1,Marketing,4,Female,39,2,2,Sales Executive,2,Divorced,8268,11866,1,Yes,14,3,1,2,7,2,3,7,7,1,7,0.1428571428571428,1.0,0.2857142857142857,1.0,0.2857142857142857,Medium,1,🟠 Promotion-Stalled,0,1.2331665040083175,-1.446676911913937
35,0,Travel_Rarely,1296,Research & Development,5,4,Technical Degree,3,Male,62,3,3,Manufacturing Director,2,Single,8095,18264,0,No,13,3,4,0,17,5,3,16,6,0,13,0.0,0.375,0.3125,0.8125,0.1764705882352941,Low,1,🟠 Promotion-Stalled,0,0.10950325623549355,0.14361906323682666
23,0,Travel_Rarely,1309,Research & Development,26,1,Life Sciences,3,Male,83,3,1,Research Scientist,4,Divorced,2904,16092,1,No,12,3,3,2,4,2,2,4,2,0,2,0.0,0.5,0.5,0.5,0.25,Medium,1,🟠 Promotion-Stalled,0,-0.8826068951813469,-1.2585035893946999
41,0,Travel_Rarely,483,Research & Development,6,3,Medical,4,Male,95,2,2,Manufacturing Director,2,Single,6032,10110,6,Yes,15,3,4,0,8,3,3,5,4,1,2,0.2,0.8,0.6,0.4,0.25,Medium,1,🟠 Promotion-Stalled,0,-0.05490878305580466,-0.34046429686377583
47,0,Travel_Frequently,1309,Sales,4,1,Medical,2,Male,99,3,2,Sales Representative,3,Single,2976,25751,3,No,19,3,1,0,5,3,3,0,0,0,0,0.0,0.0,3.0,0.0,0.4,Low,0,🚀 Fast-Track Performers,1,-3.331344858873349,0.9831823772782357
42,0,Travel_Rarely,810,Research & Development,23,5,Life Sciences,1,Female,44,3,4,Research Director,4,Single,15992,15901,2,No,14,3,2,0,16,2,3,1,0,0,0,0.0,0.0,2.0,0.0,0.25,Low,0,🚀 Fast-Track Performers,1,-2.185400531451599,1.0842309493838351
29,0,Non-Travel,746,Sales,2,3,Life Sciences,4,Male,61,3,2,Sales Executive,3,Married,4649,16928,1,No,14,3,1,1,4,3,2,4,3,0,2,0.0,0.75,0.75,0.5,0.5,Medium,1,🟠 Promotion-Stalled,0,-0.8381488562440491,-0.5861062854237902
42,0,Travel_Rarely,544,Human Resources,2,1,Technical Degree,3,Male,52,3,1,Human Resources,3,Divorced,2696,24017,0,Yes,11,3,3,1,4,5,3,3,2,1,0,0.3333333333333333,0.6666666666666666,1.6666666666666667,0.0,0.25,Medium,0,🚀 Fast-Track Performers,0,-1.496030449625871,0.8331931782148364
32,0,Travel_Rarely,1062,Research & Development,2,3,Medical,3,Female,75,3,1,Laboratory Technician,2,Married,2370,3956,1,No,13,3,3,1,8,4,3,8,0,0,7,0.0,0.0,0.5,0.875,0.125,Low,1,🟠 Promotion-Stalled,0,-1.3082917854818232,-0.8080033378310514
48,0,Travel_Rarely,530,Sales,29,1,Medical,1,Female,91,3,3,Manager,3,Married,12504,23978,3,No,21,4,2,1,15,3,1,0,0,0,0,0.0,0.0,3.0,0.0,0.2,Low,0,🚀 Fast-Track Performers,1,-2.8475486031945114,1.1959599159092034
37,0,Travel_Rarely,1319,Research & Development,6,3,Medical,3,Male,51,4,2,Research Scientist,1,Divorced,5974,17001,4,Yes,13,3,1,2,13,2,3,7,7,6,7,0.8571428571428571,1.0,0.2857142857142857,1.0,0.1538461538461538,High,1,🟠 Promotion-Stalled,0,2.6029739788074506,-0.045891395651140365
30,0,Non-Travel,641,Sales,25,2,Technical Degree,4,Female,85,3,2,Sales Executive,3,Married,4736,6069,7,Yes,12,3,2,1,4,2,4,2,2,2,2,1.0,1.0,1.0,1.0,0.5,High,1,🟠 Promotion-Stalled,0,0.8636851290144294,-0.32445816197968985
26,0,Travel_Rarely,933,Sales,1,3,Life Sciences,3,Male,57,3,2,Sales Executive,3,Married,5296,20156,1,No,17,3,2,1,8,3,3,8,7,7,7,0.875,0.875,0.375,0.875,0.25,High,1,🟠 Promotion-Stalled,0,2.1858460733235168,0.7026937593986868
42,0,Travel_Rarely,1332,Research & Development,2,4,Other,1,Male,98,2,2,Healthcare Representative,4,Single,6781,17078,3,No,23,4,2,0,14,6,3,1,0,0,0,0.0,0.0,6.0,0.0,0.1428571428571428,Low,0,🚀 Fast-Track Performers,1,-4.436669825329828,2.5138187327432138
21,1,Travel_Frequently,756,Sales,1,1,Technical Degree,1,Female,99,2,1,Sales Representative,2,Single,2174,9150,1,Yes,11,3,3,0,3,3,3,3,2,1,2,0.3333333333333333,0.6666666666666666,1.0,0.6666666666666666,0.3333333333333333,Medium,1,🟠 Promotion-Stalled,0,-0.5388670781500852,-0.6104344756113826
36,0,Non-Travel,845,Sales,1,5,Medical,4,Female,45,3,2,Sales Executive,4,Single,6653,15276,4,No,15,3,2,0,7,6,3,1,0,0,0,0.0,0.0,6.0,0.0,0.2857142857142857,Low,0,🚀 Fast-Track Performers,1,-4.5930751100359,2.6906636353969025
36,0,Travel_Frequently,541,Sales,3,4,Medical,1,Male,48,2,3,Sales Executive,4,Married,9699,7246,4,No,11,3,1,1,16,2,3,13,9,1,12,0.0769230769230769,0.6923076923076923,0.1538461538461538,0.9230769230769232,0.1875,Medium,1,🟠 Promotion-Stalled,0,1.4211591111207413,-0.802081331408093
57,0,Travel_Rarely,593,Research & Development,1,4,Medical,4,Male,88,3,2,Healthcare Representative,3,Married,6755,2967,2,No,11,3,3,0,15,2,3,3,2,1,2,0.3333333333333333,0.6666666666666666,0.6666666666666666,0.6666666666666666,0.1333333333333333,Medium,1,🟠 Promotion-Stalled,0,0.1737617517926839,-0.7639790395684584
40,0,Travel_Rarely,1171,Research & Development,10,4,Life Sciences,4,Female,46,4,1,Laboratory Technician,3,Married,2213,22495,3,Yes,13,3,3,1,10,3,3,7,7,1,7,0.1428571428571428,1.0,0.4285714285714285,1.0,0.1,Medium,1,🟠 Promotion-Stalled,0,1.1706362148962675,-1.563664239349436
21,0,Non-Travel,895,Sales,9,2,Medical,1,Male,39,3,1,Sales Representative,4,Single,2610,2851,1,No,24,4,3,0,3,3,2,3,2,2,2,0.6666666666666666,0.6666666666666666,1.0,0.6666666666666666,0.3333333333333333,High,1,🟠 Promotion-Stalled,0,-0.23297049064057102,-0.29123721847526474
33,1,Travel_Rarely,350,Sales,5,3,Marketing,4,Female,34,3,1,Sales Representative,3,Single,2851,9150,1,Yes,13,3,2,0,1,2,3,1,0,0,0,0.0,0.0,2.0,0.0,1.0,Low,0,🚀 Fast-Track Performers,1,-3.890361637164117,0.4771997869873064
37,0,Travel_Rarely,921,Research & Development,10,3,Medical,3,Female,98,3,1,Laboratory Technician,1,Married,3452,17663,6,No,20,4,2,1,17,3,3,5,4,0,3,0.0,0.8,0.6,0.6,0.0588235294117647,Medium,1,🟠 Promotion-Stalled,0,-0.09799345841269404,-1.426168645729945
46,0,Non-Travel,1144,Research & Development,7,4,Medical,3,Female,30,3,2,Manufacturing Director,3,Married,5258,16044,2,No,14,3,3,0,7,2,4,1,0,0,0,0.0,0.0,2.0,0.0,0.2857142857142857,Low,0,🚀 Fast-Track Performers,1,-2.6448097644470066,0.3966710260532023
41,1,Travel_Frequently,143,Sales,4,3,Marketing,1,Male,56,3,2,Sales Executive,2,Single,9355,9558,1,No,18,3,3,0,8,5,3,8,7,7,7,0.875,0.875,0.625,0.875,0.25,High,1,🟠 Promotion-Stalled,0,1.9168728037764347,1.3530183391539656
50,0,Travel_Rarely,1046,Research & Development,10,3,Technical Degree,4,Male,100,2,3,Healthcare Representative,4,Single,10496,2755,6,No,15,3,4,0,20,2,3,4,3,1,3,0.25,0.75,0.5,0.75,0.15,Medium,1,🟠 Promotion-Stalled,0,0.6206617647116043,-0.6923650210793691
40,1,Travel_Rarely,575,Sales,22,2,Marketing,3,Male,68,2,2,Sales Executive,3,Married,6380,6110,2,Yes,12,3,1,2,8,6,3,6,4,1,0,0.1666666666666666,0.6666666666666666,1.0,0.0,0.25,Medium,1,🟠 Promotion-Stalled,0,-1.0055180034531903,1.203238035848994
31,0,Travel_Rarely,408,Research & Development,9,4,Life Sciences,3,Male,42,2,1,Research Scientist,2,Single,2657,7551,0,Yes,16,3,4,0,3,5,3,2,2,2,2,1.0,1.0,2.5,1.0,0.3333333333333333,High,1,🟠 Promotion-Stalled,0,0.029314250313120686,0.4846601081755653
21,1,Travel_Rarely,156,Sales,12,3,Life Sciences,3,Female,90,4,1,Sales Representative,2,Single,2716,25422,1,No,15,3,4,0,1,0,3,1,0,0,0,0.0,0.0,0.0,0.0,1.0,Low,0,🚀 Fast-Track Performers,1,-2.9328981415589666,-0.698599818858051
29,0,Travel_Rarely,1283,Research & Development,23,3,Life Sciences,4,Male,54,3,1,Research Scientist,4,Single,2201,18168,9,No,16,3,4,0,6,4,3,3,2,1,2,0.3333333333333333,0.6666666666666666,1.3333333333333333,0.6666666666666666,0.1666666666666666,Medium,1,🟠 Promotion-Stalled,0,-0.5429982380440483,-0.3774630631464242
35,0,Travel_Rarely,755,Research & Development,9,4,Life Sciences,3,Male,97,2,2,Healthcare Representative,2,Single,6540,19394,9,No,19,3,3,0,10,5,3,1,1,0,0,0.0,1.0,5.0,0.0,0.2,Medium,0,🚀 Fast-Track Performers,1,-2.7607677142200817,1.2171590354653599
27,0,Travel_Rarely,1469,Research & Development,1,2,Medical,4,Male,82,3,1,Laboratory Technician,2,Divorced,3816,17881,1,No,11,3,2,1,5,2,3,5,2,0,4,0.0,0.4,0.4,0.8,0.2,Low,1,🟠 Promotion-Stalled,0,-0.5828223942005218,-1.5424823635324973
28,0,Travel_Rarely,304,Sales,9,4,Life Sciences,2,Male,92,3,2,Sales Executive,4,Single,5253,20750,1,No,16,3,4,0,7,1,3,7,5,0,7,0.0,0.7142857142857143,0.1428571428571428,1.0,0.2857142857142857,Medium,1,🟠 Promotion-Stalled,0,0.5593780128502017,-1.9321359116167778
49,0,Travel_Rarely,1261,Research & Development,7,3,Other,2,Male,31,2,3,Healthcare Representative,3,Single,10965,12066,8,No,24,4,3,0,26,2,3,5,2,0,0,0.0,0.4,0.4,0.0,0.1153846153846153,Low,1,🟠 Promotion-Stalled,0,-0.9165203342119473,-0.1765344464941651
51,0,Travel_Rarely,1178,Sales,14,2,Life Sciences,3,Female,87,3,2,Sales Executive,4,Married,4936,14862,4,No,11,3,3,1,18,2,2,7,7,0,7,0.0,1.0,0.2857142857142857,1.0,0.1111111111111111,Medium,1,🟠 Promotion-Stalled,0,1.2756210333872486,-1.80908883396088
36,0,Travel_Rarely,329,Research & Development,2,3,Life Sciences,4,Female,96,3,1,Research Scientist,3,Married,2543,11868,4,No,13,3,2,1,6,3,3,2,2,2,2,1.0,1.0,1.5,1.0,0.1666666666666666,High,1,🟠 Promotion-Stalled,0,0.8599672480452882,-0.4517990156480136
34,1,Non-Travel,1362,Sales,19,3,Marketing,1,Male,67,4,2,Sales Executive,4,Single,5304,4652,8,Yes,13,3,2,0,9,3,2,5,2,0,4,0.0,0.4,0.6,0.8,0.2222222222222222,Low,1,🟠 Promotion-Stalled,0,-0.5868155031305166,-0.8460271908734646
55,0,Travel_Rarely,1311,Research & Development,2,3,Life Sciences,3,Female,97,3,4,Manager,4,Single,16659,23258,2,Yes,13,3,3,0,30,2,3,5,4,1,2,0.2,0.8,0.4,0.4,0.1333333333333333,Medium,1,🟠 Promotion-Stalled,0,0.6982090229404062,-0.029805853711697833
24,0,Travel_Rarely,1371,Sales,10,4,Marketing,4,Female,77,3,2,Sales Executive,3,Divorced,4260,5915,1,Yes,12,3,4,1,5,2,4,5,2,0,3,0.0,0.4,0.4,0.6,0.4,Low,1,🟠 Promotion-Stalled,0,-0.8742054284238704,-0.8668078961774367
30,0,Travel_Rarely,202,Sales,2,1,Technical Degree,3,Male,72,3,1,Sales Representative,2,Married,2476,17434,1,No,18,3,1,1,1,3,3,1,0,0,0,0.0,0.0,3.0,0.0,1.0,Low,0,🚀 Fast-Track Performers,1,-4.409099410221002,0.9959716670935675
26,1,Travel_Frequently,575,Research & Development,3,1,Technical Degree,3,Male,73,3,1,Research Scientist,1,Single,3102,6582,0,No,22,4,3,0,7,2,3,6,4,0,4,0.0,0.6666666666666666,0.3333333333333333,0.6666666666666666,0.1428571428571428,Medium,1,🟠 Promotion-Stalled,0,-0.1315024974946585,-1.7300031429635203
22,0,Travel_Rarely,253,Research & Development,11,3,Medical,1,Female,43,3,1,Research Scientist,2,Married,2244,24440,1,No,13,3,4,1,2,1,3,2,1,1,2,0.5,0.5,0.5,1.0,0.5,Medium,1,🟠 Promotion-Stalled,0,-0.27956833289356753,-1.3668491986177644
36,0,Travel_Rarely,164,Sales,2,2,Medical,2,Male,61,2,3,Sales Executive,3,Married,7596,3809,1,No,13,3,2,2,10,2,3,10,9,9,0,0.9,0.9,0.2,0.0,0.3,High,1,🟠 Promotion-Stalled,0,2.1647618679919636,2.1231131225944173
30,1,Travel_Frequently,464,Research & Development,4,3,Technical Degree,3,Male,40,3,1,Research Scientist,4,Single,2285,3427,9,Yes,23,4,3,0,3,4,3,1,0,0,0,0.0,0.0,4.0,0.0,0.3333333333333333,Low,0,🚀 Fast-Track Performers,1,-3.949019475289394,1.1195966323403244
37,0,Travel_Rarely,1107,Research & Development,14,3,Life Sciences,4,Female,95,3,1,Laboratory Technician,1,Divorced,3034,26914,1,No,12,3,3,1,18,2,2,18,7,12,17,0.6666666666666666,0.3888888888888889,0.1111111111111111,0.9444444444444444,0.0555555555555555,Medium,1,🟠 Promotion-Stalled,0,2.4096583644629224,0.8702758561250951
40,0,Travel_Rarely,759,Sales,2,2,Marketing,4,Female,46,3,2,Sales Executive,2,Divorced,5715,22553,7,No,12,3,3,2,8,5,3,5,4,1,3,0.2,0.8,1.0,0.6,0.25,Medium,1,🟠 Promotion-Stalled,0,-0.16338302500251,0.18373619668857316
42,0,Travel_Rarely,201,Research & Development,1,4,Life Sciences,2,Female,95,3,1,Laboratory Technician,1,Divorced,2576,20490,3,No,16,3,2,1,8,5,3,5,2,1,2,0.2,0.4,1.0,0.4,0.125,Low,1,🟠 Promotion-Stalled,0,-1.0982000701648895,0.18604975643399807
37,0,Travel_Rarely,1305,Research & Development,10,4,Life Sciences,3,Male,49,3,2,Manufacturing Director,2,Single,4197,21123,2,Yes,12,3,4,0,18,2,2,1,0,0,1,0.0,0.0,2.0,1.0,0.1111111111111111,Low,1,🟠 Promotion-Stalled,0,-1.40233572401264,-0.7552144883566093
43,0,Travel_Rarely,982,Research & Development,12,3,Life Sciences,1,Male,59,2,4,Research Director,2,Divorced,14336,4345,1,No,11,3,3,1,25,3,3,25,10,3,9,0.12,0.4,0.12,0.36,0.16,Low,1,🟠 Promotion-Stalled,0,1.10852312705572,1.069452397139781
40,0,Travel_Rarely,555,Research & Development,2,3,Medical,2,Female,78,2,2,Laboratory Technician,3,Married,3448,13436,6,No,22,4,2,1,20,3,3,1,0,0,0,0.0,0.0,3.0,0.0,0.1,Low,0,🚀 Fast-Track Performers,1,-2.910879902905682,0.7708023041832499
54,0,Travel_Rarely,821,Research & Development,5,2,Medical,1,Male,86,3,5,Research Director,1,Married,19406,8509,4,No,11,3,3,1,24,4,2,4,2,1,2,0.25,0.5,1.0,0.5,0.2083333333333333,Medium,1,🟠 Promotion-Stalled,0,-0.041179065024073355,1.269951928750794
34,0,Non-Travel,1381,Sales,4,4,Marketing,3,Female,72,3,2,Sales Executive,3,Married,6538,12740,9,No,15,3,1,1,6,3,3,3,2,1,2,0.3333333333333333,0.6666666666666666,1.0,0.6666666666666666,0.3333333333333333,Medium,1,🟠 Promotion-Stalled,0,-0.362051476619233,-0.3021555034613697
31,0,Travel_Rarely,480,Research & Development,7,2,Medical,2,Female,31,3,2,Manufacturing Director,1,Married,4306,4156,1,No,12,3,2,1,13,5,1,13,10,3,12,0.2307692307692307,0.7692307692307693,0.3846153846153846,0.9230769230769232,0.1538461538461538,Medium,1,🟠 Promotion-Stalled,0,1.4915262900582982,0.20150537508295008
43,0,Travel_Frequently,313,Research & Development,21,3,Medical,4,Male,61,3,1,Laboratory Technician,4,Married,2258,15238,7,No,20,4,1,1,8,1,3,3,2,1,2,0.3333333333333333,0.6666666666666666,0.3333333333333333,0.6666666666666666,0.125,Medium,1,🟠 Promotion-Stalled,0,0.13799888273984107,-1.6163392577833025
43,0,Travel_Rarely,1473,Research & Development,8,4,Other,3,Female,74,3,2,Healthcare Representative,3,Divorced,4522,2227,4,Yes,14,3,4,0,8,3,3,5,2,0,2,0.0,0.4,0.6,0.4,0.25,Low,1,🟠 Promotion-Stalled,0,-1.023379917142038,-0.41250913787907967
25,0,Travel_Rarely,891,Sales,4,2,Life Sciences,2,Female,99,2,2,Sales Executive,4,Single,4487,12090,1,Yes,11,3,2,0,5,3,3,5,4,1,3,0.2,0.8,0.6,0.6,0.4,Medium,1,🟠 Promotion-Stalled,0,-0.05391574786553429,-0.4197584184817632
37,0,Non-Travel,1063,Research & Development,25,5,Medical,2,Female,72,3,2,Research Scientist,3,Married,4449,23866,3,Yes,15,3,1,2,15,2,3,13,11,10,7,0.7692307692307693,0.8461538461538461,0.1538461538461538,0.5384615384615384,0.1333333333333333,High,1,🟠 Promotion-Stalled,0,2.923640765295009,1.2153690946914135
31,0,Travel_Rarely,329,Research & Development,1,2,Life Sciences,4,Male,98,2,1,Laboratory Technician,1,Married,2218,16193,1,No,12,3,3,1,4,3,3,4,2,3,2,0.75,0.5,0.75,0.5,0.25,Medium,1,🟠 Promotion-Stalled,0,-0.09489286178039572,0.28407787103300425
39,0,Travel_Frequently,1218,Research & Development,1,1,Life Sciences,2,Male,52,3,5,Manager,3,Divorced,19197,8213,1,Yes,14,3,3,1,21,3,3,21,8,1,6,0.0476190476190476,0.3809523809523809,0.1428571428571428,0.2857142857142857,0.238095238095238,Low,1,🟠 Promotion-Stalled,0,0.541102535192222,1.0751402386366733
56,0,Travel_Frequently,906,Sales,6,3,Life Sciences,3,Female,86,4,4,Sales Executive,1,Married,13212,18256,9,No,11,3,4,3,36,0,2,7,7,7,7,1.0,1.0,0.0,1.0,0.1111111111111111,High,1,🟠 Promotion-Stalled,0,3.5966967618633303,0.28217035432322085
30,0,Travel_Rarely,1082,Sales,12,3,Technical Degree,2,Female,83,3,2,Sales Executive,3,Single,6577,19558,0,No,11,3,2,0,6,6,3,5,4,4,4,0.8,0.8,1.2,0.8,0.3333333333333333,High,1,🟠 Promotion-Stalled,0,0.5984922052995335,1.4207209509156025
41,0,Travel_Rarely,645,Sales,1,3,Marketing,2,Male,49,4,3,Sales Executive,1,Married,8392,19566,1,No,16,3,3,1,10,2,3,10,7,0,7,0.0,0.7,0.2,0.7,0.3,Medium,1,🟠 Promotion-Stalled,0,0.5734614960966483,-0.8521288027403942
28,0,Travel_Rarely,1300,Research & Development,17,2,Medical,3,Male,79,3,2,Laboratory Technician,1,Divorced,4558,13535,1,No,12,3,4,1,10,2,3,10,0,1,8,0.1,0.0,0.2,0.8,0.2,Low,1,🟠 Promotion-Stalled,0,-0.8004606146239887,-0.7391779586511995
25,1,Travel_Rarely,688,Research & Development,3,3,Medical,1,Male,91,3,1,Laboratory Technician,1,Married,4031,9396,5,No,13,3,3,1,6,5,3,2,2,0,2,0.0,1.0,2.5,1.0,0.1666666666666666,Medium,1,🟠 Promotion-Stalled,0,-0.7688048399021037,-0.8246179528723604
52,0,Travel_Rarely,319,Research & Development,3,3,Medical,4,Male,39,2,3,Manufacturing Director,3,Married,7969,19609,2,Yes,14,3,3,0,28,4,3,5,4,0,4,0.0,0.8,0.8,0.8,0.1071428571428571,Medium,1,🟠 Promotion-Stalled,0,0.3110809571826042,-0.48199782853416206
45,0,Travel_Rarely,192,Research & Development,10,2,Life Sciences,1,Male,69,3,1,Research Scientist,4,Married,2654,9655,3,No,21,4,4,2,8,3,2,2,2,0,2,0.0,1.0,1.5,1.0,0.125,Medium,1,🟠 Promotion-Stalled,0,-0.19502454205068284,-1.8137215553232142
52,0,Travel_Rarely,1490,Research & Development,4,2,Life Sciences,4,Female,30,3,4,Manager,4,Married,16555,10310,2,No,13,3,4,0,31,2,1,5,2,1,4,0.2,0.4,0.4,0.8,0.1290322580645161,Low,1,🟠 Promotion-Stalled,0,0.4000045869759721,-0.19836442447641972
42,0,Travel_Frequently,532,Research & Development,29,2,Life Sciences,1,Female,92,3,2,Research Scientist,3,Divorced,4556,12932,2,No,11,3,2,1,19,3,3,5,4,0,2,0.0,0.8,0.6,0.4,0.1052631578947368,Medium,1,🟠 Promotion-Stalled,0,-0.09723836754961863,-0.7262993342553045
30,0,Travel_Rarely,317,Research & Development,2,3,Life Sciences,3,Female,43,1,2,Manufacturing Director,4,Single,6091,24793,2,No,20,4,3,0,11,2,3,5,4,0,2,0.0,0.8,0.4,0.4,0.1818181818181818,Medium,1,🟠 Promotion-Stalled,0,-0.10813072972937732,-1.1365774919409775
60,0,Travel_Rarely,422,Research & Development,7,3,Life Sciences,1,Female,41,3,5,Manager,1,Married,19566,3854,5,No,11,3,4,0,33,5,1,29,8,11,10,0.3793103448275862,0.2758620689655172,0.1724137931034483,0.3448275862068966,0.1515151515151515,Medium,1,🟠 Promotion-Stalled,0,1.8796539588582333,3.6072062396977986
46,0,Travel_Rarely,1485,Research & Development,18,3,Medical,3,Female,87,3,2,Manufacturing Director,3,Divorced,4810,26314,2,No,14,3,3,1,19,5,2,10,7,0,8,0.0,0.7,0.5,0.8,0.1052631578947368,Medium,1,🟠 Promotion-Stalled,0,0.4034121229189566,-0.4342888343419729
42,0,Travel_Frequently,1368,Research & Development,28,4,Technical Degree,4,Female,88,2,2,Healthcare Representative,4,Married,4523,4386,0,No,11,3,4,3,7,4,4,6,5,0,4,0.0,0.8333333333333334,0.6666666666666666,0.6666666666666666,0.2857142857142857,Medium,1,🟠 Promotion-Stalled,0,-0.051183936002901095,-0.5824171907558593
24,1,Travel_Rarely,1448,Sales,1,1,Technical Degree,1,Female,62,3,1,Sales Representative,2,Single,3202,21972,1,Yes,16,3,2,0,6,4,3,5,3,1,4,0.2,0.6,0.8,0.8,0.1666666666666666,Medium,1,🟠 Promotion-Stalled,0,-0.2619306792208136,-0.7010733172307373
34,1,Travel_Frequently,296,Sales,6,2,Marketing,4,Female,33,1,1,Sales Representative,3,Divorced,2351,12253,0,No,16,3,4,1,3,3,2,2,2,1,0,0.5,1.0,1.5,0.0,0.3333333333333333,Medium,1,🟠 Promotion-Stalled,0,-0.9089351364227819,0.06133340148296233
38,0,Travel_Frequently,1490,Research & Development,2,2,Life Sciences,4,Male,42,3,1,Laboratory Technician,4,Married,1702,12106,1,Yes,23,4,3,1,1,3,3,1,0,0,0,0.0,0.0,3.0,0.0,1.0,Low,0,🚀 Fast-Track Performers,1,-4.442437764599595,0.9383650647465529
40,0,Travel_Rarely,1398,Sales,2,4,Life Sciences,3,Female,79,3,5,Manager,3,Married,18041,13022,0,No,14,3,4,0,21,2,3,20,15,1,12,0.05,0.75,0.1,0.6,0.238095238095238,Medium,1,🟠 Promotion-Stalled,0,2.2134263974051382,0.3758102079816597
26,0,Travel_Rarely,1349,Research & Development,23,3,Life Sciences,1,Female,90,3,1,Research Scientist,4,Divorced,2886,3032,1,No,22,4,2,2,3,3,1,3,2,0,2,0.0,0.6666666666666666,1.0,0.6666666666666666,0.3333333333333333,Medium,1,🟠 Promotion-Stalled,0,-1.004787766676844,-1.2061434240131708
30,0,Non-Travel,1400,Research & Development,3,3,Life Sciences,3,Male,53,3,1,Laboratory Technician,4,Married,2097,16734,4,No,15,3,3,1,9,3,1,5,3,1,4,0.2,0.6,0.6,0.8,0.1111111111111111,Medium,1,🟠 Promotion-Stalled,0,-0.012178070733386132,-1.0744429020745236
29,0,Travel_Rarely,986,Research & Development,3,4,Medical,2,Male,93,2,3,Research Director,3,Married,11935,21526,1,No,18,3,3,0,10,2,3,10,2,0,7,0.0,0.2,0.2,0.7,0.3,Low,1,🟠 Promotion-Stalled,0,-0.610882348396262,-0.6368531058331617
29,1,Travel_Rarely,408,Research & Development,25,5,Technical Degree,3,Female,71,2,1,Research Scientist,2,Married,2546,18300,5,No,16,3,2,0,6,2,4,2,2,1,1,0.5,1.0,1.0,0.5,0.1666666666666666,Medium,1,🟠 Promotion-Stalled,0,0.10513290959030552,-1.0092901538378387
19,1,Travel_Rarely,489,Human Resources,2,2,Technical Degree,1,Male,52,2,1,Human Resources,4,Single,2564,18437,1,No,12,3,3,0,1,3,4,1,0,0,0,0.0,0.0,3.0,0.0,1.0,Low,0,🚀 Fast-Track Performers,1,-4.369093384966692,1.065099589909985
30,0,Non-Travel,1398,Sales,22,4,Other,3,Female,69,3,3,Sales Executive,1,Married,8412,2890,0,No,11,3,3,0,10,3,3,9,8,7,8,0.7777777777777778,0.8888888888888888,0.3333333333333333,0.8888888888888888,0.3,High,1,🟠 Promotion-Stalled,0,2.442546824269371,1.064021540962603
57,0,Travel_Rarely,210,Sales,29,3,Marketing,1,Male,56,2,4,Manager,4,Divorced,14118,22102,3,No,12,3,3,1,32,3,2,1,0,0,0,0.0,0.0,3.0,0.0,0.125,Low,0,🚀 Fast-Track Performers,1,-2.4739362881306124,1.6095620262397599
50,0,Travel_Rarely,1099,Research & Development,29,4,Life Sciences,2,Male,88,2,4,Manager,3,Married,17046,9314,0,No,15,3,2,1,28,2,3,27,10,15,7,0.5555555555555556,0.3703703703703703,0.074074074074074,0.2592592592592592,0.1428571428571428,Medium,1,🟠 Promotion-Stalled,0,2.8164514942145753,3.1808800597326523
30,0,Non-Travel,1116,Research & Development,2,3,Medical,3,Female,49,3,1,Laboratory Technician,4,Single,2564,7181,0,No,14,3,3,0,12,2,2,11,7,6,7,0.5454545454545454,0.6363636363636364,0.1818181818181818,0.6363636363636364,0.0833333333333333,Medium,1,🟠 Promotion-Stalled,0,1.5155229118894824,-0.07619753827483594
60,0,Travel_Frequently,1499,Sales,28,3,Marketing,3,Female,80,2,3,Sales Executive,1,Married,10266,2845,4,No,19,3,4,0,22,5,4,18,13,13,11,0.7222222222222222,0.7222222222222222,0.2777777777777778,0.6111111111111112,0.1363636363636363,High,1,🟠 Promotion-Stalled,0,3.2840248486809895,2.9877793811711046
47,0,Travel_Rarely,983,Research & Development,2,2,Medical,1,Female,65,3,2,Manufacturing Director,4,Divorced,5070,7389,5,No,13,3,3,3,20,2,3,5,0,0,4,0.0,0.0,0.4,0.8,0.1,Low,1,🟠 Promotion-Stalled,0,-0.9394808556087726,-1.0078671048247736
46,0,Travel_Rarely,1009,Research & Development,2,3,Life Sciences,1,Male,51,3,4,Research Director,3,Married,17861,2288,6,No,13,3,3,0,26,2,1,3,2,0,1,0.0,0.6666666666666666,0.6666666666666666,0.3333333333333333,0.1538461538461538,Medium,1,🟠 Promotion-Stalled,0,-0.1795553566979426,-0.1779634635143301
35,0,Travel_Rarely,144,Research & Development,22,3,Life Sciences,4,Male,46,1,1,Laboratory Technician,3,Single,4230,19225,0,No,15,3,3,0,6,2,3,5,4,4,3,0.8,0.8,0.4,0.6,0.1666666666666666,High,1,🟠 Promotion-Stalled,0,1.0645505088925864,-0.27207583733177765
54,0,Travel_Rarely,548,Research & Development,8,4,Life Sciences,3,Female,42,3,2,Laboratory Technician,3,Single,3780,23428,7,No,11,3,3,0,19,3,3,1,0,0,0,0.0,0.0,3.0,0.0,0.1052631578947368,Low,0,🚀 Fast-Track Performers,1,-2.8452630314937397,0.9006564102534678
34,0,Travel_Rarely,1303,Research & Development,2,4,Life Sciences,4,Male,62,2,1,Research Scientist,3,Divorced,2768,8416,3,No,12,3,3,1,14,3,3,7,3,5,7,0.7142857142857143,0.4285714285714285,0.4285714285714285,1.0,0.0714285714285714,Medium,1,🟠 Promotion-Stalled,0,1.0250152849848715,-0.06113586199750714
46,0,Travel_Rarely,1125,Sales,10,3,Marketing,3,Female,94,2,3,Sales Executive,4,Married,9071,11563,2,Yes,19,3,3,1,15,3,3,3,2,1,2,0.3333333333333333,0.6666666666666666,1.0,0.6666666666666666,0.2,Medium,1,🟠 Promotion-Stalled,0,0.010527666509318292,-0.07290591428325752
31,0,Travel_Rarely,1274,Research & Development,9,1,Life Sciences,3,Male,33,3,3,Manufacturing Director,2,Divorced,10648,14394,1,No,25,4,4,1,13,6,4,13,8,0,8,0.0,0.6153846153846154,0.4615384615384615,0.6153846153846154,0.2307692307692307,Medium,1,🟠 Promotion-Stalled,0,0.13101567726938726,0.45731352113122753
33,1,Travel_Rarely,1277,Research & Development,15,1,Medical,2,Male,56,3,3,Manager,3,Married,13610,24619,7,Yes,12,3,4,0,15,2,4,7,6,7,7,1.0,0.8571428571428571,0.2857142857142857,1.0,0.2,High,1,🟠 Promotion-Stalled,0,2.6968041490737833,0.724335984886331
33,1,Travel_Rarely,587,Research & Development,10,1,Medical,1,Male,38,1,1,Laboratory Technician,4,Divorced,3408,6705,7,No,13,3,1,3,8,2,3,4,3,1,3,0.25,0.75,0.5,0.75,0.125,Medium,1,🟠 Promotion-Stalled,0,0.2637302004451572,-1.392868897503044
30,0,Travel_Rarely,413,Sales,7,1,Marketing,4,Male,57,3,1,Sales Representative,2,Single,2983,18398,0,No,14,3,1,0,4,3,3,3,2,1,2,0.3333333333333333,0.6666666666666666,1.0,0.6666666666666666,0.25,Medium,1,🟠 Promotion-Stalled,0,-0.436517877278679,-0.6943918013770294
35,0,Travel_Rarely,1276,Research & Development,16,3,Life Sciences,4,Male,72,3,3,Healthcare Representative,3,Married,7632,14295,4,Yes,12,3,3,0,10,2,3,8,7,0,0,0.0,0.875,0.25,0.0,0.3,Medium,1,🟠 Promotion-Stalled,0,0.09601741700845713,-0.18834493700258242
31,1,Travel_Frequently,534,Research & Development,20,3,Life Sciences,1,Male,66,3,3,Healthcare Representative,3,Married,9824,22908,3,No,12,3,1,0,12,2,3,1,0,0,0,0.0,0.0,2.0,0.0,0.25,Low,0,🚀 Fast-Track Performers,1,-2.3755514747338884,0.7529093362950164
34,1,Travel_Frequently,988,Human Resources,23,3,Human Resources,2,Female,43,3,3,Human Resources,1,Divorced,9950,11533,9,Yes,15,3,3,3,11,2,3,3,2,0,2,0.0,0.6666666666666666,0.6666666666666666,0.6666666666666666,0.2727272727272727,Medium,1,🟠 Promotion-Stalled,0,-0.24666083996791335,-0.8420528630043597
42,0,Travel_Frequently,1474,Research & Development,5,2,Other,2,Male,97,3,1,Laboratory Technician,3,Married,2093,9260,4,No,17,3,4,1,8,4,3,2,2,2,0,1.0,1.0,2.0,0.0,0.125,High,1,🟠 Promotion-Stalled,0,-0.3612817876862879,0.9849744952490492
36,0,Non-Travel,635,Sales,10,4,Medical,2,Male,32,3,3,Sales Executive,4,Single,9980,15318,1,No,14,3,4,0,10,3,2,10,3,9,7,0.9,0.3,0.3,0.7,0.3,Medium,1,🟠 Promotion-Stalled,0,1.3127997024188398,1.9714776347564034
22,1,Travel_Frequently,1368,Research & Development,4,1,Technical Degree,3,Male,99,2,1,Laboratory Technician,3,Single,3894,9129,5,No,16,3,3,0,4,3,3,2,2,1,2,0.5,1.0,1.5,1.0,0.25,Medium,1,🟠 Promotion-Stalled,0,0.18619875699981875,-1.0594972595694137
48,0,Travel_Rarely,163,Sales,2,5,Marketing,2,Female,37,3,2,Sales Executive,4,Married,4051,19658,2,No,14,3,1,1,14,2,3,9,7,6,7,0.6666666666666666,0.7777777777777778,0.2222222222222222,0.7777777777777778,0.1428571428571428,High,1,🟠 Promotion-Stalled,0,2.0130470558944156,0.16669120586648273
55,0,Travel_Rarely,1117,Sales,18,5,Life Sciences,1,Female,83,3,4,Manager,2,Single,16835,9873,3,No,23,4,4,0,37,2,3,10,9,7,7,0.7,0.9,0.2,0.7,0.1081081081081081,High,1,🟠 Promotion-Stalled,0,2.8678502520049287,0.9905200103337571
41,0,Non-Travel,267,Sales,10,2,Life Sciences,4,Male,56,3,2,Sales Executive,4,Single,6230,13430,7,No,14,3,4,0,16,3,3,14,3,1,10,0.0714285714285714,0.2142857142857142,0.2142857142857142,0.7142857142857143,0.125,Low,1,🟠 Promotion-Stalled,0,-0.2911120966524367,-0.5126126684949088
35,0,Travel_Rarely,619,Sales,1,3,Marketing,2,Male,85,3,2,Sales Executive,3,Married,4717,18659,9,No,11,3,3,0,15,2,3,11,9,6,9,0.5454545454545454,0.8181818181818182,0.1818181818181818,0.8181818181818182,0.1333333333333333,Medium,1,🟠 Promotion-Stalled,0,2.2903983461892583,0.06743606557518483
40,0,Travel_Rarely,302,Research & Development,6,3,Life Sciences,2,Female,75,3,4,Manufacturing Director,3,Single,13237,20364,7,No,15,3,3,0,22,3,3,20,6,5,13,0.25,0.3,0.15,0.65,0.1818181818181818,Low,1,🟠 Promotion-Stalled,0,1.058913305153214,1.1173026134157737
39,0,Travel_Frequently,443,Research & Development,8,1,Life Sciences,3,Female,48,3,1,Laboratory Technician,3,Married,3755,17872,1,No,11,3,1,1,8,3,3,8,3,0,7,0.0,0.375,0.375,0.875,0.125,Low,1,🟠 Promotion-Stalled,0,-0.3767377953277361,-1.32158903010324
31,0,Travel_Rarely,828,Sales,2,1,Life Sciences,2,Male,77,3,2,Sales Executive,4,Single,6582,8346,4,Yes,13,3,3,0,10,2,4,6,5,0,5,0.0,0.8333333333333334,0.3333333333333333,0.8333333333333334,0.2,Medium,1,🟠 Promotion-Stalled,0,0.5195023652021826,-1.5200599354067192
42,0,Travel_Rarely,319,Research & Development,24,3,Medical,4,Male,56,3,3,Manufacturing Director,1,Married,7406,6950,1,Yes,21,4,4,1,10,5,2,10,9,5,8,0.5,0.9,0.5,0.8,0.3,Medium,1,🟠 Promotion-Stalled,0,1.7337331610316544,1.1295228855783488
45,0,Travel_Rarely,561,Sales,2,3,Other,4,Male,61,3,2,Sales Executive,2,Married,4805,16177,0,No,19,3,2,1,9,3,4,8,7,3,7,0.375,0.875,0.375,0.875,0.2222222222222222,Medium,1,🟠 Promotion-Stalled,0,1.3371743472923303,-0.4449449111179895
26,1,Travel_Frequently,426,Human Resources,17,4,Life Sciences,2,Female,58,3,1,Human Resources,3,Divorced,2741,22808,0,Yes,11,3,2,1,8,2,2,7,7,1,0,0.1428571428571428,1.0,0.2857142857142857,0.0,0.125,Medium,1,🟠 Promotion-Stalled,0,0.31286653485350563,-0.7902985390991881
29,0,Travel_Rarely,232,Research & Development,19,3,Technical Degree,4,Male,34,3,2,Manufacturing Director,4,Divorced,4262,22645,4,No,12,3,2,2,8,2,4,3,2,1,2,0.3333333333333333,0.6666666666666666,0.6666666666666666,0.6666666666666666,0.25,Medium,1,🟠 Promotion-Stalled,0,-0.004199017981021339,-0.7063496499374481
33,0,Travel_Rarely,922,Research & Development,1,5,Medical,1,Female,95,4,4,Research Director,3,Divorced,16184,22578,4,No,19,3,3,1,10,2,3,6,1,0,5,0.0,0.1666666666666666,0.3333333333333333,0.8333333333333334,0.4,Low,1,🟠 Promotion-Stalled,0,-0.6442880842973695,-0.34827614182065153
31,0,Travel_Rarely,688,Sales,7,3,Life Sciences,3,Male,44,2,3,Manager,4,Divorced,11557,25291,9,No,21,4,3,1,10,3,2,5,4,0,1,0.0,0.8,0.6,0.2,0.3,Medium,1,🟠 Promotion-Stalled,0,-0.4409029314334721,-0.15743633203165577
18,1,Travel_Frequently,1306,Sales,5,3,Marketing,2,Male,69,3,1,Sales Representative,2,Single,1878,8059,1,Yes,14,3,4,0,0,3,3,0,0,0,0,0.0,0.0,3.0,0.0,0.0,Low,0,🚀 Fast-Track Performers,1,-2.914202164735386,0.44933657668192317
40,0,Non-Travel,1094,Sales,28,3,Other,3,Male,58,1,3,Sales Executive,1,Divorced,10932,11373,3,No,15,3,3,1,20,2,3,1,0,0,1,0.0,0.0,2.0,1.0,0.15,Low,1,🟠 Promotion-Stalled,0,-1.2759501512387312,-0.4123639590370558
41,0,Non-Travel,509,Research & Development,2,4,Other,1,Female,62,2,2,Healthcare Representative,3,Single,6811,2112,2,Yes,17,3,1,0,10,3,3,8,7,0,7,0.0,0.875,0.375,0.875,0.2,Medium,1,🟠 Promotion-Stalled,0,0.7260466043922645,-1.266172515101877
26,0,Travel_Rarely,775,Sales,29,2,Medical,1,Male,45,3,2,Sales Executive,3,Divorced,4306,4267,5,No,12,3,1,2,8,5,3,0,0,0,0,0.0,0.0,5.0,0.0,0.25,Low,0,🚀 Fast-Track Performers,1,-4.035236015802495,2.1276805296272188
35,0,Travel_Rarely,195,Sales,1,3,Medical,1,Female,80,3,2,Sales Executive,3,Single,4859,6698,1,No,16,3,4,0,5,3,3,5,4,0,3,0.0,0.8,0.6,0.6,0.4,Medium,1,🟠 Promotion-Stalled,0,-0.3687608463172647,-0.8234968651613154
34,0,Travel_Rarely,258,Sales,21,4,Life Sciences,4,Male,74,4,2,Sales Executive,4,Single,5337,19921,1,No,12,3,4,0,10,3,3,10,7,5,7,0.5,0.7,0.3,0.7,0.2,Medium,1,🟠 Promotion-Stalled,0,1.4134599356976043,0.3742296735491344
26,1,Travel_Rarely,471,Research & Development,24,3,Technical Degree,3,Male,66,1,1,Laboratory Technician,4,Single,2340,23213,1,Yes,18,3,2,0,1,3,1,1,0,0,0,0.0,0.0,3.0,0.0,1.0,Low,0,🚀 Fast-Track Performers,1,-4.409099410221002,0.9959716670935675
37,0,Travel_Rarely,799,Research & Development,1,3,Technical Degree,2,Female,59,3,3,Manufacturing Director,4,Single,7491,23848,4,No,17,3,4,0,12,3,4,6,5,1,2,0.1666666666666666,0.8333333333333334,0.5,0.3333333333333333,0.25,Medium,1,🟠 Promotion-Stalled,0,0.2422334655687923,0.01160621210655094
46,0,Travel_Frequently,1034,Research & Development,18,1,Medical,1,Female,86,3,3,Healthcare Representative,3,Married,10527,8984,5,No,11,3,4,0,28,3,2,2,2,1,2,0.5,1.0,1.5,1.0,0.1071428571428571,Medium,1,🟠 Promotion-Stalled,0,0.8362563331576846,-0.377836488065615
41,0,Travel_Rarely,1276,Sales,2,5,Life Sciences,2,Female,91,3,4,Manager,1,Married,16595,5626,7,No,16,3,2,1,22,2,3,18,16,11,8,0.6111111111111112,0.8888888888888888,0.1111111111111111,0.4444444444444444,0.1818181818181818,High,1,🟠 Promotion-Stalled,0,3.8178501576008954,2.1902917189671576
37,0,Non-Travel,142,Sales,9,4,Medical,1,Male,69,3,3,Sales Executive,2,Divorced,8834,24666,1,No,13,3,4,1,9,6,3,9,5,7,7,0.7777777777777778,0.5555555555555556,0.6666666666666666,0.7777777777777778,0.3333333333333333,Medium,1,🟠 Promotion-Stalled,0,1.1554510208116788,2.331729386601745
52,0,Travel_Rarely,956,Research & Development,6,2,Technical Degree,4,Male,78,3,2,Research Scientist,1,Divorced,5577,22087,3,Yes,12,3,2,2,18,3,3,10,9,6,9,0.6,0.9,0.3,0.9,0.1111111111111111,Medium,1,🟠 Promotion-Stalled,0,2.4051332709684012,0.26592853391030435
32,1,Non-Travel,1474,Sales,11,4,Other,4,Male,60,4,2,Sales Executive,3,Married,4707,23914,8,No,12,3,4,0,6,2,3,4,2,1,2,0.25,0.5,0.5,0.5,0.3333333333333333,Medium,1,🟠 Promotion-Stalled,0,-0.47831499276527545,-0.4625481595874177
24,0,Travel_Frequently,535,Sales,24,3,Medical,4,Male,38,3,1,Sales Representative,4,Married,2400,5530,0,No,13,3,3,2,3,3,3,2,2,2,1,1.0,1.0,1.5,0.5,0.3333333333333333,High,1,🟠 Promotion-Stalled,0,0.12887198108614492,0.18270636141433141
38,0,Travel_Rarely,1495,Research & Development,10,3,Medical,3,Female,76,3,2,Healthcare Representative,3,Married,9824,22174,3,No,19,3,3,1,18,4,3,1,0,0,0,0.0,0.0,4.0,0.0,0.1111111111111111,Low,0,🚀 Fast-Track Performers,1,-3.3925899374232946,1.3883305299590596
37,0,Travel_Rarely,446,Research & Development,1,4,Life Sciences,2,Female,65,3,2,Manufacturing Director,2,Married,6447,15701,6,No,12,3,2,1,8,2,2,6,5,4,3,0.6666666666666666,0.8333333333333334,0.3333333333333333,0.5,0.25,High,1,🟠 Promotion-Stalled,0,1.1434555594759177,0.13992796766645704
49,0,Travel_Rarely,1245,Research & Development,18,4,Life Sciences,4,Male,58,2,5,Research Director,3,Divorced,19502,2125,1,Yes,17,3,3,1,31,5,3,31,9,0,9,0.0,0.2903225806451613,0.1612903225806451,0.2903225806451613,0.1612903225806451,Low,1,🟠 Promotion-Stalled,0,0.33474952216792114,1.493000645951302
24,0,Travel_Rarely,691,Research & Development,23,3,Medical,2,Male,89,4,1,Research Scientist,4,Married,2725,21630,1,Yes,11,3,2,2,6,3,3,6,5,1,4,0.1666666666666666,0.8333333333333334,0.5,0.6666666666666666,0.1666666666666666,Medium,1,🟠 Promotion-Stalled,0,0.3218796942288922,-1.034533503054698
26,0,Travel_Rarely,703,Sales,28,2,Marketing,1,Male,66,3,2,Sales Executive,2,Married,6272,7428,1,No,20,4,4,2,6,5,4,5,3,1,4,0.2,0.6,1.0,0.8,0.3333333333333333,Medium,1,🟠 Promotion-Stalled,0,-0.49133629996641937,0.057954379375715626
24,0,Travel_Rarely,823,Research & Development,17,2,Other,4,Male,94,2,1,Laboratory Technician,2,Married,2127,9100,1,No,21,4,4,1,1,2,3,1,0,0,0,0.0,0.0,2.0,0.0,1.0,Low,0,🚀 Fast-Track Performers,1,-3.9437030041698655,0.38502922323208305
50,0,Travel_Frequently,1246,Human Resources,3,3,Medical,1,Male,99,3,5,Manager,2,Married,18200,7999,1,No,11,3,3,1,32,2,3,32,5,10,7,0.3125,0.15625,0.0625,0.21875,0.15625,Medium,1,🟠 Promotion-Stalled,0,1.3661742321156627,2.595420668838733
25,0,Travel_Rarely,622,Sales,13,1,Medical,2,Male,40,3,1,Sales Representative,3,Married,2096,26376,1,No,11,3,3,0,7,1,3,7,4,0,6,0.0,0.5714285714285714,0.1428571428571428,0.8571428571428571,0.1428571428571428,Medium,1,🟠 Promotion-Stalled,0,0.1775429376996828,-2.0770049748753503
24,1,Travel_Frequently,1287,Research & Development,7,3,Life Sciences,1,Female,55,3,1,Laboratory Technician,3,Married,2886,14168,1,Yes,16,3,4,1,6,4,3,6,3,1,2,0.1666666666666666,0.5,0.6666666666666666,0.3333333333333333,0.1666666666666666,Medium,1,🟠 Promotion-Stalled,0,-0.802296747053497,-0.1855634640967987
30,1,Travel_Frequently,448,Sales,12,4,Life Sciences,2,Male,74,2,1,Sales Representative,1,Married,2033,14470,1,No,18,3,3,1,1,2,4,1,0,0,0,0.0,0.0,2.0,0.0,1.0,Low,0,🚀 Fast-Track Performers,1,-3.9236999915427098,0.41959318464029177
34,0,Travel_Rarely,254,Research & Development,1,2,Life Sciences,2,Male,83,2,1,Research Scientist,4,Married,3622,22794,1,Yes,13,3,4,1,6,3,3,6,5,1,3,0.1666666666666666,0.8333333333333334,0.5,0.5,0.1666666666666666,Medium,1,🟠 Promotion-Stalled,0,0.14641407249011537,-0.8790032612110145
31,1,Travel_Rarely,1365,Sales,13,4,Medical,2,Male,46,3,2,Sales Executive,1,Divorced,4233,11512,2,No,17,3,3,0,9,2,1,3,1,1,2,0.3333333333333333,0.3333333333333333,0.6666666666666666,0.6666666666666666,0.2222222222222222,Medium,1,🟠 Promotion-Stalled,0,-0.49372177149931695,-0.5376456338400833
35,0,Travel_Rarely,538,Research & Development,25,2,Other,1,Male,54,2,2,Laboratory Technician,4,Single,3681,14004,4,No,14,3,4,0,9,3,3,3,2,0,2,0.0,0.6666666666666666,1.0,0.6666666666666666,0.2222222222222222,Medium,1,🟠 Promotion-Stalled,0,-0.5848238299726204,-0.8254664253735733
31,0,Travel_Rarely,525,Sales,6,4,Medical,1,Male,66,4,2,Sales Executive,4,Divorced,5460,6219,4,No,22,4,4,2,13,4,4,7,7,5,7,0.7142857142857143,1.0,0.5714285714285714,1.0,0.1538461538461538,High,1,🟠 Promotion-Stalled,0,2.0322947945600505,0.2287961887042159
27,0,Travel_Rarely,798,Research & Development,6,4,Medical,1,Female,66,2,1,Research Scientist,3,Divorced,2187,5013,0,No,12,3,3,2,6,5,2,5,3,0,3,0.0,0.6,1.0,0.6,0.1666666666666666,Medium,1,🟠 Promotion-Stalled,0,-0.8728398710552193,-0.43487042460511166
37,0,Travel_Rarely,558,Sales,2,3,Marketing,4,Male,75,3,2,Sales Executive,3,Married,9602,3010,4,Yes,11,3,3,1,17,3,2,3,0,1,0,0.3333333333333333,0.0,1.0,0.0,0.1176470588235294,Medium,0,🚀 Fast-Track Performers,0,-1.661162536387103,0.8159298070814511
20,0,Travel_Rarely,959,Research & Development,1,3,Life Sciences,4,Female,83,2,1,Research Scientist,2,Single,2836,11757,1,No,13,3,4,0,1,0,4,1,0,0,0,0.0,0.0,0.0,0.0,1.0,Low,0,🚀 Fast-Track Performers,1,-2.9195627998075295,-0.6755571779192451
42,0,Travel_Rarely,622,Research & Development,2,4,Life Sciences,3,Female,81,3,2,Healthcare Representative,4,Married,4089,5718,1,No,13,3,2,2,10,4,3,10,2,2,2,0.2,0.2,0.4,0.2,0.2,Low,1,🟠 Promotion-Stalled,0,-0.9662522566088703,0.6986555437163183
43,0,Travel_Rarely,782,Research & Development,6,4,Other,2,Male,50,2,4,Research Director,4,Divorced,16627,2671,4,Yes,14,3,3,1,21,3,2,1,0,0,0,0.0,0.0,3.0,0.0,0.1904761904761904,Low,0,🚀 Fast-Track Performers,1,-2.583405511916634,1.6253284572960838
38,0,Travel_Rarely,362,Research & Development,1,1,Life Sciences,3,Female,43,3,1,Research Scientist,1,Single,2619,14561,3,No,17,3,4,0,8,3,2,0,0,0,0,0.0,0.0,3.0,0.0,0.125,Low,0,🚀 Fast-Track Performers,1,-3.1177334976103843,0.4888626618098713
43,0,Travel_Frequently,1001,Research & Development,9,5,Medical,4,Male,72,3,2,Laboratory Technician,3,Divorced,5679,19627,3,Yes,13,3,2,1,10,3,3,8,7,4,7,0.5,0.875,0.375,0.875,0.2,Medium,1,🟠 Promotion-Stalled,0,1.6288377433410752,-0.11195565843220767
48,0,Travel_Rarely,1236,Research & Development,1,4,Life Sciences,4,Female,40,2,4,Manager,1,Married,15402,17997,7,No,11,3,1,1,21,3,1,3,2,0,2,0.0,0.6666666666666666,1.0,0.6666666666666666,0.1904761904761904,Medium,1,🟠 Promotion-Stalled,0,-0.11123788023094071,-0.1009904756653299
44,0,Travel_Rarely,1112,Human Resources,1,4,Life Sciences,1,Female,50,2,2,Human Resources,3,Single,5985,26894,4,No,11,3,2,0,10,1,4,2,2,0,2,0.0,1.0,0.5,1.0,0.2,Medium,1,🟠 Promotion-Stalled,0,0.5309670176994112,-2.171926425196778
34,0,Travel_Rarely,204,Sales,14,3,Technical Degree,3,Female,31,3,1,Sales Representative,3,Divorced,2579,2912,1,Yes,18,3,4,2,8,3,3,8,2,0,6,0.0,0.25,0.375,0.75,0.125,Low,1,🟠 Promotion-Stalled,0,-0.8073644844705934,-1.1997401502693088
27,1,Travel_Rarely,1420,Sales,2,1,Marketing,3,Male,85,3,1,Sales Representative,1,Divorced,3041,16346,0,No,11,3,2,1,5,3,3,4,3,0,2,0.0,0.75,0.75,0.5,0.2,Medium,1,🟠 Promotion-Stalled,0,-0.5811641600557971,-1.0837226897299828
21,0,Travel_Rarely,1343,Sales,22,1,Technical Degree,3,Male,49,3,1,Sales Representative,3,Single,3447,24444,1,No,11,3,3,0,3,2,3,3,2,1,2,0.3333333333333333,0.6666666666666666,0.6666666666666666,0.6666666666666666,0.3333333333333333,Medium,1,🟠 Promotion-Stalled,0,-0.32336984563759114,-0.9997992191382318
44,0,Travel_Rarely,1315,Research & Development,3,4,Other,4,Male,35,3,5,Manager,4,Married,19513,9358,4,Yes,12,3,1,1,26,2,4,2,2,0,1,0.0,1.0,1.0,0.5,0.1923076923076923,Medium,1,🟠 Promotion-Stalled,0,0.37668863338569875,-0.15307754445653024
22,0,Travel_Rarely,604,Research & Development,6,1,Medical,1,Male,69,3,1,Research Scientist,3,Married,2773,12145,0,No,20,4,4,0,3,3,3,2,2,2,2,1.0,1.0,1.5,1.0,0.3333333333333333,High,1,🟠 Promotion-Stalled,0,0.5685891249181348,-0.43366153021895815
33,0,Travel_Rarely,1216,Sales,8,4,Marketing,3,Male,39,3,2,Sales Executive,3,Divorced,7104,20431,0,No,12,3,4,0,6,3,3,5,0,1,2,0.2,0.0,0.6,0.4,0.3333333333333333,Low,0,🚀 Fast-Track Performers,0,-1.5445221057048393,0.26862439459753223
32,0,Travel_Rarely,646,Research & Development,9,4,Life Sciences,1,Female,92,3,2,Research Scientist,4,Married,6322,18089,1,Yes,12,3,4,1,6,2,2,6,4,0,5,0.0,0.6666666666666666,0.3333333333333333,0.8333333333333334,0.3333333333333333,Medium,1,🟠 Promotion-Stalled,0,0.021128574001165745,-1.3260994484930693
30,0,Travel_Frequently,160,Research & Development,3,3,Medical,3,Female,71,3,1,Research Scientist,3,Divorced,2083,22653,1,No,20,4,3,1,1,2,3,1,0,0,0,0.0,0.0,2.0,0.0,1.0,Low,0,🚀 Fast-Track Performers,1,-3.937035333294147,0.39655054370148596
53,0,Travel_Rarely,238,Sales,1,1,Medical,4,Female,34,3,2,Sales Executive,1,Single,8381,7507,7,No,20,4,4,0,18,2,4,14,7,8,10,0.5714285714285714,0.5,0.1428571428571428,0.7142857142857143,0.1111111111111111,Medium,1,🟠 Promotion-Stalled,0,1.8276705013363048,0.5927777234749074
34,0,Travel_Rarely,1397,Research & Development,1,5,Life Sciences,2,Male,42,3,1,Research Scientist,4,Married,2691,7660,1,No,12,3,4,1,10,4,2,10,9,8,8,0.8,0.9,0.4,0.8,0.1,High,1,🟠 Promotion-Stalled,0,2.3960601199694804,0.8440319828467954
45,1,Travel_Frequently,306,Sales,26,4,Life Sciences,1,Female,100,3,2,Sales Executive,1,Married,4286,5630,2,No,14,3,4,2,5,4,3,1,1,0,0,0.0,1.0,4.0,0.0,0.4,Medium,0,🚀 Fast-Track Performers,1,-2.535675253559744,0.8169312298169497
26,0,Travel_Rarely,991,Research & Development,6,3,Life Sciences,3,Female,71,3,1,Laboratory Technician,4,Married,2659,17759,1,Yes,13,3,3,1,3,2,3,3,2,0,2,0.0,0.6666666666666666,0.6666666666666666,0.6666666666666666,0.3333333333333333,Medium,1,🟠 Promotion-Stalled,0,-0.7292814962828834,-1.4918162833153938
37,0,Travel_Rarely,482,Research & Development,3,3,Other,3,Male,36,3,3,Manufacturing Director,3,Married,9434,9606,1,No,15,3,3,1,10,2,3,10,7,7,8,0.7,0.7,0.2,0.8,0.3,High,1,🟠 Promotion-Stalled,0,2.0648393281679684,0.8302481591317291
29,0,Travel_Rarely,1176,Sales,3,2,Medical,2,Female,62,3,2,Sales Executive,3,Married,5561,3487,1,No,14,3,1,1,6,5,2,6,0,1,2,0.1666666666666666,0.0,0.8333333333333334,0.3333333333333333,0.3333333333333333,Low,0,🚀 Fast-Track Performers,0,-1.9060349946736106,0.9434708187967887
35,0,Travel_Rarely,1017,Research & Development,6,4,Life Sciences,2,Male,82,1,2,Research Scientist,4,Single,6646,19368,1,No,13,3,2,0,17,3,3,17,11,11,8,0.6470588235294118,0.6470588235294118,0.1764705882352941,0.4705882352941176,0.1176470588235294,High,1,🟠 Promotion-Stalled,0,2.593196475119326,1.8198308562683254
33,0,Travel_Frequently,1296,Research & Development,6,3,Life Sciences,3,Male,30,3,2,Healthcare Representative,4,Divorced,7725,5335,3,No,23,4,3,1,15,2,1,13,11,4,7,0.3076923076923077,0.8461538461538461,0.1538461538461538,0.5384615384615384,0.1333333333333333,Medium,1,🟠 Promotion-Stalled,0,1.7964134467036377,-0.2732336365037314
54,0,Travel_Rarely,397,Human Resources,19,4,Medical,3,Male,88,3,3,Human Resources,2,Married,10725,6729,2,No,15,3,3,1,16,1,4,9,7,7,1,0.7777777777777778,0.7777777777777778,0.1111111111111111,0.1111111111111111,0.1875,High,1,🟠 Promotion-Stalled,0,1.8287889260930072,1.1874963626377184
36,0,Travel_Rarely,913,Research & Development,9,2,Medical,2,Male,48,2,2,Manufacturing Director,2,Divorced,8847,13934,2,Yes,11,3,3,1,13,2,3,3,2,0,2,0.0,0.6666666666666666,0.6666666666666666,0.6666666666666666,0.1538461538461538,Medium,1,🟠 Promotion-Stalled,0,-0.24893202503927878,-1.2207950961957528
27,0,Travel_Rarely,1115,Research & Development,3,4,Medical,1,Male,54,2,1,Research Scientist,4,Single,2045,15174,0,No,13,3,4,0,5,0,3,4,2,1,1,0.25,0.5,0.0,0.25,0.2,Medium,1,🟠 Promotion-Stalled,0,-0.3723819085744926,-1.3715798452047034
20,1,Travel_Rarely,1362,Research & Development,10,1,Medical,4,Male,32,3,1,Research Scientist,3,Single,1009,26999,1,Yes,11,3,4,0,1,5,3,1,0,1,1,1.0,0.0,5.0,1.0,1.0,Medium,0,🚀 Fast-Track Performers,1,-3.41251873852608,2.241127896358451
33,1,Travel_Frequently,1076,Research & Development,3,3,Life Sciences,1,Male,70,3,1,Research Scientist,1,Single,3348,3164,1,Yes,11,3,1,0,10,3,3,10,8,9,7,0.9,0.8,0.3,0.7,0.1,High,1,🟠 Promotion-Stalled,0,2.390483960116564,0.9404506758054734
35,0,Non-Travel,727,Research & Development,3,3,Life Sciences,3,Male,41,2,1,Laboratory Technician,3,Married,1281,16900,1,No,18,3,3,2,1,3,3,1,0,0,0,0.0,0.0,3.0,0.0,1.0,Low,0,🚀 Fast-Track Performers,1,-4.409099410221002,0.9959716670935675
23,0,Travel_Rarely,885,Research & Development,4,3,Medical,1,Male,58,4,1,Research Scientist,1,Married,2819,8544,2,No,16,3,1,1,5,3,4,3,2,0,2,0.0,0.6666666666666666,1.0,0.6666666666666666,0.2,Medium,1,🟠 Promotion-Stalled,0,-0.7690181998248341,-1.216044884168654
25,0,Travel_Rarely,810,Sales,8,3,Life Sciences,4,Male,57,4,2,Sales Executive,2,Married,4851,15678,0,No,22,4,3,1,4,4,3,3,2,1,2,0.3333333333333333,0.6666666666666666,1.3333333333333333,0.6666666666666666,0.5,Medium,1,🟠 Promotion-Stalled,0,-0.8689268322588806,0.1053467254945351
38,0,Travel_Rarely,243,Sales,7,4,Marketing,4,Female,46,2,2,Sales Executive,4,Single,4028,7791,0,No,20,4,1,0,8,2,3,7,7,0,5,0.0,1.0,0.2857142857142857,0.7142857142857143,0.25,Medium,1,🟠 Promotion-Stalled,0,0.7337540168394058,-1.5243335023436035
29,0,Travel_Frequently,806,Research & Development,1,4,Life Sciences,2,Male,76,1,1,Research Scientist,4,Divorced,2720,18959,1,No,18,3,4,1,10,5,3,10,7,2,8,0.2,0.7,0.5,0.8,0.1,Medium,1,🟠 Promotion-Stalled,0,0.5773918035185173,-0.329858130847648
48,0,Travel_Rarely,817,Sales,2,1,Marketing,2,Male,56,4,2,Sales Executive,2,Married,8120,18597,3,No,12,3,4,0,12,3,3,2,2,2,2,1.0,1.0,1.5,1.0,0.1666666666666666,High,1,🟠 Promotion-Stalled,0,1.0701212039547332,-0.08591344115098606
27,0,Travel_Frequently,1410,Sales,3,1,Medical,4,Female,71,4,2,Sales Executive,4,Divorced,4647,16673,1,Yes,20,4,2,2,6,3,3,6,5,0,4,0.0,0.8333333333333334,0.5,0.6666666666666666,0.3333333333333333,Medium,1,🟠 Promotion-Stalled,0,-0.03308683848393026,-1.0004956041429065
37,0,Travel_Rarely,1225,Research & Development,10,2,Life Sciences,4,Male,80,4,1,Research Scientist,4,Single,4680,15232,3,No,17,3,1,0,4,2,3,1,0,0,0,0.0,0.0,2.0,0.0,0.25,Low,0,🚀 Fast-Track Performers,1,-2.815862399179934,-0.013425774107247547
50,0,Travel_Rarely,1207,Research & Development,28,1,Medical,4,Male,74,4,1,Laboratory Technician,3,Married,3221,3297,1,Yes,11,3,3,3,20,3,3,20,8,3,8,0.15,0.4,0.15,0.4,0.05,Low,1,🟠 Promotion-Stalled,0,0.46815077337243993,-0.13755291182821036
34,0,Travel_Rarely,1442,Research & Development,9,3,Medical,4,Female,46,2,3,Healthcare Representative,2,Single,8621,17654,1,No,14,3,2,0,9,3,4,8,7,7,7,0.875,0.875,0.375,0.875,0.3333333333333333,High,1,🟠 Promotion-Stalled,0,2.286983157485837,1.1410153391919582
24,1,Travel_Rarely,693,Sales,3,2,Life Sciences,1,Female,65,3,2,Sales Executive,3,Single,4577,24785,9,No,14,3,1,0,4,3,3,2,2,2,0,1.0,1.0,1.5,0.0,0.5,High,1,🟠 Promotion-Stalled,0,-0.4054046717149904,1.1600546720348979
39,0,Travel_Rarely,408,Research & Development,2,4,Technical Degree,4,Female,80,2,2,Healthcare Representative,3,Single,4553,20978,1,No,11,3,1,0,20,4,3,20,7,11,10,0.55,0.35,0.2,0.5,0.1,Medium,1,🟠 Promotion-Stalled,0,1.6692484285058105,2.1185131607772876
32,0,Travel_Rarely,929,Sales,10,3,Marketing,4,Male,55,3,2,Sales Executive,4,Single,5396,21703,1,No,12,3,4,0,10,2,2,10,7,0,8,0.0,0.7,0.2,0.8,0.2,Medium,1,🟠 Promotion-Stalled,0,0.6407467187564743,-1.3268235417888268
50,1,Travel_Frequently,562,Sales,8,2,Technical Degree,2,Male,50,3,2,Sales Executive,3,Married,6796,23452,3,Yes,14,3,1,1,18,4,3,4,3,1,3,0.25,0.75,1.0,0.75,0.1111111111111111,Medium,1,🟠 Promotion-Stalled,0,0.11742193170272025,-0.32628213901563663
38,0,Travel_Rarely,827,Research & Development,1,4,Life Sciences,2,Female,33,4,2,Healthcare Representative,4,Single,7625,19383,0,No,13,3,3,0,10,4,2,9,7,1,8,0.1111111111111111,0.7777777777777778,0.4444444444444444,0.8888888888888888,0.2,Medium,1,🟠 Promotion-Stalled,0,0.7555414075325462,-0.5740966241669323
27,0,Travel_Rarely,608,Research & Development,1,2,Life Sciences,3,Female,68,3,3,Manufacturing Director,1,Married,7412,6009,1,No,11,3,4,0,9,3,3,9,7,0,7,0.0,0.7777777777777778,0.3333333333333333,0.7777777777777778,0.3333333333333333,Medium,1,🟠 Promotion-Stalled,0,0.5865821089930191,-0.5898753799869733
32,0,Travel_Rarely,1018,Research & Development,3,2,Life Sciences,3,Female,39,3,3,Research Director,4,Single,11159,19373,3,No,15,3,4,0,10,6,3,7,7,7,7,1.0,1.0,0.8571428571428571,1.0,0.3,High,1,🟠 Promotion-Stalled,0,2.258914176320205,2.0092725911058746
47,0,Travel_Rarely,703,Sales,14,4,Marketing,4,Male,42,3,2,Sales Executive,1,Single,4960,11825,2,No,12,3,4,0,20,2,3,7,7,1,7,0.1428571428571428,1.0,0.2857142857142857,1.0,0.1,Medium,1,🟠 Promotion-Stalled,0,1.519172492985121,-1.533710911543136
40,0,Travel_Frequently,580,Sales,5,4,Life Sciences,4,Male,48,2,3,Sales Executive,1,Married,10475,23772,5,Yes,21,4,3,1,20,2,3,18,13,1,12,0.0555555555555555,0.7222222222222222,0.1111111111111111,0.6666666666666666,0.15,Medium,1,🟠 Promotion-Stalled,0,1.6796490409141405,-0.5776606666346354
53,0,Travel_Rarely,970,Research & Development,7,3,Life Sciences,3,Male,59,4,4,Research Director,3,Married,14814,13514,3,No,19,3,3,0,32,3,3,5,1,1,3,0.2,0.2,0.6,0.6,0.125,Low,1,🟠 Promotion-Stalled,0,-0.3369703315917966,0.4276499477104632
41,0,Travel_Rarely,427,Human Resources,10,4,Human Resources,2,Male,73,2,5,Manager,4,Divorced,19141,8861,3,No,15,3,2,3,23,2,2,21,6,12,6,0.5714285714285714,0.2857142857142857,0.0952380952380952,0.2857142857142857,0.217391304347826,Medium,1,🟠 Promotion-Stalled,0,2.0145023969334948,3.013001153851376
60,0,Travel_Rarely,1179,Sales,16,4,Marketing,1,Male,84,3,2,Sales Executive,1,Single,5405,11924,8,No,14,3,4,0,10,1,3,2,2,2,2,1.0,1.0,0.5,1.0,0.2,High,1,🟠 Promotion-Stalled,0,1.5737905349117594,-0.9614350928637285
27,0,Travel_Frequently,294,Research & Development,10,2,Life Sciences,4,Male,32,3,3,Manufacturing Director,1,Divorced,8793,4809,1,No,21,4,3,2,9,4,2,9,7,1,7,0.1111111111111111,0.7777777777777778,0.4444444444444444,0.7777777777777778,0.3333333333333333,Medium,1,🟠 Promotion-Stalled,0,0.6018359306379323,-0.11382496240097055
41,0,Travel_Rarely,314,Human Resources,1,3,Human Resources,4,Male,59,2,5,Manager,3,Married,19189,19562,1,No,12,3,2,1,22,3,3,22,7,2,10,0.0909090909090909,0.3181818181818182,0.1363636363636363,0.4545454545454545,0.2272727272727272,Low,1,🟠 Promotion-Stalled,0,0.6958804848109623,1.127339233300407
50,0,Travel_Rarely,316,Sales,8,4,Marketing,4,Male,54,3,1,Sales Representative,2,Married,3875,9983,7,No,15,3,4,1,4,2,3,2,2,2,2,1.0,1.0,1.0,1.0,0.25,High,1,🟠 Promotion-Stalled,0,1.0072524718492333,-0.8615664704878373
28,1,Travel_Rarely,654,Research & Development,1,2,Life Sciences,1,Female,67,1,1,Research Scientist,2,Single,2216,3872,7,Yes,13,3,4,0,10,4,3,7,7,3,7,0.4285714285714285,1.0,0.5714285714285714,1.0,0.1,Medium,1,🟠 Promotion-Stalled,0,1.5000648967310908,-0.6407619430557642
36,0,Non-Travel,427,Research & Development,8,3,Life Sciences,1,Female,63,4,3,Research Director,1,Married,11713,20335,9,No,14,3,1,1,10,2,3,8,7,0,5,0.0,0.875,0.25,0.625,0.3,Medium,1,🟠 Promotion-Stalled,0,0.6906706252095443,-0.8810358883757244
38,0,Travel_Rarely,168,Research & Development,1,3,Life Sciences,3,Female,81,3,3,Manufacturing Director,3,Single,7861,15397,4,Yes,14,3,4,0,10,4,4,1,0,0,0,0.0,0.0,4.0,0.0,0.3,Low,0,🚀 Fast-Track Performers,1,-3.4330969819410493,1.9122596788772248
44,0,Non-Travel,381,Research & Development,24,3,Medical,1,Male,49,1,1,Laboratory Technician,3,Single,3708,2104,2,No,14,3,3,0,9,5,3,5,2,1,4,0.2,0.4,1.0,0.8,0.1111111111111111,Low,1,🟠 Promotion-Stalled,0,-0.6753600208607432,-0.22771474869807767
47,0,Travel_Frequently,217,Sales,3,3,Medical,4,Female,49,3,4,Sales Executive,3,Divorced,13770,10225,9,Yes,12,3,4,2,28,2,2,22,2,11,13,0.5,0.0909090909090909,0.0909090909090909,0.5909090909090909,0.1428571428571428,Medium,1,🟠 Promotion-Stalled,0,1.358960690336623,2.112207442306098
30,0,Travel_Rarely,501,Sales,27,5,Marketing,3,Male,99,3,2,Sales Executive,4,Divorced,5304,25275,7,No,23,4,4,1,10,2,2,8,7,7,7,0.875,0.875,0.25,0.875,0.2,High,1,🟠 Promotion-Stalled,0,2.350404175504025,0.2730068678554655
29,0,Travel_Rarely,1396,Sales,10,3,Life Sciences,3,Male,99,3,1,Sales Representative,3,Single,2642,2755,1,No,11,3,3,0,1,6,3,1,0,0,0,0.0,0.0,6.0,0.0,1.0,Low,0,🚀 Fast-Track Performers,1,-5.818623970125854,2.8057563577392157
42,1,Travel_Frequently,933,Research & Development,19,3,Medical,3,Male,57,4,1,Research Scientist,3,Divorced,2759,20366,6,Yes,12,3,4,0,7,2,3,2,2,2,2,1.0,1.0,1.0,1.0,0.1428571428571428,High,1,🟠 Promotion-Stalled,0,1.1845654732602542,-0.8905082632534774
43,0,Travel_Frequently,775,Sales,15,3,Life Sciences,4,Male,47,2,2,Sales Executive,4,Married,6804,23683,3,No,18,3,3,1,7,5,3,2,2,2,2,1.0,1.0,2.5,1.0,0.2857142857142857,High,1,🟠 Promotion-Stalled,0,0.2893807441660169,0.7877569416315624
34,0,Travel_Rarely,970,Research & Development,8,2,Medical,2,Female,96,3,2,Healthcare Representative,3,Single,6142,7360,3,No,11,3,4,0,10,2,3,5,1,4,3,0.8,0.2,0.4,0.6,0.2,Medium,1,🟠 Promotion-Stalled,0,0.20531850069654065,0.54197956858818
23,0,Travel_Rarely,650,Research & Development,9,1,Medical,2,Male,37,3,1,Laboratory Technician,1,Married,2500,4344,1,No,14,3,4,1,5,2,4,4,3,0,2,0.0,0.75,0.5,0.5,0.2,Medium,1,🟠 Promotion-Stalled,0,-0.4194077134411835,-1.4842746772992377
39,0,Travel_Rarely,141,Human Resources,3,3,Human Resources,3,Female,44,4,2,Human Resources,2,Married,6389,18767,9,No,15,3,3,1,12,3,1,8,3,3,6,0.375,0.375,0.375,0.75,0.1666666666666666,Medium,1,🟠 Promotion-Stalled,0,0.27439433104778305,-0.02358503259359753
56,0,Travel_Rarely,832,Research & Development,9,3,Medical,3,Male,81,3,4,Healthcare Representative,4,Married,11103,20420,7,No,11,3,3,0,30,1,2,10,7,1,1,0.1,0.7,0.1,0.1,0.1333333333333333,Medium,1,🟠 Promotion-Stalled,0,0.7905575923637321,0.034007678186905234
40,0,Travel_Rarely,804,Research & Development,2,1,Medical,4,Female,86,2,1,Research Scientist,4,Single,2342,22929,0,Yes,20,4,4,0,5,2,2,4,2,2,3,0.5,0.5,0.5,0.75,0.2,Medium,1,🟠 Promotion-Stalled,0,0.026974147654865423,-0.8637738730936816
27,0,Travel_Rarely,975,Research & Development,7,3,Medical,4,Female,55,2,2,Healthcare Representative,1,Single,6811,23398,8,No,19,3,1,0,9,2,1,7,6,0,7,0.0,0.8571428571428571,0.2857142857142857,1.0,0.2222222222222222,Medium,1,🟠 Promotion-Stalled,0,0.7766783969272656,-1.7519011222087704
29,0,Travel_Rarely,1090,Sales,10,3,Marketing,4,Male,83,3,1,Sales Representative,2,Divorced,2297,17967,1,No,14,3,4,2,2,2,3,2,2,2,2,1.0,1.0,1.0,1.0,0.5,High,1,🟠 Promotion-Stalled,0,0.6468635022292659,-0.7018650569461203
53,0,Travel_Rarely,346,Research & Development,6,3,Life Sciences,4,Male,86,3,2,Laboratory Technician,4,Single,2450,10919,2,No,17,3,4,0,19,4,3,2,2,2,2,1.0,1.0,2.0,1.0,0.1052631578947368,High,1,🟠 Promotion-Stalled,0,0.8439643331000842,0.2562030241812903
35,0,Non-Travel,1225,Research & Development,2,4,Life Sciences,4,Female,61,3,2,Healthcare Representative,1,Divorced,5093,4761,2,No,11,3,1,1,16,2,4,1,0,0,0,0.0,0.0,2.0,0.0,0.125,Low,0,🚀 Fast-Track Performers,1,-2.3888417686440535,0.33597635620063776
32,0,Travel_Frequently,430,Research & Development,24,4,Life Sciences,1,Male,80,3,2,Laboratory Technician,4,Married,5309,21146,1,No,15,3,4,2,10,2,3,10,8,4,7,0.4,0.8,0.2,0.7,0.2,Medium,1,🟠 Promotion-Stalled,0,1.5504855205156083,-0.2859078004840554
38,0,Travel_Rarely,268,Research & Development,2,5,Medical,4,Male,92,3,1,Research Scientist,3,Married,3057,20471,6,Yes,13,3,2,1,6,0,1,1,0,0,1,0.0,0.0,0.0,1.0,0.1666666666666666,Low,1,🟠 Promotion-Stalled,0,-0.723258984897872,-2.240928118188563
34,0,Travel_Rarely,167,Research & Development,8,5,Life Sciences,2,Female,32,3,2,Manufacturing Director,1,Divorced,5121,4187,3,No,14,3,3,1,7,3,3,0,0,0,0,0.0,0.0,3.0,0.0,0.2857142857142857,Low,0,🚀 Fast-Track Performers,1,-3.1302091831253,0.9730495085064781
52,0,Travel_Rarely,621,Sales,3,4,Marketing,3,Male,31,2,4,Manager,1,Married,16856,10084,1,No,11,3,1,0,34,3,4,34,6,1,16,0.0294117647058823,0.1764705882352941,0.088235294117647,0.4705882352941176,0.1176470588235294,Low,1,🟠 Promotion-Stalled,0,0.24780270040683858,0.5528447086237814
33,1,Travel_Rarely,527,Research & Development,1,4,Other,4,Male,63,3,1,Research Scientist,4,Single,2686,5207,1,Yes,13,3,3,0,10,2,2,10,9,7,8,0.7,0.9,0.2,0.8,0.1,High,1,🟠 Promotion-Stalled,0,2.433250813345091,-0.06930911758098096
25,0,Travel_Rarely,883,Sales,26,1,Medical,3,Female,32,3,2,Sales Executive,4,Single,6180,22807,1,No,23,4,2,0,6,5,2,6,5,1,4,0.1666666666666666,0.8333333333333334,0.8333333333333334,0.6666666666666666,0.3333333333333333,Medium,1,🟠 Promotion-Stalled,0,-0.09539387018521618,-0.03441574835454736
45,0,Travel_Rarely,954,Sales,2,2,Technical Degree,2,Male,46,1,2,Sales Representative,3,Single,6632,12388,0,No,13,3,1,0,9,3,3,8,7,3,1,0.375,0.875,0.375,0.125,0.2222222222222222,Medium,1,🟠 Promotion-Stalled,0,0.6475941126036122,0.4277609842196315
23,0,Travel_Rarely,310,Research & Development,10,1,Medical,1,Male,79,4,1,Research Scientist,3,Single,3505,19630,1,No,18,3,4,0,2,3,3,2,2,0,2,0.0,1.0,1.5,1.0,0.5,Medium,1,🟠 Promotion-Stalled,0,-0.7256064901670558,-1.5568874543065345
47,1,Travel_Frequently,719,Sales,27,2,Life Sciences,2,Female,77,4,2,Sales Executive,3,Single,6397,10339,4,Yes,12,3,4,0,8,2,3,5,4,1,3,0.2,0.8,0.4,0.6,0.25,Medium,1,🟠 Promotion-Stalled,0,0.32116736083549297,-0.8721497905361184
34,0,Travel_Rarely,304,Sales,2,3,Other,4,Male,60,3,2,Sales Executive,4,Single,6274,18686,1,No,22,4,3,0,6,5,3,6,5,1,4,0.1666666666666666,0.8333333333333334,0.8333333333333334,0.6666666666666666,0.3333333333333333,Medium,1,🟠 Promotion-Stalled,0,-0.08872619930949767,-0.022894427885144453
55,1,Travel_Rarely,725,Research & Development,2,3,Medical,4,Male,78,3,5,Manager,1,Married,19859,21199,5,Yes,13,3,4,1,24,2,3,5,2,1,4,0.2,0.4,0.4,0.8,0.2083333333333333,Low,1,🟠 Promotion-Stalled,0,0.4870589269062284,0.2030031924074766
36,0,Non-Travel,1434,Sales,8,4,Life Sciences,1,Male,76,2,3,Sales Executive,1,Single,7587,14229,1,No,15,3,2,0,10,1,3,10,7,0,9,0.0,0.7,0.1,0.9,0.3,Medium,1,🟠 Promotion-Stalled,0,0.8957169703116391,-1.3788048765125789
52,0,Non-Travel,715,Research & Development,19,4,Medical,4,Male,41,3,1,Research Scientist,4,Married,4258,26589,0,No,18,3,1,1,5,3,3,4,3,1,2,0.25,0.75,0.75,0.5,0.2,Medium,1,🟠 Promotion-Stalled,0,-0.3046800253049201,-0.772174121593584
26,0,Travel_Frequently,575,Research & Development,1,2,Life Sciences,1,Female,71,1,1,Laboratory Technician,4,Divorced,4364,5288,3,No,14,3,1,1,5,2,3,2,2,2,0,1.0,1.0,1.0,0.0,0.2,High,1,🟠 Promotion-Stalled,0,0.11454979090004992,0.19175612806204073
29,0,Travel_Rarely,657,Research & Development,27,3,Medical,2,Female,66,3,2,Healthcare Representative,3,Married,4335,25549,4,No,12,3,1,1,11,3,2,8,7,1,1,0.125,0.875,0.375,0.125,0.1818181818181818,Medium,1,🟠 Promotion-Stalled,0,0.2755238410889984,-0.1387317805772674
26,1,Travel_Rarely,1146,Sales,8,3,Technical Degree,4,Male,38,2,2,Sales Executive,1,Single,5326,3064,6,No,17,3,3,0,6,2,2,4,3,1,2,0.25,0.75,0.5,0.5,0.3333333333333333,Medium,1,🟠 Promotion-Stalled,0,-0.10853015175140487,-0.6932471902857015
34,0,Travel_Rarely,182,Research & Development,1,4,Life Sciences,2,Female,72,4,1,Research Scientist,4,Single,3280,13551,2,No,16,3,3,0,10,2,3,4,2,1,3,0.25,0.5,0.5,0.75,0.1,Medium,1,🟠 Promotion-Stalled,0,-0.12269034352489297,-1.2691584398672149
54,0,Travel_Rarely,376,Research & Development,19,4,Medical,4,Female,95,3,2,Manufacturing Director,1,Divorced,5485,22670,9,Yes,11,3,2,2,9,4,3,5,3,1,4,0.2,0.6,0.8,0.8,0.2222222222222222,Medium,1,🟠 Promotion-Stalled,0,-0.10667418214086917,-0.2561735512844726
27,0,Travel_Frequently,829,Sales,8,1,Marketing,3,Male,84,3,2,Sales Executive,4,Married,4342,24008,0,No,19,3,2,1,5,3,3,4,2,1,1,0.25,0.5,0.75,0.25,0.4,Medium,1,🟠 Promotion-Stalled,0,-1.0478253389169336,0.1301646389474927
37,0,Travel_Rarely,571,Research & Development,10,1,Life Sciences,4,Female,82,3,1,Research Scientist,1,Divorced,2782,19905,0,Yes,13,3,2,2,6,3,2,5,3,4,3,0.8,0.6,0.6,0.6,0.1666666666666666,Medium,1,🟠 Promotion-Stalled,0,0.5695530249202818,0.23421164077250736
38,0,Travel_Frequently,240,Research & Development,2,4,Life Sciences,1,Female,75,4,2,Manufacturing Director,1,Single,5980,26085,6,Yes,12,3,4,0,17,2,3,15,7,4,12,0.2666666666666666,0.4666666666666667,0.1333333333333333,0.8,0.1176470588235294,Medium,1,🟠 Promotion-Stalled,0,1.2076316603178365,-0.3060687142668425
34,0,Travel_Rarely,121,Research & Development,2,4,Medical,3,Female,86,2,1,Research Scientist,1,Single,4381,7530,1,No,11,3,3,0,6,3,3,6,5,1,3,0.1666666666666666,0.8333333333333334,0.5,0.5,0.1666666666666666,Medium,1,🟠 Promotion-Stalled,0,0.15974941424155242,-0.8559606202722086
35,0,Travel_Rarely,384,Sales,8,4,Life Sciences,1,Female,72,3,1,Sales Representative,4,Married,2572,20317,1,No,16,3,2,1,3,1,2,3,2,0,2,0.0,0.6666666666666666,0.3333333333333333,0.6666666666666666,0.3333333333333333,Medium,1,🟠 Promotion-Stalled,0,-0.5337872763975446,-1.9157449882504518
30,0,Travel_Rarely,921,Research & Development,1,3,Life Sciences,4,Male,38,1,1,Laboratory Technician,3,Married,3833,24375,3,No,21,4,3,2,7,2,3,2,2,0,2,0.0,1.0,1.0,1.0,0.1428571428571428,Medium,1,🟠 Promotion-Stalled,0,0.06172990553928375,-2.239255441219362
40,0,Travel_Frequently,791,Research & Development,2,2,Medical,3,Female,38,4,2,Healthcare Representative,2,Married,4244,9931,1,No,24,4,4,1,8,2,3,8,7,3,7,0.375,0.875,0.25,0.875,0.25,Medium,1,🟠 Promotion-Stalled,0,1.394204721083232,-0.8170100087915323
34,0,Travel_Rarely,1111,Sales,8,2,Life Sciences,3,Female,93,3,2,Sales Executive,1,Married,6500,13305,5,No,17,3,2,1,6,1,3,3,2,1,2,0.3333333333333333,0.6666666666666666,0.3333333333333333,0.6666666666666666,0.3333333333333333,Medium,1,🟠 Promotion-Stalled,0,0.05560764665431829,-1.103927631453874
42,0,Travel_Frequently,570,Research & Development,8,3,Life Sciences,2,Male,66,3,5,Manager,4,Divorced,18430,16225,1,No,13,3,2,1,24,4,2,24,7,14,9,0.5833333333333334,0.2916666666666667,0.1666666666666666,0.375,0.2083333333333333,Medium,1,🟠 Promotion-Stalled,0,2.3059943529171725,3.9124460547897004
23,1,Travel_Rarely,1243,Research & Development,6,3,Life Sciences,3,Male,63,4,1,Laboratory Technician,1,Married,1601,3445,1,Yes,21,4,3,2,1,2,3,0,0,0,0,0.0,0.0,2.0,0.0,1.0,Low,0,🚀 Fast-Track Performers,1,-3.9437030041698655,0.38502922323208305
24,0,Non-Travel,1092,Research & Development,9,3,Life Sciences,3,Male,60,2,1,Laboratory Technician,2,Divorced,2694,26551,1,No,11,3,3,3,1,4,3,1,0,0,0,0.0,0.0,4.0,0.0,1.0,Low,0,🚀 Fast-Track Performers,1,-4.847825132769267,1.652999392832664
52,0,Travel_Rarely,1325,Research & Development,11,4,Life Sciences,4,Female,82,3,2,Laboratory Technician,3,Married,3149,21821,8,No,20,4,2,1,9,3,3,5,2,1,4,0.2,0.4,0.6,0.8,0.2222222222222222,Low,1,🟠 Promotion-Stalled,0,-0.35198245518740856,-0.5805445898267475
50,0,Travel_Rarely,691,Research & Development,2,3,Medical,3,Male,64,3,4,Research Director,3,Married,17639,6881,5,No,16,3,4,0,30,3,3,4,3,0,3,0.0,0.75,0.75,0.75,0.1333333333333333,Medium,1,🟠 Promotion-Stalled,0,0.33703353144664866,-0.38561054565380853
29,1,Travel_Rarely,805,Research & Development,1,2,Life Sciences,2,Female,36,2,1,Laboratory Technician,1,Married,2319,6689,1,Yes,11,3,4,1,1,1,3,1,0,0,0,0.0,0.0,1.0,0.0,1.0,Low,0,🚀 Fast-Track Performers,1,-3.391626876734386,-0.07613605452716367
33,0,Travel_Rarely,213,Research & Development,7,3,Medical,3,Male,49,3,3,Research Director,3,Married,11691,25995,0,No,11,3,4,0,14,3,4,13,9,3,7,0.2307692307692307,0.6923076923076923,0.2307692307692307,0.5384615384615384,0.2142857142857142,Medium,1,🟠 Promotion-Stalled,0,1.253958098444063,0.4088001466429018
33,1,Travel_Rarely,118,Sales,16,3,Marketing,1,Female,69,3,2,Sales Executive,1,Single,5324,26507,5,No,15,3,3,0,6,3,3,3,2,0,2,0.0,0.6666666666666666,1.0,0.6666666666666666,0.3333333333333333,Medium,1,🟠 Promotion-Stalled,0,-0.7546277855130881,-0.7711299266997257
47,0,Travel_Rarely,202,Research & Development,2,2,Other,3,Female,33,3,4,Manager,4,Married,16752,12982,1,Yes,11,3,3,1,26,3,2,26,14,3,0,0.1153846153846153,0.5384615384615384,0.1153846153846153,0.0,0.1538461538461538,Medium,1,🟠 Promotion-Stalled,0,1.4076578168667369,1.4740169909243526
36,0,Travel_Rarely,676,Research & Development,1,3,Other,3,Female,35,3,2,Manufacturing Director,2,Married,5228,23361,0,No,15,3,1,1,10,2,3,9,7,0,5,0.0,0.7777777777777778,0.2222222222222222,0.5555555555555556,0.2,Medium,1,🟠 Promotion-Stalled,0,0.46154481252822555,-1.1582839523721646
29,0,Travel_Rarely,1252,Research & Development,23,2,Life Sciences,3,Male,81,4,1,Research Scientist,3,Married,2700,23779,1,No,24,4,3,1,10,3,3,10,7,0,7,0.0,0.7,0.3,0.7,0.1,Medium,1,🟠 Promotion-Stalled,0,0.2857614040655314,-1.447662014106118
58,1,Travel_Rarely,286,Research & Development,2,4,Life Sciences,4,Male,31,3,5,Research Director,2,Single,19246,25761,7,Yes,12,3,4,0,40,2,3,31,15,13,8,0.4193548387096774,0.4838709677419355,0.064516129032258,0.2580645161290322,0.125,Medium,1,🟠 Promotion-Stalled,0,3.461358303625493,3.1934718374391413
35,0,Travel_Rarely,1258,Research & Development,1,4,Life Sciences,4,Female,40,4,1,Research Scientist,3,Single,2506,13301,3,No,13,3,3,0,7,0,3,2,2,2,2,1.0,1.0,0.0,1.0,0.1428571428571428,High,1,🟠 Promotion-Stalled,0,1.7438433604924242,-1.7742659402397922
42,0,Travel_Rarely,932,Research & Development,1,2,Life Sciences,4,Female,43,2,2,Manufacturing Director,4,Married,6062,4051,9,Yes,13,3,4,1,8,4,3,4,3,0,2,0.0,0.75,1.0,0.5,0.25,Medium,1,🟠 Promotion-Stalled,0,-0.6461840041144142,-0.35677703186565535
28,1,Travel_Rarely,890,Research & Development,2,4,Medical,3,Male,46,3,1,Research Scientist,3,Single,4382,16374,6,No,17,3,4,0,5,3,2,2,2,2,1,1.0,1.0,1.5,0.5,0.2,High,1,🟠 Promotion-Stalled,0,0.2979648391809698,0.0575916965648188
36,0,Travel_Rarely,1041,Human Resources,13,3,Human Resources,3,Male,36,3,1,Human Resources,2,Married,2143,25527,4,No,13,3,2,1,8,2,3,5,2,0,4,0.0,0.4,0.4,0.8,0.125,Low,1,🟠 Promotion-Stalled,0,-0.48604074380325324,-1.6099790323929977
32,0,Travel_Rarely,859,Research & Development,4,3,Life Sciences,3,Female,98,2,2,Manufacturing Director,3,Married,6162,19124,1,No,12,3,3,1,14,3,3,14,13,6,8,0.4285714285714285,0.9285714285714286,0.2142857142857142,0.5714285714285714,0.1428571428571428,Medium,1,🟠 Promotion-Stalled,0,2.449317626548587,0.5747344873079172
40,0,Travel_Frequently,720,Research & Development,16,4,Medical,1,Male,51,2,2,Laboratory Technician,3,Single,5094,11983,6,No,14,3,4,0,10,6,3,1,0,0,0,0.0,0.0,6.0,0.0,0.2,Low,0,🚀 Fast-Track Performers,1,-4.460559448133089,2.651380352527226
30,0,Travel_Rarely,946,Research & Development,2,3,Medical,3,Female,52,2,2,Manufacturing Director,4,Single,6877,20234,5,Yes,24,4,2,0,12,4,2,0,0,0,0,0.0,0.0,4.0,0.0,0.1666666666666666,Low,0,🚀 Fast-Track Performers,1,-3.507496434134262,1.3636528371836703
45,0,Travel_Rarely,252,Research & Development,2,3,Life Sciences,2,Female,95,2,1,Research Scientist,3,Single,2274,6153,1,No,14,3,4,0,1,3,3,1,0,0,0,0.0,0.0,3.0,0.0,1.0,Low,0,🚀 Fast-Track Performers,1,-4.382428726718128,1.0420569489711793
42,0,Travel_Rarely,933,Research & Development,29,3,Life Sciences,2,Male,98,3,2,Manufacturing Director,2,Married,4434,11806,1,No,13,3,4,1,10,3,2,9,8,7,8,0.7777777777777778,0.8888888888888888,0.3333333333333333,0.8888888888888888,0.2,High,1,🟠 Promotion-Stalled,0,2.372547853682482,0.627342608767247
38,0,Travel_Frequently,471,Research & Development,12,3,Life Sciences,1,Male,45,2,2,Healthcare Representative,1,Divorced,6288,4284,2,No,15,3,3,1,13,3,2,4,3,1,2,0.25,0.75,0.75,0.5,0.1538461538461538,Medium,1,🟠 Promotion-Stalled,0,-0.013426424783296077,-0.4106022310326394
34,0,Travel_Frequently,702,Research & Development,16,4,Life Sciences,3,Female,100,2,1,Research Scientist,4,Single,2553,8306,1,No,16,3,3,0,6,3,3,5,2,1,3,0.2,0.4,0.6,0.6,0.1666666666666666,Low,1,🟠 Promotion-Stalled,0,-0.641786250370694,-0.7074650122093984
49,1,Travel_Rarely,1184,Sales,11,3,Marketing,3,Female,43,3,3,Sales Executive,4,Married,7654,5860,1,No,18,3,1,2,9,3,4,9,8,7,7,0.7777777777777778,0.8888888888888888,0.3333333333333333,0.7777777777777778,0.3333333333333333,High,1,🟠 Promotion-Stalled,0,2.2388453894150238,1.1221782319414175
55,1,Travel_Rarely,436,Sales,2,1,Medical,3,Male,37,3,2,Sales Executive,4,Single,5160,21519,4,No,16,3,3,0,12,3,2,9,7,7,3,0.7777777777777778,0.7777777777777778,0.3333333333333333,0.3333333333333333,0.1666666666666666,High,1,🟠 Promotion-Stalled,0,1.6143370559602008,1.225218931110759
43,0,Travel_Rarely,589,Research & Development,14,2,Life Sciences,2,Male,94,3,4,Research Director,1,Married,17159,5200,6,No,24,4,3,1,22,3,3,4,1,1,0,0.25,0.25,0.75,0.0,0.1818181818181818,Low,1,🟠 Promotion-Stalled,0,-1.0001693978053117,1.0929174886812567
27,0,Travel_Rarely,269,Research & Development,5,1,Technical Degree,3,Male,42,2,3,Research Director,4,Divorced,12808,8842,1,Yes,16,3,2,1,9,3,3,9,8,0,8,0.0,0.8888888888888888,0.3333333333333333,0.8888888888888888,0.3333333333333333,Medium,1,🟠 Promotion-Stalled,0,0.9080450118094044,-0.8234852577420448
35,0,Travel_Rarely,950,Research & Development,7,3,Other,3,Male,59,3,3,Manufacturing Director,3,Single,10221,18869,3,No,21,4,2,0,17,3,4,8,5,1,6,0.125,0.625,0.375,0.75,0.1764705882352941,Medium,1,🟠 Promotion-Stalled,0,0.5101305510902211,-0.423740426802137
28,0,Travel_Rarely,760,Sales,2,4,Marketing,2,Female,81,3,2,Sales Executive,2,Married,4779,3698,1,Yes,20,4,1,0,8,2,3,8,7,7,5,0.875,0.875,0.25,0.625,0.25,High,1,🟠 Promotion-Stalled,0,2.0538004400510337,0.6050661720518717
34,0,Travel_Rarely,829,Human Resources,3,2,Human Resources,3,Male,88,3,1,Human Resources,4,Married,3737,2243,0,No,19,3,3,1,4,1,1,3,2,0,2,0.0,0.6666666666666666,0.3333333333333333,0.6666666666666666,0.25,Medium,1,🟠 Promotion-Stalled,0,-0.4314380755261384,-1.9997023140160985
26,1,Travel_Frequently,887,Research & Development,5,2,Medical,3,Female,88,2,1,Research Scientist,3,Married,2366,20898,1,Yes,14,3,1,1,8,2,3,8,7,1,7,0.125,0.875,0.25,0.875,0.125,Medium,1,🟠 Promotion-Stalled,0,1.0028632373315656,-1.6843168920573137
27,0,Non-Travel,443,Research & Development,3,3,Medical,4,Male,50,3,1,Research Scientist,4,Married,1706,16571,1,No,11,3,3,3,0,6,2,0,0,0,0,0.0,0.0,6.0,0.0,0.0,Low,0,🚀 Fast-Track Performers,1,-4.350397408143111,2.2130359854499595
51,0,Travel_Rarely,1318,Sales,26,4,Marketing,1,Female,66,3,4,Manager,3,Married,16307,5594,2,No,14,3,3,1,29,2,2,20,6,4,17,0.2,0.3,0.1,0.85,0.1379310344827586,Low,1,🟠 Promotion-Stalled,0,1.2688089072034574,0.3707058206922143
44,0,Travel_Rarely,625,Research & Development,4,3,Medical,4,Male,50,3,2,Healthcare Representative,2,Single,5933,5197,9,No,12,3,4,0,10,2,2,5,2,2,3,0.4,0.4,0.4,0.6,0.2,Medium,1,🟠 Promotion-Stalled,0,-0.017546627881046294,-0.2930882819702132
25,0,Travel_Rarely,180,Research & Development,2,1,Medical,1,Male,65,4,1,Research Scientist,1,Single,3424,21632,7,No,13,3,3,0,6,3,2,4,3,0,1,0.0,0.75,0.75,0.25,0.1666666666666666,Medium,1,🟠 Promotion-Stalled,0,-0.7887540363888191,-0.8586633522380296
33,0,Travel_Rarely,586,Sales,1,3,Medical,1,Male,48,4,2,Sales Executive,1,Divorced,4037,21816,1,No,22,4,1,1,9,5,3,9,8,0,8,0.0,0.8888888888888888,0.5555555555555556,0.8888888888888888,0.2222222222222222,Medium,1,🟠 Promotion-Stalled,0,0.5766293119383274,-0.6587815926265904
35,0,Travel_Rarely,1343,Research & Development,27,1,Medical,3,Female,53,2,1,Research Scientist,1,Single,2559,17852,1,No,11,3,4,0,6,3,2,6,5,1,1,0.1666666666666666,0.8333333333333334,0.5,0.1666666666666666,0.1666666666666666,Medium,1,🟠 Promotion-Stalled,0,-0.1645111457331272,-0.4988148547072293
36,0,Travel_Rarely,928,Sales,1,2,Life Sciences,2,Male,56,3,2,Sales Executive,4,Married,6201,2823,1,Yes,14,3,4,1,18,1,2,18,14,4,11,0.2222222222222222,0.7777777777777778,0.0555555555555555,0.6111111111111112,0.1111111111111111,Medium,1,🟠 Promotion-Stalled,0,2.2966237470706194,-0.4976864108699992
32,0,Travel_Rarely,117,Sales,13,4,Life Sciences,2,Male,73,3,2,Sales Executive,4,Divorced,4403,9250,2,No,11,3,3,1,8,3,2,5,2,0,3,0.0,0.4,0.6,0.6,0.25,Low,1,🟠 Promotion-Stalled,0,-0.8088205685300747,-0.5922326358098584
30,0,Travel_Frequently,1012,Research & Development,5,4,Life Sciences,2,Male,75,2,1,Research Scientist,4,Divorced,3761,2373,9,No,12,3,2,1,10,3,2,5,4,0,3,0.0,0.8,0.6,0.6,0.1,Medium,1,🟠 Promotion-Stalled,0,-0.10510847925329413,-1.3095919489981052
53,0,Travel_Rarely,661,Sales,7,2,Marketing,1,Female,78,2,3,Sales Executive,4,Married,10934,20715,7,Yes,18,3,4,1,35,3,3,5,2,0,4,0.0,0.4,0.6,0.8,0.0857142857142857,Low,1,🟠 Promotion-Stalled,0,-0.21624299417297663,-0.630180574140277
45,0,Travel_Rarely,930,Sales,9,3,Marketing,4,Male,74,3,3,Sales Executive,1,Divorced,10761,19239,4,Yes,12,3,3,1,18,2,3,5,4,0,2,0.0,0.8,0.4,0.4,0.1666666666666666,Medium,1,🟠 Promotion-Stalled,0,0.17094277930983587,-0.6990232858594818
32,0,Travel_Rarely,638,Research & Development,8,2,Medical,3,Female,91,4,2,Research Scientist,3,Married,5175,22162,5,No,12,3,3,1,9,3,2,5,3,1,3,0.2,0.6,0.6,0.6,0.2222222222222222,Medium,1,🟠 Promotion-Stalled,0,-0.1463813937220612,-0.40536940815645184
52,0,Travel_Frequently,890,Research & Development,25,4,Medical,3,Female,81,2,4,Manufacturing Director,4,Married,13826,19028,3,No,22,4,3,0,31,3,3,9,8,0,0,0.0,0.8888888888888888,0.3333333333333333,0.0,0.1290322580645161,Medium,1,🟠 Promotion-Stalled,0,0.5067907103409873,0.2930463722500115
37,0,Travel_Rarely,342,Sales,16,4,Marketing,4,Male,66,2,2,Sales Executive,3,Divorced,6334,24558,4,No,19,3,4,2,9,2,3,1,0,0,0,0.0,0.0,2.0,0.0,0.2222222222222222,Low,0,🚀 Fast-Track Performers,1,-2.584927384731457,0.3014313841957587
28,0,Travel_Rarely,1169,Human Resources,8,2,Medical,2,Male,63,2,1,Human Resources,4,Divorced,4936,23965,1,No,13,3,4,1,6,6,3,5,1,0,4,0.0,0.2,1.2,0.8,0.1666666666666666,Low,1,🟠 Promotion-Stalled,0,-1.5401000621142782,-0.046151525824107614
22,0,Travel_Rarely,1230,Research & Development,1,2,Life Sciences,4,Male,33,2,2,Manufacturing Director,4,Married,4775,19146,6,No,22,4,1,2,4,2,1,2,2,2,2,1.0,1.0,1.0,1.0,0.5,High,1,🟠 Promotion-Stalled,0,0.7970084202572443,-0.4396713666737191
44,0,Travel_Rarely,986,Research & Development,8,4,Life Sciences,1,Male,62,4,1,Laboratory Technician,4,Married,2818,5044,2,Yes,24,4,3,1,10,2,2,3,2,0,2,0.0,0.6666666666666666,0.6666666666666666,0.6666666666666666,0.1,Medium,1,🟠 Promotion-Stalled,0,-0.46003967811981383,-1.7568522286796522
42,0,Travel_Frequently,1271,Research & Development,2,1,Medical,2,Male,35,3,1,Research Scientist,4,Single,2515,9068,5,Yes,14,3,4,0,8,2,3,2,1,2,2,1.0,0.5,1.0,1.0,0.125,Medium,1,🟠 Promotion-Stalled,0,0.5127894428400505,-0.5419948335665531
36,0,Travel_Rarely,1278,Human Resources,8,3,Life Sciences,1,Male,77,2,1,Human Resources,1,Married,2342,8635,0,No,21,4,3,0,6,3,3,5,4,0,3,0.0,0.8,0.6,0.6,0.1666666666666666,Medium,1,🟠 Promotion-Stalled,0,-0.26299928793361027,-1.373769141736781
25,0,Travel_Rarely,141,Sales,3,1,Other,3,Male,98,3,2,Sales Executive,1,Married,4194,14363,1,Yes,18,3,4,0,5,3,3,5,3,0,3,0.0,0.6,0.6,0.6,0.4,Medium,1,🟠 Promotion-Stalled,0,-0.7289122185131087,-0.7152566646762057
35,0,Travel_Rarely,607,Research & Development,9,3,Life Sciences,4,Female,66,2,3,Manufacturing Director,3,Married,10685,23457,1,Yes,20,4,2,1,17,2,3,17,14,5,15,0.2941176470588235,0.8235294117647058,0.1176470588235294,0.8823529411764706,0.1764705882352941,Medium,1,🟠 Promotion-Stalled,0,2.7486322259265186,0.03879650423260578
35,1,Travel_Frequently,130,Research & Development,25,4,Life Sciences,4,Female,96,3,1,Research Scientist,2,Divorced,2022,16612,1,Yes,19,3,1,1,10,3,2,10,2,7,8,0.7,0.2,0.3,0.8,0.1,Medium,1,🟠 Promotion-Stalled,0,0.6328014168982526,0.5191185674896551
32,0,Non-Travel,300,Research & Development,1,3,Life Sciences,4,Male,61,3,1,Laboratory Technician,4,Divorced,2314,9148,0,No,12,3,2,1,4,2,3,3,0,0,2,0.0,0.0,0.6666666666666666,0.6666666666666666,0.25,Low,1,🟠 Promotion-Stalled,0,-1.5941985525203834,-1.0441381807430445
25,0,Travel_Rarely,583,Sales,4,1,Marketing,3,Male,87,2,2,Sales Executive,1,Married,4256,18154,1,No,12,3,1,0,5,1,4,5,2,0,3,0.0,0.4,0.2,0.6,0.4,Low,1,🟠 Promotion-Stalled,0,-0.712688633144536,-1.2187698919190006
49,0,Travel_Rarely,1418,Research & Development,1,3,Technical Degree,3,Female,36,3,1,Research Scientist,1,Married,3580,10554,2,No,16,3,2,1,7,2,3,4,2,0,2,0.0,0.5,0.5,0.5,0.1428571428571428,Medium,1,🟠 Promotion-Stalled,0,-0.7519675899003555,-1.3680946254461606
24,0,Non-Travel,1269,Research & Development,4,1,Life Sciences,1,Male,46,2,1,Laboratory Technician,4,Married,3162,10778,0,No,17,3,4,0,6,2,2,5,2,3,4,0.6,0.4,0.4,0.8,0.1666666666666666,Medium,1,🟠 Promotion-Stalled,0,0.2706326981640051,-0.592972099094278
32,0,Travel_Frequently,379,Sales,5,2,Life Sciences,2,Male,48,3,2,Sales Executive,2,Married,6524,8891,1,No,14,3,4,1,10,3,3,10,8,5,3,0.5,0.8,0.3,0.3,0.2,Medium,1,🟠 Promotion-Stalled,0,1.2452136225248467,0.7320982837190961
38,0,Travel_Rarely,395,Sales,9,3,Marketing,2,Male,98,2,1,Sales Representative,2,Married,2899,12102,0,No,19,3,4,1,3,3,3,2,2,1,2,0.5,1.0,1.5,1.0,0.3333333333333333,Medium,1,🟠 Promotion-Stalled,0,0.04384353087410134,-1.0446678566201844
42,0,Travel_Rarely,1265,Research & Development,3,3,Life Sciences,3,Female,95,4,2,Laboratory Technician,4,Married,5231,23726,2,Yes,13,3,2,1,17,1,2,5,3,1,3,0.2,0.6,0.2,0.6,0.1176470588235294,Medium,1,🟠 Promotion-Stalled,0,0.3235245585865353,-1.1827985498908655
31,0,Travel_Rarely,1222,Research & Development,11,4,Life Sciences,4,Male,48,3,1,Research Scientist,4,Married,2356,14871,3,Yes,19,3,2,1,8,2,3,6,4,0,2,0.0,0.6666666666666666,0.3333333333333333,0.3333333333333333,0.125,Medium,1,🟠 Promotion-Stalled,0,-0.40954171337820505,-1.3488777083526404
29,1,Travel_Rarely,341,Sales,1,3,Medical,2,Female,48,2,1,Sales Representative,3,Divorced,2800,23522,6,Yes,19,3,3,3,5,3,3,3,2,0,2,0.0,0.6666666666666666,1.0,0.6666666666666666,0.2,Medium,1,🟠 Promotion-Stalled,0,-0.7890212124519896,-1.2506088455768627
53,0,Travel_Rarely,868,Sales,8,3,Marketing,1,Male,73,3,4,Sales Executive,4,Married,11836,22789,5,No,14,3,3,1,28,3,3,2,0,2,2,1.0,0.0,1.5,1.0,0.1428571428571428,Medium,1,🟠 Promotion-Stalled,0,0.12939816729056378,1.3499407621251227
35,0,Travel_Rarely,672,Research & Development,25,3,Technical Degree,4,Male,78,2,3,Manufacturing Director,2,Married,10903,9129,3,No,16,3,1,0,16,2,3,13,10,4,8,0.3076923076923077,0.7692307692307693,0.1538461538461538,0.6153846153846154,0.1875,Medium,1,🟠 Promotion-Stalled,0,1.8336600708229092,0.13983422919132826
37,0,Travel_Frequently,1231,Sales,21,2,Medical,3,Female,54,3,1,Sales Representative,4,Married,2973,21222,5,No,15,3,2,1,10,3,3,5,4,0,0,0.0,0.8,0.6,0.0,0.1,Medium,1,🟠 Promotion-Stalled,0,-0.708780499834873,-0.7012935323893512
53,0,Travel_Rarely,102,Research & Development,23,4,Life Sciences,4,Female,72,3,4,Research Director,4,Single,14275,20206,6,No,18,3,3,0,33,0,3,12,9,3,8,0.25,0.75,0.0,0.6666666666666666,0.1212121212121212,Medium,1,🟠 Promotion-Stalled,0,2.0881949615047644,-0.4928485119627508
43,0,Travel_Frequently,422,Research & Development,1,3,Life Sciences,4,Female,33,3,2,Healthcare Representative,4,Married,5562,21782,4,No,13,3,2,1,12,2,2,5,2,2,2,0.4,0.4,0.4,0.4,0.1666666666666666,Medium,1,🟠 Promotion-Stalled,0,-0.16982974934214773,-0.11007948884360377
47,0,Travel_Rarely,249,Sales,2,2,Marketing,3,Female,35,3,2,Sales Executive,4,Married,4537,17783,0,Yes,22,4,1,1,8,2,3,7,6,7,7,1.0,0.8571428571428571,0.2857142857142857,1.0,0.25,High,1,🟠 Promotion-Stalled,0,2.353229827183734,0.2843945447791399
37,0,Non-Travel,1252,Sales,19,2,Medical,1,Male,32,3,3,Sales Executive,2,Single,7642,4814,1,Yes,13,3,4,0,10,2,3,10,0,0,9,0.0,0.0,0.2,0.9,0.3,Low,1,🟠 Promotion-Stalled,0,-0.8513910591294509,-0.6982066276867195
50,0,Non-Travel,881,Research & Development,2,4,Life Sciences,1,Male,98,3,4,Manager,1,Divorced,17924,4544,1,No,11,3,4,1,31,3,3,31,6,14,7,0.4516129032258064,0.1935483870967742,0.0967741935483871,0.2258064516129032,0.1290322580645161,Medium,1,🟠 Promotion-Stalled,0,1.8541763454001405,3.3032420663920283
39,0,Travel_Rarely,1383,Human Resources,2,3,Life Sciences,4,Female,42,2,2,Human Resources,4,Married,5204,7790,8,No,11,3,3,2,13,2,3,5,4,0,4,0.0,0.8,0.4,0.8,0.1538461538461538,Medium,1,🟠 Promotion-Stalled,0,0.3820602545827607,-1.478040117227592
33,0,Travel_Rarely,1075,Human Resources,3,2,Human Resources,4,Male,57,3,1,Human Resources,2,Divorced,2277,22650,3,Yes,11,3,3,1,7,4,4,4,3,0,3,0.0,0.75,1.0,0.75,0.1428571428571428,Medium,1,🟠 Promotion-Stalled,0,-0.4358295386318285,-1.0194637233020574
32,1,Travel_Rarely,374,Research & Development,25,4,Life Sciences,1,Male,87,3,1,Laboratory Technician,4,Single,2795,18016,1,Yes,24,4,3,0,1,2,1,1,0,0,1,0.0,0.0,2.0,1.0,1.0,Low,0,🚀 Fast-Track Performers,1,-2.990924336872982,-0.7209720348710638
29,0,Travel_Rarely,1086,Research & Development,7,1,Medical,1,Female,62,2,1,Laboratory Technician,4,Divorced,2532,6054,6,No,14,3,3,3,8,5,3,4,3,0,3,0.0,0.75,1.25,0.75,0.125,Medium,1,🟠 Promotion-Stalled,0,-0.6113736790367759,-0.6986239509115287
44,0,Travel_Rarely,661,Research & Development,9,2,Life Sciences,2,Male,61,3,1,Research Scientist,1,Married,2559,7508,1,Yes,13,3,4,0,8,0,3,8,7,7,1,0.875,0.875,0.0,0.125,0.125,High,1,🟠 Promotion-Stalled,0,1.8564309301045239,0.13113386289669765
28,0,Travel_Rarely,821,Sales,5,4,Medical,1,Male,98,3,2,Sales Executive,4,Single,4908,24252,1,No,14,3,2,0,4,3,3,4,2,0,2,0.0,0.5,0.75,0.5,0.5,Medium,1,🟠 Promotion-Stalled,0,-1.2412720516365123,-0.4130138570725211
58,1,Travel_Frequently,781,Research & Development,2,1,Life Sciences,4,Male,57,2,1,Laboratory Technician,4,Divorced,2380,13384,9,Yes,14,3,4,1,3,3,2,1,0,0,0,0.0,0.0,3.0,0.0,0.3333333333333333,Low,0,🚀 Fast-Track Performers,1,-3.4036110187296336,0.646910034111675
43,0,Travel_Rarely,177,Research & Development,8,3,Life Sciences,1,Female,55,3,2,Manufacturing Director,2,Divorced,4765,23814,4,No,21,4,3,1,4,2,4,1,0,0,0,0.0,0.0,2.0,0.0,0.5,Low,0,🚀 Fast-Track Performers,1,-3.0061034381447667,0.44303329111507955
20,1,Travel_Rarely,500,Sales,2,3,Medical,3,Female,49,2,1,Sales Representative,3,Single,2044,22052,1,No,13,3,4,0,2,3,2,2,2,0,2,0.0,1.0,1.5,1.0,0.5,Medium,1,🟠 Promotion-Stalled,0,-0.6922681357884632,-1.49928085195952
21,1,Travel_Rarely,1427,Research & Development,18,1,Other,4,Female,65,3,1,Research Scientist,4,Single,2693,8870,1,No,19,3,1,0,1,3,2,1,0,0,0,0.0,0.0,3.0,0.0,1.0,Low,0,🚀 Fast-Track Performers,1,-4.415767081096721,0.9844503466241646
36,0,Travel_Rarely,1425,Research & Development,14,1,Life Sciences,3,Male,68,3,2,Healthcare Representative,4,Married,6586,4821,0,Yes,17,3,1,1,17,2,2,16,8,4,11,0.25,0.5,0.125,0.6875,0.1176470588235294,Medium,1,🟠 Promotion-Stalled,0,1.2134709292898254,-0.2527491665015534
47,0,Travel_Rarely,1454,Sales,2,4,Life Sciences,4,Female,65,2,1,Sales Representative,4,Single,3294,13137,1,Yes,18,3,1,0,3,3,2,3,2,1,2,0.3333333333333333,0.6666666666666666,1.0,0.6666666666666666,0.3333333333333333,Medium,1,🟠 Promotion-Stalled,0,-0.5855407742801149,-0.6910837188972031
22,1,Travel_Rarely,617,Research & Development,3,1,Life Sciences,2,Female,34,3,2,Manufacturing Director,3,Married,4171,10022,0,Yes,19,3,1,1,4,3,4,3,2,0,2,0.0,0.6666666666666666,1.0,0.6666666666666666,0.5,Medium,1,🟠 Promotion-Stalled,0,-1.0260028960130858,-0.7184284798624613
41,1,Travel_Rarely,1085,Research & Development,2,4,Life Sciences,2,Female,57,1,1,Laboratory Technician,4,Divorced,2778,17725,4,Yes,13,3,3,1,10,1,2,7,7,1,0,0.1428571428571428,1.0,0.1428571428571428,0.0,0.1,Medium,1,🟠 Promotion-Stalled,0,0.4746191793310458,-1.1640914360359527
28,0,Travel_Rarely,995,Research & Development,9,3,Medical,3,Female,77,3,1,Research Scientist,3,Divorced,2377,9834,5,No,18,3,2,1,6,2,3,2,2,2,2,1.0,1.0,1.0,1.0,0.1666666666666666,High,1,🟠 Promotion-Stalled,0,1.1096016727206397,-0.9455237962534842
39,1,Travel_Rarely,1122,Research & Development,6,3,Medical,4,Male,70,3,1,Laboratory Technician,1,Married,2404,4303,7,Yes,21,4,4,0,8,2,1,2,2,2,2,1.0,1.0,1.0,1.0,0.125,High,1,🟠 Promotion-Stalled,0,1.150774766842765,-1.0047844398404118
27,0,Travel_Rarely,618,Research & Development,4,3,Life Sciences,2,Female,76,3,1,Research Scientist,3,Single,2318,17808,1,No,19,3,3,0,1,2,3,1,1,0,0,0.0,1.0,2.0,0.0,1.0,Medium,0,🚀 Fast-Track Performers,1,-2.682636992805122,-0.3921643680906875
34,0,Travel_Rarely,546,Research & Development,10,3,Life Sciences,2,Male,83,3,1,Laboratory Technician,2,Divorced,2008,6896,1,No,14,3,2,2,1,3,3,1,0,1,0,1.0,0.0,3.0,0.0,1.0,Medium,0,🚀 Fast-Track Performers,1,-3.434504593720687,2.125244266738629
42,0,Travel_Rarely,462,Sales,14,2,Medical,3,Female,68,2,2,Sales Executive,3,Single,6244,7824,7,No,17,3,1,0,10,6,3,5,4,0,3,0.0,0.8,1.2,0.6,0.2,Medium,1,🟠 Promotion-Stalled,0,-0.5663335906344374,0.10232372713612217
33,0,Travel_Rarely,1198,Research & Development,1,4,Other,3,Male,100,2,1,Research Scientist,1,Single,2799,3339,3,Yes,11,3,2,0,6,1,3,3,2,0,2,0.0,0.6666666666666666,0.3333333333333333,0.6666666666666666,0.1666666666666666,Medium,1,🟠 Promotion-Stalled,0,-0.2557444950218283,-1.9569251146183129
58,0,Travel_Rarely,1272,Research & Development,5,3,Technical Degree,3,Female,37,2,3,Healthcare Representative,2,Divorced,10552,9255,2,Yes,13,3,4,1,24,3,3,6,0,0,4,0.0,0.0,0.5,0.6666666666666666,0.125,Low,1,🟠 Promotion-Stalled,0,-1.023435925968951,-0.17191660036132583
31,0,Travel_Rarely,154,Sales,7,4,Life Sciences,2,Male,41,2,1,Sales Representative,3,Married,2329,11737,3,No,15,3,2,0,13,2,4,7,7,5,2,0.7142857142857143,1.0,0.2857142857142857,0.2857142857142857,0.0769230769230769,High,1,🟠 Promotion-Stalled,0,1.5703432976944751,0.002935164571574305
35,0,Travel_Rarely,1137,Research & Development,21,1,Life Sciences,4,Female,51,3,2,Healthcare Representative,4,Married,4014,19170,1,Yes,25,4,4,1,10,2,1,10,6,0,7,0.0,0.6,0.2,0.7,0.2,Medium,1,🟠 Promotion-Stalled,0,0.22258712883143494,-1.3217933106523632
49,0,Travel_Rarely,527,Research & Development,8,2,Other,1,Female,51,3,3,Laboratory Technician,2,Married,7403,22477,4,No,11,3,3,1,29,3,2,26,9,1,7,0.0384615384615384,0.3461538461538461,0.1153846153846153,0.2692307692307692,0.1034482758620689,Low,1,🟠 Promotion-Stalled,0,0.42168353387146257,0.3877389019158144
48,0,Travel_Rarely,1469,Research & Development,20,4,Medical,4,Male,51,3,1,Research Scientist,3,Married,2259,5543,4,No,17,3,1,2,13,2,2,0,0,0,0,0.0,0.0,2.0,0.0,0.0769230769230769,Low,0,🚀 Fast-Track Performers,1,-2.5617462634521515,-0.11601199238808035
31,0,Non-Travel,1188,Sales,20,2,Marketing,4,Female,45,3,2,Sales Executive,3,Married,6932,24406,1,No,13,3,4,1,9,2,2,9,8,0,0,0.0,0.8888888888888888,0.2222222222222222,0.0,0.2222222222222222,Medium,1,🟠 Promotion-Stalled,0,0.14853303459233166,-0.5837814918828071
36,0,Travel_Rarely,188,Research & Development,7,4,Other,2,Male,65,3,1,Research Scientist,4,Single,4678,23293,2,No,18,3,3,0,8,6,3,6,2,0,1,0.0,0.3333333333333333,1.0,0.1666666666666666,0.125,Low,0,🚀 Fast-Track Performers,0,-1.7756469073320758,0.4184812970249147
38,0,Travel_Rarely,1333,Research & Development,1,3,Technical Degree,4,Female,80,3,3,Research Director,1,Married,13582,16292,1,No,13,3,2,1,15,3,3,15,12,5,11,0.3333333333333333,0.8,0.2,0.7333333333333333,0.2,Medium,1,🟠 Promotion-Stalled,0,2.264904160909077,0.5959111036524131
32,0,Non-Travel,1184,Research & Development,1,3,Life Sciences,3,Female,70,2,1,Laboratory Technician,2,Married,2332,3974,6,No,20,4,3,0,5,3,3,3,0,0,2,0.0,0.0,1.0,0.6666666666666666,0.2,Low,0,🚀 Fast-Track Performers,0,-1.7896258239394884,-0.7765800195858815
25,1,Travel_Rarely,867,Sales,19,2,Marketing,3,Male,36,2,1,Sales Representative,2,Married,2413,18798,1,Yes,18,3,3,3,1,2,3,1,0,0,0,0.0,0.0,2.0,0.0,1.0,Low,0,🚀 Fast-Track Performers,1,-3.9236999915427098,0.41959318464029177
40,0,Travel_Rarely,658,Sales,10,4,Marketing,1,Male,67,2,3,Sales Executive,2,Divorced,9705,20652,2,No,12,3,2,1,11,2,2,1,0,0,0,0.0,0.0,2.0,0.0,0.2727272727272727,Low,0,🚀 Fast-Track Performers,1,-2.408920260233496,0.7663802538470451
26,0,Travel_Frequently,1283,Sales,1,3,Medical,3,Male,52,2,2,Sales Executive,1,Single,4294,11148,1,No,12,3,2,0,7,2,3,7,7,0,7,0.0,1.0,0.2857142857142857,1.0,0.2857142857142857,Medium,1,🟠 Promotion-Stalled,0,1.0125963437526386,-1.7171192957766035
41,0,Travel_Rarely,263,Research & Development,6,3,Medical,4,Male,59,3,1,Laboratory Technician,1,Single,4721,3119,2,Yes,13,3,3,0,20,3,3,18,13,2,17,0.1111111111111111,0.7222222222222222,0.1666666666666666,0.9444444444444444,0.05,Medium,1,🟠 Promotion-Stalled,0,1.8012010212702263,-1.0266173833089978
36,0,Travel_Rarely,938,Research & Development,2,4,Medical,3,Male,79,3,1,Laboratory Technician,3,Single,2519,12287,4,No,21,4,3,0,16,6,3,11,8,3,9,0.2727272727272727,0.7272727272727273,0.5454545454545454,0.8181818181818182,0.0625,Medium,1,🟠 Promotion-Stalled,0,0.8589718309370096,0.14450232253593445
19,1,Travel_Rarely,419,Sales,21,3,Other,4,Male,37,2,1,Sales Representative,2,Single,2121,9947,1,Yes,13,3,2,0,1,3,4,1,0,0,0,0.0,0.0,3.0,0.0,1.0,Low,0,🚀 Fast-Track Performers,1,-4.37576105584241,1.0535782694405822
20,1,Travel_Rarely,129,Research & Development,4,3,Technical Degree,1,Male,84,3,1,Laboratory Technician,1,Single,2973,13008,1,No,19,3,2,0,1,2,3,1,0,0,0,0.0,0.0,2.0,0.0,1.0,Low,0,🚀 Fast-Track Performers,1,-3.930367662418428,0.40807186417088886
31,0,Travel_Rarely,616,Research & Development,12,3,Medical,4,Female,41,3,2,Healthcare Representative,4,Married,5855,17369,0,Yes,11,3,3,2,10,2,1,9,7,8,5,0.8888888888888888,0.7777777777777778,0.2222222222222222,0.5555555555555556,0.2,High,1,🟠 Promotion-Stalled,0,2.1478984362390423,1.001695663334714
40,0,Travel_Frequently,1469,Research & Development,9,4,Medical,4,Male,35,3,1,Research Scientist,2,Divorced,3617,25063,8,Yes,14,3,4,1,3,2,3,1,1,0,0,0.0,1.0,2.0,0.0,0.3333333333333333,Medium,0,🚀 Fast-Track Performers,1,-1.6704809304380341,-0.729704680603177
32,0,Travel_Rarely,498,Research & Development,3,4,Medical,3,Female,93,3,2,Manufacturing Director,1,Married,6725,13554,1,No,12,3,3,1,8,2,4,8,7,6,3,0.75,0.875,0.25,0.375,0.25,High,1,🟠 Promotion-Stalled,0,1.6449162732142872,0.6880631662828152
36,1,Travel_Rarely,530,Sales,3,1,Life Sciences,3,Male,51,2,3,Sales Executive,4,Married,10325,5518,1,Yes,11,3,1,1,16,6,3,16,7,3,7,0.1875,0.4375,0.375,0.4375,0.1875,Medium,1,🟠 Promotion-Stalled,0,0.3288724162093629,1.5304232867055745
33,0,Travel_Rarely,1069,Research & Development,1,3,Life Sciences,2,Female,42,2,2,Healthcare Representative,4,Single,6949,12291,0,No,14,3,1,0,6,3,3,5,0,1,4,0.2,0.0,0.6,0.8,0.3333333333333333,Low,1,🟠 Promotion-Stalled,0,-1.1687447754866607,-0.18299316501924884
37,1,Travel_Rarely,625,Sales,1,4,Life Sciences,1,Male,46,2,3,Sales Executive,3,Married,10609,14922,5,No,11,3,3,0,17,2,1,14,1,11,7,0.7857142857142857,0.0714285714285714,0.1428571428571428,0.5,0.1764705882352941,Medium,1,🟠 Promotion-Stalled,0,1.0978048686826518,2.1448318131741346
45,0,Non-Travel,805,Research & Development,4,2,Life Sciences,3,Male,57,3,2,Laboratory Technician,2,Married,4447,23163,1,No,12,3,2,0,9,5,2,9,7,0,8,0.0,0.7777777777777778,0.5555555555555556,0.8888888888888888,0.2222222222222222,Medium,1,🟠 Promotion-Stalled,0,0.3965916168254277,-0.486613701046164
29,0,Travel_Frequently,1404,Sales,20,3,Technical Degree,3,Female,84,3,1,Sales Representative,4,Married,2157,18203,1,No,15,3,2,1,3,5,3,3,1,0,2,0.0,0.3333333333333333,1.6666666666666667,0.6666666666666666,0.3333333333333333,Low,0,🚀 Fast-Track Performers,0,-1.8860770058776932,-0.10398962044345977
35,0,Travel_Rarely,1219,Sales,18,3,Medical,3,Female,86,3,2,Sales Executive,3,Married,4601,6179,1,No,16,3,2,0,5,3,3,5,2,1,0,0.2,0.4,0.6,0.0,0.4,Low,0,🚀 Fast-Track Performers,0,-1.3645551710873642,0.42806304003601564
52,0,Travel_Rarely,1053,Research & Development,1,2,Life Sciences,4,Male,70,3,4,Manager,4,Married,17099,13829,2,No,15,3,2,1,26,2,2,9,8,7,8,0.7777777777777778,0.8888888888888888,0.2222222222222222,0.8888888888888888,0.1538461538461538,High,1,🟠 Promotion-Stalled,0,2.959479221983134,0.958645320457428
58,1,Travel_Rarely,289,Research & Development,2,3,Technical Degree,4,Male,51,3,1,Research Scientist,3,Single,2479,26227,4,No,24,4,1,0,7,4,3,1,0,0,0,0.0,0.0,4.0,0.0,0.1428571428571428,Low,0,🚀 Fast-Track Performers,1,-3.6760249438826853,0.9951761933396346
53,0,Travel_Rarely,1376,Sales,2,2,Medical,3,Male,45,3,4,Manager,3,Divorced,14852,13938,6,No,13,3,3,1,22,3,4,17,13,15,2,0.8823529411764706,0.7647058823529411,0.1764705882352941,0.1176470588235294,0.1818181818181818,High,1,🟠 Promotion-Stalled,0,3.593893477331058,3.782537675657307
30,0,Travel_Rarely,231,Sales,8,2,Other,3,Male,62,3,3,Sales Executive,3,Divorced,7264,9977,5,No,11,3,1,1,10,2,4,8,4,7,7,0.875,0.5,0.25,0.875,0.3,Medium,1,🟠 Promotion-Stalled,0,1.7000140057811306,1.030604387843505
38,0,Non-Travel,152,Sales,10,3,Technical Degree,3,Female,85,3,2,Sales Executive,4,Single,5666,19899,1,Yes,13,3,2,0,6,1,3,5,3,1,3,0.2,0.6,0.2,0.6,0.3333333333333333,Medium,1,🟠 Promotion-Stalled,0,0.006848241296139763,-1.0549569009657318
35,0,Travel_Rarely,882,Sales,3,4,Life Sciences,4,Male,92,3,3,Sales Executive,4,Divorced,7823,6812,6,No,13,3,2,1,12,2,3,10,9,0,8,0.0,0.9,0.2,0.8,0.25,Medium,1,🟠 Promotion-Stalled,0,1.2325574059119344,-1.0496719247545574
39,0,Travel_Rarely,903,Sales,2,5,Life Sciences,1,Male,41,4,3,Sales Executive,3,Single,7880,2560,0,No,18,3,4,0,9,3,3,8,7,0,7,0.0,0.875,0.375,0.875,0.3333333333333333,Medium,1,🟠 Promotion-Stalled,0,0.7271016769525733,-0.8443001985717544
40,1,Non-Travel,1479,Sales,24,3,Life Sciences,2,Female,100,4,4,Sales Executive,2,Single,13194,17071,4,Yes,16,3,4,0,22,2,2,1,0,0,0,0.0,0.0,2.0,0.0,0.1818181818181818,Low,0,🚀 Fast-Track Performers,1,-2.0986295167042126,1.0207755557889437
47,0,Travel_Frequently,1379,Research & Development,16,4,Medical,3,Male,64,4,2,Manufacturing Director,3,Divorced,5067,6759,1,Yes,19,3,3,0,20,3,4,19,10,2,7,0.1052631578947368,0.5263157894736842,0.1578947368421052,0.3684210526315789,0.1,Medium,1,🟠 Promotion-Stalled,0,0.7442239941811047,-0.04647180548953319
36,0,Non-Travel,1229,Sales,8,4,Technical Degree,1,Male,84,3,2,Sales Executive,4,Divorced,5079,25952,4,No,13,3,4,2,12,3,3,7,7,0,7,0.0,1.0,0.4285714285714285,1.0,0.1666666666666666,Medium,1,🟠 Promotion-Stalled,0,1.0423352271240285,-1.4632703186373333
31,1,Non-Travel,335,Research & Development,9,2,Medical,3,Male,46,2,1,Research Scientist,1,Single,2321,10322,0,Yes,22,4,1,0,4,0,3,3,2,1,2,0.3333333333333333,0.6666666666666666,0.0,0.6666666666666666,0.25,Medium,1,🟠 Promotion-Stalled,0,0.15663245325305533,-1.9546565957128004
33,0,Non-Travel,722,Sales,17,3,Life Sciences,4,Male,38,3,4,Manager,3,Single,17444,20489,1,No,11,3,4,0,10,2,3,10,8,6,0,0.6,0.8,0.2,0.0,0.4,Medium,1,🟠 Promotion-Stalled,0,1.4059454266577587,1.8454559918994604
29,1,Travel_Rarely,906,Research & Development,10,3,Life Sciences,4,Female,92,2,1,Research Scientist,1,Single,2404,11479,6,Yes,20,4,3,0,3,5,3,0,0,0,0,0.0,0.0,5.0,0.0,0.3333333333333333,Low,0,🚀 Fast-Track Performers,1,-4.414415881340532,1.7305390762018091
33,0,Travel_Rarely,461,Research & Development,13,1,Life Sciences,2,Female,53,3,1,Research Scientist,4,Single,3452,17241,3,No,18,3,1,0,5,4,3,3,2,0,2,0.0,0.6666666666666666,1.3333333333333333,0.6666666666666666,0.2,Medium,1,🟠 Promotion-Stalled,0,-0.9978507740887653,-0.8497227815806105
45,0,Travel_Rarely,974,Research & Development,1,4,Medical,4,Female,91,3,1,Laboratory Technician,4,Divorced,2270,11005,3,No,14,3,4,2,8,2,3,5,3,0,2,0.0,0.6,0.4,0.4,0.125,Medium,1,🟠 Promotion-Stalled,0,-0.5350050562041804,-1.3242082756083406
50,0,Travel_Rarely,1126,Research & Development,1,2,Medical,4,Male,66,3,4,Research Director,4,Divorced,17399,6615,9,No,22,4,3,1,32,1,2,5,4,1,3,0.2,0.8,0.2,0.6,0.125,Medium,1,🟠 Promotion-Stalled,0,1.0065083376729378,-0.7046865294526194
33,0,Travel_Frequently,827,Research & Development,1,4,Other,3,Female,84,4,2,Healthcare Representative,2,Married,5488,20161,1,Yes,13,3,1,1,6,2,3,6,5,1,2,0.1666666666666666,0.8333333333333334,0.3333333333333333,0.3333333333333333,0.3333333333333333,Medium,1,🟠 Promotion-Stalled,0,0.09108733651042246,-0.5898907044812665
41,0,Travel_Frequently,840,Research & Development,9,3,Medical,1,Male,64,3,5,Research Director,3,Divorced,19419,3735,2,No,17,3,2,1,21,2,4,18,16,0,11,0.0,0.8888888888888888,0.1111111111111111,0.6111111111111112,0.238095238095238,Medium,1,🟠 Promotion-Stalled,0,2.321176378865772,0.04434210512719544
27,0,Travel_Rarely,1134,Research & Development,16,4,Technical Degree,3,Female,37,3,1,Laboratory Technician,2,Married,2811,12086,9,No,14,3,2,1,4,2,3,2,2,2,2,1.0,1.0,1.0,1.0,0.25,High,1,🟠 Promotion-Stalled,0,1.0139201427249518,-0.8500451500184343
45,0,Non-Travel,248,Research & Development,23,2,Life Sciences,4,Male,42,3,2,Laboratory Technician,1,Married,3633,14039,1,Yes,15,3,3,1,9,2,3,9,8,0,8,0.0,0.8888888888888888,0.2222222222222222,0.8888888888888888,0.2222222222222222,Medium,1,🟠 Promotion-Stalled,0,0.9998925194400401,-1.559212840994891
47,0,Travel_Rarely,955,Sales,4,2,Life Sciences,4,Female,83,3,2,Sales Executive,4,Single,4163,8571,1,Yes,17,3,3,0,9,0,3,9,0,0,7,0.0,0.0,0.0,0.7777777777777778,0.2222222222222222,Low,1,🟠 Promotion-Stalled,0,-0.8441852323491806,-1.6616230594236054
30,1,Travel_Rarely,138,Research & Development,22,3,Life Sciences,1,Female,48,3,1,Research Scientist,3,Married,2132,11539,4,Yes,11,3,2,0,7,2,3,5,2,0,1,0.0,0.4,0.4,0.2,0.1428571428571428,Low,1,🟠 Promotion-Stalled,0,-1.082592741470217,-0.9334897210749207
50,0,Travel_Rarely,939,Research & Development,24,3,Life Sciences,4,Male,95,3,4,Manufacturing Director,3,Married,13973,4161,3,Yes,18,3,4,1,22,2,3,12,11,1,5,0.0833333333333333,0.9166666666666666,0.1666666666666666,0.4166666666666667,0.1818181818181818,Medium,1,🟠 Promotion-Stalled,0,1.58967182954536,-0.0953410108914669
38,0,Travel_Frequently,1391,Research & Development,10,1,Medical,3,Male,66,3,1,Research Scientist,3,Married,2684,12127,0,No,17,3,2,1,3,0,2,2,1,0,2,0.0,0.5,0.0,1.0,0.3333333333333333,Medium,1,🟠 Promotion-Stalled,0,-0.3099750752651257,-2.5703670343393368
46,0,Travel_Rarely,566,Research & Development,7,2,Medical,4,Male,75,3,3,Manufacturing Director,3,Divorced,10845,24208,6,No,13,3,2,1,13,3,3,8,7,0,7,0.0,0.875,0.375,0.875,0.2307692307692307,Medium,1,🟠 Promotion-Stalled,0,0.9110273710217037,-0.8474854292800483
24,0,Travel_Rarely,1206,Research & Development,17,1,Medical,4,Female,41,2,2,Manufacturing Director,3,Divorced,4377,24117,1,No,15,3,2,2,5,6,3,4,2,3,2,0.75,0.5,1.5,0.5,0.4,Medium,1,🟠 Promotion-Stalled,0,-0.6769219513965441,1.7907502979789462
35,1,Travel_Rarely,622,Research & Development,14,4,Other,3,Male,39,2,1,Laboratory Technician,2,Divorced,3743,10074,1,Yes,24,4,4,1,5,2,1,4,2,0,2,0.0,0.5,0.5,0.5,0.2,Medium,1,🟠 Promotion-Stalled,0,-0.889207617590832,-1.4263954536419976
31,0,Travel_Frequently,853,Research & Development,1,1,Life Sciences,3,Female,96,3,2,Manufacturing Director,1,Married,4148,11275,1,No,12,3,3,1,4,1,3,4,3,0,3,0.0,0.75,0.25,0.75,0.5,Medium,1,🟠 Promotion-Stalled,0,-0.2180991760280638,-1.5628990209808107
18,0,Non-Travel,287,Research & Development,5,2,Life Sciences,2,Male,73,3,1,Research Scientist,4,Single,1051,13493,1,No,15,3,4,0,0,2,3,0,0,0,0,0.0,0.0,2.0,0.0,0.0,Low,0,🚀 Fast-Track Performers,1,-2.4354704169328114,-0.13856322624075562
54,0,Travel_Rarely,1441,Research & Development,17,3,Technical Degree,3,Female,56,3,3,Manufacturing Director,3,Married,10739,13943,8,No,11,3,3,1,22,2,3,10,7,0,8,0.0,0.7,0.2,0.8,0.1363636363636363,Medium,1,🟠 Promotion-Stalled,0,0.9443332740648213,-0.9986565364374791
35,0,Travel_Rarely,583,Research & Development,25,4,Medical,3,Female,57,3,3,Healthcare Representative,3,Divorced,10388,6975,1,Yes,11,3,3,1,16,3,2,16,10,10,1,0.625,0.625,0.1875,0.0625,0.1875,High,1,🟠 Promotion-Stalled,0,2.026305462359931,2.4792746484325185
30,0,Travel_Rarely,153,Research & Development,8,2,Life Sciences,2,Female,73,4,3,Research Director,1,Married,11416,17802,0,Yes,12,3,3,3,9,4,2,8,7,1,7,0.125,0.875,0.5,0.875,0.3333333333333333,Medium,1,🟠 Promotion-Stalled,0,0.8549850167326867,-0.1672164319449818
20,1,Travel_Rarely,1097,Research & Development,11,3,Medical,4,Female,98,2,1,Research Scientist,1,Single,2600,18275,1,Yes,15,3,1,0,1,2,3,1,0,0,0,0.0,0.0,2.0,0.0,1.0,Low,0,🚀 Fast-Track Performers,1,-3.903696978915554,0.4541571460485005
30,1,Travel_Frequently,109,Research & Development,5,3,Medical,2,Female,60,3,1,Laboratory Technician,2,Single,2422,25725,0,No,17,3,1,0,4,3,3,3,2,1,2,0.3333333333333333,0.6666666666666666,1.0,0.6666666666666666,0.25,Medium,1,🟠 Promotion-Stalled,0,-0.4565208899058346,-0.7289557627852382
26,0,Travel_Rarely,1066,Research & Development,2,2,Medical,4,Male,32,4,2,Manufacturing Director,4,Married,5472,3334,1,No,12,3,2,0,8,2,3,8,7,1,3,0.125,0.875,0.25,0.375,0.25,Medium,1,🟠 Promotion-Stalled,0,0.5497657039068666,-0.6971013022072571
22,0,Travel_Rarely,217,Research & Development,8,1,Life Sciences,2,Male,94,1,1,Laboratory Technician,1,Married,2451,6881,1,No,15,3,1,1,4,3,2,4,3,1,1,0.25,0.75,0.75,0.25,0.25,Medium,1,🟠 Promotion-Stalled,0,-0.6012837607579113,-0.4401148173971779
48,0,Travel_Rarely,277,Research & Development,6,3,Life Sciences,1,Male,97,2,2,Healthcare Representative,3,Single,4240,13119,2,No,13,3,4,0,19,0,3,2,2,2,2,1.0,1.0,0.0,1.0,0.1052631578947368,High,1,🟠 Promotion-Stalled,0,2.0025261328187343,-1.4421844069749215
48,0,Travel_Rarely,1355,Research & Development,4,4,Life Sciences,3,Male,78,2,3,Healthcare Representative,3,Single,10999,22245,7,No,14,3,2,0,27,3,3,15,11,4,8,0.2666666666666666,0.7333333333333333,0.2,0.5333333333333333,0.1111111111111111,Medium,1,🟠 Promotion-Stalled,0,1.8270884119450062,0.5424923313983169
41,0,Travel_Rarely,549,Research & Development,7,2,Medical,4,Female,42,3,2,Manufacturing Director,3,Single,5003,23371,6,No,14,3,2,0,8,6,3,2,2,2,1,1.0,1.0,3.0,0.5,0.25,High,1,🟠 Promotion-Stalled,0,-0.4008755284191174,1.7845104653904826
39,0,Travel_Rarely,466,Research & Development,1,1,Life Sciences,4,Female,65,2,4,Manufacturing Director,4,Married,12742,7060,1,No,16,3,3,1,21,3,3,21,6,11,8,0.5238095238095238,0.2857142857142857,0.1428571428571428,0.3809523809523809,0.1904761904761904,Medium,1,🟠 Promotion-Stalled,0,1.682116834831043,2.632596468425502
27,0,Travel_Rarely,1055,Research & Development,2,4,Life Sciences,1,Female,47,3,2,Manufacturing Director,4,Married,4227,4658,0,No,18,3,2,1,4,2,3,3,2,2,2,0.6666666666666666,0.6666666666666666,0.6666666666666666,0.6666666666666666,0.5,High,1,🟠 Promotion-Stalled,0,-0.01868537483716296,-0.1583230564431957
35,0,Travel_Rarely,802,Research & Development,10,3,Other,2,Male,45,3,1,Laboratory Technician,4,Divorced,3917,9541,1,No,20,4,1,1,3,4,2,3,2,1,2,0.3333333333333333,0.6666666666666666,1.3333333333333333,0.6666666666666666,0.3333333333333333,Medium,1,🟠 Promotion-Stalled,0,-0.8143733485440462,-0.3247616163091597
42,0,Travel_Rarely,265,Sales,5,2,Marketing,4,Male,90,3,5,Manager,3,Married,18303,7770,6,No,13,3,2,0,21,3,4,1,0,0,0,0.0,0.0,3.0,0.0,0.238095238095238,Low,0,🚀 Fast-Track Performers,1,-2.443167106577796,2.019438811425933
50,0,Travel_Rarely,804,Research & Development,9,3,Life Sciences,1,Male,64,3,1,Laboratory Technician,4,Married,2380,20165,4,No,18,3,2,0,8,5,3,1,0,0,0,0.0,0.0,5.0,0.0,0.125,Low,0,🚀 Fast-Track Performers,1,-4.09520000584269,1.63009830624702
59,0,Travel_Rarely,715,Research & Development,2,3,Life Sciences,3,Female,69,2,4,Manufacturing Director,4,Single,13726,21829,3,Yes,13,3,1,0,30,4,3,5,3,4,3,0.8,0.6,0.8,0.6,0.1333333333333333,Medium,1,🟠 Promotion-Stalled,0,1.0674359701415514,1.62950905285397
37,1,Travel_Rarely,1141,Research & Development,11,2,Medical,1,Female,61,1,2,Healthcare Representative,2,Married,4777,14382,5,No,15,3,1,0,15,2,1,1,0,0,0,0.0,0.0,2.0,0.0,0.1333333333333333,Low,0,🚀 Fast-Track Performers,1,-2.4277476734967838,0.29483041075876976
55,0,Travel_Frequently,135,Research & Development,18,4,Medical,3,Male,62,3,2,Healthcare Representative,2,Married,6385,12992,3,Yes,14,3,4,2,17,3,3,8,7,6,7,0.75,0.875,0.375,0.875,0.1176470588235294,High,1,🟠 Promotion-Stalled,0,2.181143075881022,0.3817765425411854
41,0,Non-Travel,247,Research & Development,7,1,Life Sciences,2,Female,55,1,5,Research Director,3,Divorced,19973,20284,1,No,22,4,2,2,21,3,3,21,16,5,10,0.238095238095238,0.7619047619047619,0.1428571428571428,0.4761904761904761,0.238095238095238,Medium,1,🟠 Promotion-Stalled,0,2.693039247248686,1.5709424991567926
38,0,Travel_Rarely,1035,Sales,3,4,Life Sciences,2,Male,42,3,2,Sales Executive,4,Single,6861,4981,8,Yes,12,3,3,0,19,1,3,1,0,0,0,0.0,0.0,1.0,0.0,0.1052631578947368,Low,0,🚀 Fast-Track Performers,1,-1.8811318650128714,-0.2636218751224869
26,1,Non-Travel,265,Sales,29,2,Medical,2,Male,79,1,2,Sales Executive,1,Single,4969,21813,8,No,18,3,4,0,7,6,3,2,2,2,2,1.0,1.0,3.0,1.0,0.2857142857142857,High,1,🟠 Promotion-Stalled,0,0.006407965112072952,1.2238751198900182
52,1,Travel_Rarely,266,Sales,2,1,Marketing,1,Female,57,1,5,Manager,4,Married,19845,25846,1,No,15,3,4,1,33,3,3,32,14,6,9,0.1875,0.4375,0.09375,0.28125,0.1515151515151515,Medium,1,🟠 Promotion-Stalled,0,2.1613332638291305,2.109972066320519
44,0,Travel_Rarely,1448,Sales,28,3,Medical,4,Female,53,4,4,Sales Executive,4,Married,13320,11737,3,Yes,18,3,3,1,23,2,3,12,11,11,11,0.9166666666666666,0.9166666666666666,0.1666666666666666,0.9166666666666666,0.1739130434782608,High,1,🟠 Promotion-Stalled,0,3.930877952144299,1.7507006821206899
50,0,Non-Travel,145,Sales,1,3,Life Sciences,4,Female,95,3,2,Sales Executive,3,Married,6347,24920,0,No,12,3,1,1,19,3,3,18,7,0,13,0.0,0.3888888888888889,0.1666666666666666,0.7222222222222222,0.1052631578947368,Low,1,🟠 Promotion-Stalled,0,0.28677434627492965,-0.7529862581471778
36,1,Travel_Rarely,885,Research & Development,16,4,Life Sciences,3,Female,43,4,1,Laboratory Technician,1,Single,2743,8269,1,No,16,3,3,0,18,1,3,17,13,15,14,0.8823529411764706,0.7647058823529411,0.0588235294117647,0.8235294117647058,0.0555555555555555,High,1,🟠 Promotion-Stalled,0,4.044205248807922,1.229015668657965
39,0,Travel_Frequently,945,Research & Development,22,3,Medical,4,Female,82,3,3,Manufacturing Director,1,Single,10880,5083,1,Yes,13,3,3,0,21,2,3,21,6,2,8,0.0952380952380952,0.2857142857142857,0.0952380952380952,0.3809523809523809,0.1428571428571428,Low,1,🟠 Promotion-Stalled,0,0.2772430929342265,0.12369246765332292
33,0,Non-Travel,1038,Sales,8,1,Life Sciences,2,Female,88,2,1,Sales Representative,4,Single,2342,21437,0,No,19,3,4,0,3,2,2,2,2,2,2,1.0,1.0,1.0,1.0,0.3333333333333333,High,1,🟠 Promotion-Stalled,0,0.8582295748477974,-0.8582583880080109
45,0,Travel_Rarely,1234,Sales,11,2,Life Sciences,4,Female,90,3,4,Manager,4,Married,17650,5404,3,No,13,3,2,1,26,4,4,9,3,1,1,0.1111111111111111,0.3333333333333333,0.4444444444444444,0.1111111111111111,0.1538461538461538,Low,1,🟠 Promotion-Stalled,0,-0.5131873082938512,1.1684344262106363
32,0,Non-Travel,1109,Research & Development,29,4,Medical,4,Female,69,3,1,Laboratory Technician,3,Single,4025,11135,9,No,12,3,2,0,10,2,3,8,7,7,7,0.875,0.875,0.25,0.875,0.1,High,1,🟠 Promotion-Stalled,0,2.3670849263014766,-0.013894898237652472
34,0,Travel_Rarely,216,Sales,1,4,Marketing,2,Male,75,4,2,Sales Executive,4,Divorced,9725,12278,0,No,11,3,4,1,16,2,2,15,1,0,9,0.0,0.0666666666666666,0.1333333333333333,0.6,0.125,Low,1,🟠 Promotion-Stalled,0,-0.8527830488424682,-0.8503151004279575
59,0,Travel_Rarely,1089,Sales,1,2,Technical Degree,2,Male,66,3,3,Manager,4,Married,11904,11038,3,Yes,14,3,3,1,14,1,1,6,4,0,4,0.0,0.6666666666666666,0.1666666666666666,0.6666666666666666,0.2142857142857142,Medium,1,🟠 Promotion-Stalled,0,0.3719597996936767,-1.2293782104990576
45,0,Travel_Rarely,788,Human Resources,24,4,Medical,2,Male,36,3,1,Human Resources,2,Single,2177,8318,1,No,16,3,1,0,6,3,3,6,3,0,4,0.0,0.5,0.5,0.6666666666666666,0.1666666666666666,Medium,1,🟠 Promotion-Stalled,0,-0.5837538539757313,-1.2007417380631034
53,0,Travel_Frequently,124,Sales,2,3,Marketing,3,Female,38,2,3,Sales Executive,2,Married,7525,23537,2,No,12,3,1,1,30,2,3,15,7,6,12,0.4,0.4666666666666667,0.1333333333333333,0.8,0.1,Medium,1,🟠 Promotion-Stalled,0,1.7779021843619813,0.48441429933852714
36,1,Travel_Rarely,660,Research & Development,15,3,Other,1,Male,81,3,2,Laboratory Technician,3,Divorced,4834,7858,7,No,14,3,2,1,9,3,2,1,0,0,0,0.0,0.0,3.0,0.0,0.2222222222222222,Low,0,🚀 Fast-Track Performers,1,-3.0369884490311576,0.9354164689960491
26,1,Travel_Frequently,342,Research & Development,2,3,Life Sciences,1,Male,57,3,1,Research Scientist,1,Married,2042,15346,6,Yes,14,3,2,1,6,2,3,3,2,1,2,0.3333333333333333,0.6666666666666666,0.6666666666666666,0.6666666666666666,0.1666666666666666,Medium,1,🟠 Promotion-Stalled,0,-0.09866843126762281,-1.1331499092613166
34,0,Travel_Rarely,1333,Sales,10,4,Life Sciences,3,Female,87,3,1,Sales Representative,3,Married,2220,18410,1,Yes,19,3,4,1,1,2,3,1,1,0,0,0.0,1.0,2.0,0.0,1.0,Medium,0,🚀 Fast-Track Performers,1,-2.682636992805122,-0.3921643680906875
28,0,Travel_Rarely,1144,Sales,10,1,Medical,4,Male,74,3,1,Sales Representative,2,Married,1052,23384,1,No,22,4,2,0,1,5,3,1,0,0,0,0.0,0.0,5.0,0.0,1.0,Low,0,🚀 Fast-Track Performers,1,-5.406568931080463,2.1026433501225075
38,0,Travel_Frequently,1186,Research & Development,3,4,Other,3,Male,44,3,1,Research Scientist,3,Married,2821,2997,3,No,16,3,1,1,8,2,3,2,2,2,2,1.0,1.0,1.0,1.0,0.125,High,1,🟠 Promotion-Stalled,0,1.1841131212213576,-0.9471778374933972
50,0,Travel_Rarely,1464,Research & Development,2,4,Medical,2,Male,62,3,5,Research Director,3,Married,19237,12853,2,Yes,11,3,4,1,29,2,2,8,1,7,7,0.875,0.125,0.25,0.875,0.1724137931034483,Medium,1,🟠 Promotion-Stalled,0,1.5072461846897582,1.8694153349467093
37,0,Travel_Rarely,124,Research & Development,3,3,Other,4,Female,35,3,2,Healthcare Representative,2,Single,4107,13848,3,No,15,3,1,0,8,3,2,4,3,0,1,0.0,0.75,0.75,0.25,0.25,Medium,1,🟠 Promotion-Stalled,0,-0.7209553066050917,-0.47794837479177266
40,0,Travel_Rarely,300,Sales,26,3,Marketing,3,Male,74,3,2,Sales Executive,1,Married,8396,22217,1,No,14,3,2,1,8,3,2,7,7,7,5,1.0,1.0,0.4285714285714285,0.7142857142857143,0.25,High,1,🟠 Promotion-Stalled,0,2.2727162339641205,0.9351218407738475
26,0,Travel_Frequently,921,Research & Development,1,1,Medical,1,Female,66,2,1,Research Scientist,3,Divorced,2007,25265,1,No,13,3,3,2,5,5,3,5,3,1,3,0.2,0.6,1.0,0.6,0.2,Medium,1,🟠 Promotion-Stalled,0,-0.6469416832572249,-0.08050255499900177
46,0,Travel_Rarely,430,Research & Development,1,4,Medical,4,Male,40,3,5,Research Director,4,Divorced,19627,21445,9,No,17,3,4,2,23,0,3,2,2,2,2,1.0,1.0,0.0,1.0,0.217391304347826,High,1,🟠 Promotion-Stalled,0,2.421684781448723,-0.35871629005988
54,0,Travel_Rarely,1082,Sales,2,4,Life Sciences,3,Female,41,2,3,Sales Executive,3,Married,10686,8392,6,No,11,3,2,1,13,4,3,9,4,7,0,0.7777777777777778,0.4444444444444444,0.4444444444444444,0.0,0.2307692307692307,Medium,1,🟠 Promotion-Stalled,0,0.567110999357105,2.5302213399205113
56,0,Travel_Frequently,1240,Research & Development,9,3,Medical,1,Female,63,3,1,Research Scientist,3,Married,2942,12154,2,No,19,3,2,1,18,4,3,5,4,0,3,0.0,0.8,0.8,0.6,0.0555555555555555,Medium,1,🟠 Promotion-Stalled,0,-0.24804445679675835,-1.064622324199662
36,0,Travel_Rarely,796,Research & Development,12,5,Medical,4,Female,51,2,3,Manufacturing Director,4,Single,8858,15669,0,No,11,3,2,0,15,2,2,14,8,7,8,0.5,0.5714285714285714,0.1428571428571428,0.5714285714285714,0.2,Medium,1,🟠 Promotion-Stalled,0,1.849310213398224,1.0051336125712467
55,0,Non-Travel,444,Research & Development,2,1,Medical,3,Male,40,2,4,Manager,1,Single,16756,17323,7,No,15,3,2,0,31,3,4,9,7,6,2,0.6666666666666666,0.7777777777777778,0.3333333333333333,0.2222222222222222,0.1290322580645161,High,1,🟠 Promotion-Stalled,0,1.7676859144066754,1.7779738757508599
43,0,Travel_Rarely,415,Sales,25,3,Medical,3,Male,79,2,3,Sales Executive,4,Divorced,10798,5268,5,No,13,3,3,1,18,5,3,1,0,0,0,0.0,0.0,5.0,0.0,0.1666666666666666,Low,0,🚀 Fast-Track Performers,1,-3.7160651881459255,2.4211300988280025
20,1,Travel_Frequently,769,Sales,9,3,Marketing,4,Female,54,3,1,Sales Representative,4,Single,2323,17205,1,Yes,14,3,2,0,2,3,3,2,2,0,2,0.0,1.0,1.5,1.0,0.5,Medium,1,🟠 Promotion-Stalled,0,-0.6989358066641818,-1.510802172428923
21,1,Travel_Rarely,1334,Research & Development,10,3,Life Sciences,3,Female,36,2,1,Laboratory Technician,1,Single,1416,17258,1,No,13,3,1,0,1,6,2,1,0,1,0,1.0,0.0,6.0,0.0,1.0,Medium,0,🚀 Fast-Track Performers,1,-4.884035178879849,3.8659010345678584
46,0,Travel_Rarely,1003,Research & Development,8,4,Life Sciences,4,Female,74,2,2,Research Scientist,1,Divorced,4615,21029,8,Yes,23,4,1,3,19,2,3,16,13,1,7,0.0625,0.8125,0.125,0.4375,0.1052631578947368,Medium,1,🟠 Promotion-Stalled,0,1.4074097244700643,-0.8012416468893412
51,1,Travel_Rarely,1323,Research & Development,4,4,Life Sciences,1,Male,34,3,1,Research Scientist,3,Married,2461,10332,9,Yes,12,3,3,3,18,2,4,10,0,2,7,0.2,0.0,0.2,0.7,0.0555555555555555,Low,1,🟠 Promotion-Stalled,0,-0.6909433271283453,-0.8180137377423827
28,1,Non-Travel,1366,Research & Development,24,2,Technical Degree,2,Male,72,2,3,Healthcare Representative,1,Single,8722,12355,1,No,12,3,1,0,10,2,2,10,7,1,9,0.1,0.7,0.2,0.9,0.3,Medium,1,🟠 Promotion-Stalled,0,0.9928930860419299,-0.7663310700485967
26,0,Travel_Rarely,192,Research & Development,1,2,Medical,1,Male,59,2,1,Laboratory Technician,1,Married,3955,11141,1,No,16,3,1,2,6,2,3,5,3,1,3,0.2,0.6,0.4,0.6,0.1666666666666666,Medium,1,🟠 Promotion-Stalled,0,-0.13345342464695278,-1.1907098493748776
30,0,Travel_Rarely,1176,Research & Development,20,3,Other,3,Male,85,3,2,Manufacturing Director,1,Married,9957,9096,0,No,15,3,3,1,7,1,2,6,2,0,2,0.0,0.3333333333333333,0.1666666666666666,0.3333333333333333,0.2857142857142857,Low,1,🟠 Promotion-Stalled,0,-0.8858838830044307,-0.9889612830371811
41,0,Travel_Rarely,509,Research & Development,7,2,Technical Degree,2,Female,43,4,1,Research Scientist,3,Married,3376,18863,1,No,13,3,3,0,10,3,3,10,6,0,8,0.0,0.6,0.3,0.8,0.1,Medium,1,🟠 Promotion-Stalled,0,0.22218225114254456,-1.3804075510429723
38,0,Travel_Rarely,330,Research & Development,17,1,Life Sciences,3,Female,65,2,3,Healthcare Representative,3,Married,8823,24608,0,No,18,3,1,1,20,4,2,19,9,1,9,0.0526315789473684,0.4736842105263157,0.2105263157894736,0.4736842105263157,0.15,Medium,1,🟠 Promotion-Stalled,0,0.5419067700929885,0.344585148465926
40,0,Travel_Rarely,1492,Research & Development,20,4,Technical Degree,1,Male,61,3,3,Healthcare Representative,4,Married,10322,26542,4,No,20,4,4,1,14,6,3,11,10,11,1,1.0,0.9090909090909092,0.5454545454545454,0.0909090909090909,0.2142857142857142,High,1,🟠 Promotion-Stalled,0,2.315259902092955,3.618816150212088
27,0,Non-Travel,1277,Research & Development,8,5,Life Sciences,1,Male,87,1,1,Laboratory Technician,3,Married,4621,5869,1,No,19,3,4,3,3,4,3,3,2,1,2,0.3333333333333333,0.6666666666666666,1.3333333333333333,0.6666666666666666,0.3333333333333333,Medium,1,🟠 Promotion-Stalled,0,-0.8077056776683277,-0.31324029583975677
55,0,Travel_Frequently,1091,Research & Development,2,1,Life Sciences,4,Male,65,3,3,Manufacturing Director,2,Married,10976,15813,3,No,18,3,2,1,23,4,3,3,2,1,2,0.3333333333333333,0.6666666666666666,1.3333333333333333,0.6666666666666666,0.1304347826086956,Medium,1,🟠 Promotion-Stalled,0,-0.09616439516344034,0.2867474281624376
28,0,Travel_Rarely,857,Research & Development,10,3,Other,3,Female,59,3,2,Research Scientist,3,Single,3660,7909,3,No,13,3,4,0,10,4,4,8,7,1,7,0.125,0.875,0.5,0.875,0.2,Medium,1,🟠 Promotion-Stalled,0,0.8405946024209409,-0.6121313894139102
44,1,Travel_Rarely,1376,Human Resources,1,2,Medical,2,Male,91,2,3,Human Resources,1,Married,10482,2326,9,No,14,3,4,1,24,1,3,20,6,3,6,0.15,0.3,0.05,0.3,0.125,Low,1,🟠 Promotion-Stalled,0,0.4935137062552094,0.08014974472749019
33,0,Travel_Rarely,654,Research & Development,5,3,Life Sciences,4,Male,34,2,3,Healthcare Representative,4,Divorced,7119,21214,4,No,15,3,3,1,9,2,3,3,2,1,2,0.3333333333333333,0.6666666666666666,0.6666666666666666,0.6666666666666666,0.3333333333333333,Medium,1,🟠 Promotion-Stalled,0,0.05693204092698762,-0.33715599296059423
35,1,Travel_Rarely,1204,Sales,4,3,Technical Degree,4,Male,86,3,3,Sales Executive,1,Single,9582,10333,0,Yes,22,4,1,0,9,2,3,8,7,4,7,0.5,0.875,0.25,0.875,0.3333333333333333,Medium,1,🟠 Promotion-Stalled,0,1.7077042482313176,-0.11317685576964939
33,1,Travel_Frequently,827,Research & Development,29,4,Medical,1,Female,54,2,2,Research Scientist,3,Single,4508,3129,1,No,22,4,2,0,14,4,3,13,7,3,8,0.2307692307692307,0.5384615384615384,0.3076923076923077,0.6153846153846154,0.1428571428571428,Medium,1,🟠 Promotion-Stalled,0,0.6287138637265448,0.17711619709439105
28,0,Travel_Rarely,895,Research & Development,15,2,Life Sciences,1,Male,50,3,1,Laboratory Technician,3,Divorced,2207,22482,1,No,16,3,4,1,4,5,2,4,2,2,2,0.5,0.5,1.25,0.5,0.25,Medium,1,🟠 Promotion-Stalled,0,-0.8082402946477151,0.577770830055265
34,0,Travel_Frequently,618,Research & Development,3,1,Life Sciences,1,Male,45,3,2,Healthcare Representative,4,Single,7756,22266,0,No,17,3,3,0,7,1,2,6,2,0,4,0.0,0.3333333333333333,0.1666666666666666,0.6666666666666666,0.2857142857142857,Low,1,🟠 Promotion-Stalled,0,-0.574958664781188,-1.369149689540966
37,0,Travel_Rarely,309,Sales,10,4,Life Sciences,4,Female,88,2,2,Sales Executive,4,Divorced,6694,24223,2,Yes,14,3,3,3,8,5,3,1,0,0,0,0.0,0.0,5.0,0.0,0.25,Low,0,🚀 Fast-Track Performers,1,-4.048571357553932,2.104637888688413
25,1,Travel_Rarely,1219,Research & Development,4,1,Technical Degree,4,Male,32,3,1,Laboratory Technician,4,Married,3691,4605,1,Yes,15,3,2,1,7,3,4,7,7,5,6,0.7142857142857143,1.0,0.4285714285714285,0.8571428571428571,0.1428571428571428,High,1,🟠 Promotion-Stalled,0,1.8910300742420287,-0.23430200845639323
26,1,Travel_Rarely,1330,Research & Development,21,3,Medical,1,Male,37,3,1,Laboratory Technician,3,Divorced,2377,19373,1,No,20,4,3,1,1,0,2,1,1,0,0,0.0,1.0,0.0,0.0,1.0,Medium,0,🚀 Fast-Track Performers,1,-1.718505826324253,-1.556442653466642
33,1,Travel_Rarely,1017,Research & Development,25,3,Medical,1,Male,55,2,1,Research Scientist,2,Single,2313,2993,4,Yes,20,4,2,0,5,0,3,2,2,2,2,1.0,1.0,0.0,1.0,0.2,High,1,🟠 Promotion-Stalled,0,1.613271003677666,-1.8210454479662266
42,0,Travel_Rarely,469,Research & Development,2,2,Medical,4,Male,35,3,4,Manager,1,Married,17665,14399,0,No,17,3,4,1,23,3,3,22,6,13,7,0.5909090909090909,0.2727272727272727,0.1363636363636363,0.3181818181818182,0.1739130434782608,Medium,1,🟠 Promotion-Stalled,0,1.9124094341395361,3.073106706906549
28,1,Travel_Frequently,1009,Research & Development,1,3,Medical,1,Male,45,2,1,Laboratory Technician,2,Divorced,2596,7160,1,No,15,3,1,2,1,2,3,1,0,0,0,0.0,0.0,2.0,0.0,1.0,Low,0,🚀 Fast-Track Performers,1,-3.903696978915554,0.4541571460485005
50,1,Travel_Frequently,959,Sales,1,4,Other,4,Male,81,3,2,Sales Executive,3,Single,4728,17251,3,Yes,14,3,4,0,5,4,3,0,0,0,0,0.0,0.0,4.0,0.0,0.4,Low,0,🚀 Fast-Track Performers,1,-3.7834059231730497,1.617167462078526
33,0,Travel_Frequently,970,Sales,7,3,Life Sciences,4,Female,30,3,2,Sales Executive,2,Married,4302,13401,0,No,17,3,3,1,4,3,3,3,2,0,2,0.0,0.6666666666666666,1.0,0.6666666666666666,0.5,Medium,1,🟠 Promotion-Stalled,0,-1.0126675542616488,-0.6953858389236555
34,0,Non-Travel,697,Research & Development,3,4,Life Sciences,3,Male,40,2,1,Research Scientist,4,Married,2979,22478,3,No,17,3,4,3,6,2,3,0,0,0,0,0.0,0.0,2.0,0.0,0.1666666666666666,Low,0,🚀 Fast-Track Performers,1,-2.693510185681372,-0.06281913846468556
48,0,Non-Travel,1262,Research & Development,1,4,Medical,1,Male,35,4,4,Manager,4,Single,16885,16154,2,No,22,4,3,0,27,3,2,5,4,2,1,0.4,0.8,0.6,0.2,0.1481481481481481,Medium,1,🟠 Promotion-Stalled,0,0.5418820932459687,0.7876646040291981
45,0,Non-Travel,1050,Sales,9,4,Life Sciences,2,Female,65,2,2,Sales Executive,3,Married,5593,17970,1,No,13,3,4,1,15,2,3,15,10,4,12,0.2666666666666666,0.6666666666666666,0.1333333333333333,0.8,0.1333333333333333,Medium,1,🟠 Promotion-Stalled,0,1.7679237562970427,-0.3676642891218784
52,0,Travel_Rarely,994,Research & Development,7,4,Life Sciences,2,Male,87,3,3,Healthcare Representative,2,Single,10445,15322,7,No,19,3,4,0,18,4,3,8,6,4,0,0.5,0.75,0.5,0.0,0.1666666666666666,Medium,1,🟠 Promotion-Stalled,0,0.5965668362283768,1.4905223727893206
38,0,Travel_Rarely,770,Sales,10,4,Marketing,3,Male,73,2,3,Sales Executive,3,Divorced,8740,5569,0,Yes,14,3,2,2,9,2,3,8,7,2,7,0.25,0.875,0.25,0.875,0.3333333333333333,Medium,1,🟠 Promotion-Stalled,0,1.3229853875140976,-0.5750720794104548
29,0,Travel_Rarely,1107,Research & Development,28,4,Life Sciences,3,Female,93,3,1,Research Scientist,4,Divorced,2514,26968,4,No,22,4,1,1,11,1,3,7,5,1,7,0.1428571428571428,0.7142857142857143,0.1428571428571428,1.0,0.0909090909090909,Medium,1,🟠 Promotion-Stalled,0,0.8358093659944899,-2.1776080712481636
28,0,Travel_Rarely,950,Research & Development,3,3,Medical,4,Female,93,3,3,Manufacturing Director,2,Divorced,7655,8039,0,No,17,3,2,3,10,3,2,9,7,1,7,0.1111111111111111,0.7777777777777778,0.3333333333333333,0.7777777777777778,0.3,Medium,1,🟠 Promotion-Stalled,0,0.8029773366641255,-0.41452385681770765
46,0,Travel_Rarely,406,Sales,3,1,Marketing,1,Male,52,3,4,Manager,3,Married,17465,15596,3,No,12,3,4,1,23,3,3,12,9,4,9,0.3333333333333333,0.75,0.25,0.75,0.1739130434782608,Medium,1,🟠 Promotion-Stalled,0,1.973358369594663,0.7145782418062593
38,0,Travel_Rarely,130,Sales,2,2,Marketing,4,Male,32,3,3,Sales Executive,2,Single,7351,20619,7,No,16,3,3,0,10,2,3,1,0,0,0,0.0,0.0,2.0,0.0,0.3,Low,0,🚀 Fast-Track Performers,1,-2.4756334863358993,0.7364600730318676
43,0,Travel_Frequently,1082,Research & Development,27,3,Life Sciences,3,Female,83,3,3,Manufacturing Director,1,Married,10820,11535,8,No,11,3,3,1,18,1,3,8,7,0,1,0.0,0.875,0.125,0.125,0.1666666666666666,Medium,1,🟠 Promotion-Stalled,0,0.5511991388080614,-0.7207056117042887
39,1,Travel_Frequently,203,Research & Development,2,3,Life Sciences,1,Male,84,3,4,Healthcare Representative,4,Divorced,12169,13547,7,No,11,3,4,3,21,4,3,18,7,11,5,0.6111111111111112,0.3888888888888889,0.2222222222222222,0.2777777777777778,0.1904761904761904,Medium,1,🟠 Promotion-Stalled,0,1.8129123518028922,3.148983999530768
40,0,Travel_Rarely,1308,Research & Development,14,3,Medical,3,Male,44,2,5,Research Director,3,Single,19626,17544,1,No,14,3,1,0,21,2,4,20,7,4,9,0.2,0.35,0.1,0.45,0.238095238095238,Low,1,🟠 Promotion-Stalled,0,1.1140133115641169,1.2071602768112057
21,0,Travel_Rarely,984,Research & Development,1,1,Technical Degree,4,Female,70,2,1,Research Scientist,2,Single,2070,25326,1,Yes,11,3,3,0,2,6,4,2,2,2,2,1.0,1.0,3.0,1.0,0.5,High,1,🟠 Promotion-Stalled,0,-0.46502460135935453,1.0771716174959118
39,0,Non-Travel,439,Research & Development,9,3,Life Sciences,3,Male,70,3,2,Laboratory Technician,2,Single,6782,8770,9,No,15,3,3,0,9,2,2,5,4,0,3,0.0,0.8,0.4,0.6,0.2222222222222222,Medium,1,🟠 Promotion-Stalled,0,0.060441675301386937,-1.2693100510626776
36,0,Non-Travel,217,Research & Development,18,4,Life Sciences,1,Male,78,3,2,Manufacturing Director,4,Single,7779,23238,2,No,20,4,1,0,18,0,3,11,9,0,9,0.0,0.8181818181818182,0.0,0.8181818181818182,0.1111111111111111,Medium,1,🟠 Promotion-Stalled,0,1.353928657735298,-2.165892556224686
31,0,Travel_Frequently,793,Sales,20,3,Life Sciences,3,Male,67,4,1,Sales Representative,4,Married,2791,21981,0,No,12,3,1,1,3,4,3,2,2,2,2,1.0,1.0,2.0,1.0,0.3333333333333333,High,1,🟠 Promotion-Stalled,0,0.33895771286993875,0.09462721179472118
28,0,Travel_Rarely,1451,Research & Development,2,1,Life Sciences,1,Male,67,2,1,Research Scientist,2,Married,3201,19911,0,No,17,3,1,0,6,2,1,5,3,0,4,0.0,0.6,0.4,0.8,0.1666666666666666,Medium,1,🟠 Promotion-Stalled,0,-0.22707150361100117,-1.7626504735158055
35,0,Travel_Frequently,1182,Sales,11,2,Marketing,4,Male,54,3,2,Sales Executive,4,Divorced,4968,18500,1,No,11,3,4,1,5,3,3,5,2,0,2,0.0,0.4,0.6,0.4,0.4,Low,1,🟠 Promotion-Stalled,0,-1.2236108888122939,-0.2890371206274825
49,0,Travel_Rarely,174,Sales,8,4,Technical Degree,4,Male,56,2,4,Sales Executive,2,Married,13120,11879,6,No,17,3,2,1,22,3,3,9,8,2,3,0.2222222222222222,0.8888888888888888,0.3333333333333333,0.3333333333333333,0.1818181818181818,Medium,1,🟠 Promotion-Stalled,0,1.2018086643923174,0.5532680848682685
34,0,Travel_Frequently,1003,Research & Development,2,2,Life Sciences,4,Male,95,3,2,Manufacturing Director,3,Single,4033,15834,2,No,11,3,4,0,5,3,2,3,2,0,2,0.0,0.6666666666666666,1.0,0.6666666666666666,0.4,Medium,1,🟠 Promotion-Stalled,0,-0.8258388728090635,-0.6855299533361635
29,0,Travel_Frequently,490,Research & Development,10,3,Life Sciences,4,Female,61,3,1,Research Scientist,2,Divorced,3291,17940,0,No,14,3,4,2,8,2,2,7,5,1,1,0.1428571428571428,0.7142857142857143,0.2857142857142857,0.1428571428571428,0.125,Medium,1,🟠 Promotion-Stalled,0,-0.13309763593490143,-0.8109240587356517
42,0,Travel_Rarely,188,Research & Development,29,3,Medical,2,Male,56,1,2,Laboratory Technician,4,Single,4272,9558,4,No,19,3,1,0,16,3,3,1,0,0,0,0.0,0.0,3.0,0.0,0.125,Low,0,🚀 Fast-Track Performers,1,-2.9275825543280947,0.8201842748986902
29,0,Travel_Rarely,718,Research & Development,8,1,Medical,2,Male,79,2,2,Manufacturing Director,4,Married,5056,17689,1,Yes,15,3,3,1,10,2,2,10,7,1,2,0.1,0.7,0.2,0.2,0.2,Medium,1,🟠 Promotion-Stalled,0,0.23527926863249513,-0.46452521502689925
38,0,Travel_Rarely,433,Human Resources,1,3,Human Resources,3,Male,37,4,1,Human Resources,3,Married,2844,6004,1,No,13,3,4,1,7,2,4,7,6,5,0,0.7142857142857143,0.8571428571428571,0.2857142857142857,0.0,0.1428571428571428,High,1,🟠 Promotion-Stalled,0,0.9264698848770695,0.4546836678942859
28,0,Travel_Frequently,773,Research & Development,6,3,Life Sciences,3,Male,39,2,1,Research Scientist,3,Divorced,2703,22088,1,Yes,14,3,4,1,3,2,3,3,1,0,2,0.0,0.3333333333333333,0.6666666666666666,0.6666666666666666,0.3333333333333333,Low,1,🟠 Promotion-Stalled,0,-1.2329176374644921,-1.2605625305546047
18,1,Non-Travel,247,Research & Development,8,1,Medical,3,Male,80,3,1,Laboratory Technician,3,Single,1904,13556,1,No,12,3,4,0,0,0,3,0,0,0,0,0.0,0.0,0.0,0.0,0.0,Low,1,🟠 Promotion-Stalled,1,-1.4446685669490684,-1.2567562297390984
33,1,Travel_Rarely,603,Sales,9,4,Marketing,1,Female,77,3,2,Sales Executive,1,Single,8224,18385,0,Yes,17,3,1,0,6,3,3,5,2,0,3,0.0,0.4,0.6,0.6,0.3333333333333333,Low,1,🟠 Promotion-Stalled,0,-0.9711788072829477,-0.6119671942688379
41,0,Travel_Rarely,167,Research & Development,12,4,Life Sciences,2,Male,46,3,1,Laboratory Technician,4,Married,4766,9051,3,Yes,11,3,1,1,6,4,3,1,0,0,0,0.0,0.0,4.0,0.0,0.1666666666666666,Low,0,🚀 Fast-Track Performers,1,-3.624302997783648,1.1590657492582834
31,1,Travel_Frequently,874,Research & Development,15,3,Medical,3,Male,72,3,1,Laboratory Technician,3,Married,2610,6233,1,No,12,3,3,1,2,5,2,2,2,2,2,1.0,1.0,2.5,1.0,0.5,High,1,🟠 Promotion-Stalled,0,-0.18871949318112904,0.629532118768053
37,0,Travel_Rarely,367,Research & Development,25,2,Medical,3,Female,52,2,2,Healthcare Representative,4,Divorced,5731,17171,7,No,13,3,3,2,9,2,3,6,2,1,3,0.1666666666666666,0.3333333333333333,0.3333333333333333,0.5,0.2222222222222222,Low,1,🟠 Promotion-Stalled,0,-0.5114798602745975,-0.5240920559899686
27,0,Travel_Rarely,199,Research & Development,6,3,Life Sciences,4,Male,55,2,1,Research Scientist,3,Married,2539,7950,1,No,13,3,3,1,4,0,3,4,2,2,2,0.5,0.5,0.0,0.5,0.25,Medium,1,🟠 Promotion-Stalled,0,0.1205600141882868,-1.2176053393417556
34,0,Travel_Rarely,1400,Sales,9,1,Life Sciences,2,Female,70,3,2,Sales Executive,3,Married,5714,5829,1,No,20,4,1,0,6,3,2,6,5,1,3,0.1666666666666666,0.8333333333333334,0.5,0.5,0.3333333333333333,Medium,1,🟠 Promotion-Stalled,0,0.05852223439668829,-0.506501521754334
35,0,Travel_Rarely,528,Human Resources,8,4,Technical Degree,3,Male,100,3,1,Human Resources,3,Single,4323,7108,1,No,17,3,2,0,6,2,1,5,4,1,4,0.2,0.8,0.4,0.8,0.1666666666666666,Medium,1,🟠 Promotion-Stalled,0,0.4012512709065438,-1.5478014706071836
29,1,Travel_Rarely,408,Sales,23,1,Life Sciences,4,Female,45,2,3,Sales Executive,1,Married,7336,11162,1,No,13,3,1,1,11,3,1,11,8,3,10,0.2727272727272727,0.7272727272727273,0.2727272727272727,0.9090909090909092,0.2727272727272727,Medium,1,🟠 Promotion-Stalled,0,1.4511121493067252,0.008524748433230984
40,0,Travel_Frequently,593,Research & Development,9,4,Medical,2,Female,88,3,3,Research Director,3,Single,13499,13782,9,No,17,3,3,0,20,3,2,18,7,2,13,0.1111111111111111,0.3888888888888889,0.1666666666666666,0.7222222222222222,0.15,Low,1,🟠 Promotion-Stalled,0,0.7136012214199425,-0.003607401056422426
42,1,Travel_Frequently,481,Sales,12,3,Life Sciences,3,Male,44,3,4,Sales Executive,1,Single,13758,2447,0,Yes,12,3,2,0,22,2,2,21,9,13,14,0.6190476190476191,0.4285714285714285,0.0952380952380952,0.6666666666666666,0.1818181818181818,Medium,1,🟠 Promotion-Stalled,0,2.9340418496891303,2.4581002393755274
42,0,Travel_Rarely,647,Sales,4,4,Marketing,2,Male,45,3,2,Sales Executive,1,Single,5155,2253,7,No,13,3,4,0,9,3,4,6,4,1,5,0.1666666666666666,0.6666666666666666,0.5,0.8333333333333334,0.2222222222222222,Medium,1,🟠 Promotion-Stalled,0,0.28331485468711043,-0.7454460797043976
35,0,Travel_Rarely,982,Research & Development,1,4,Medical,4,Male,58,2,1,Laboratory Technician,3,Married,2258,16340,6,No,12,3,2,1,10,2,3,8,0,1,7,0.125,0.0,0.25,0.875,0.1,Low,1,🟠 Promotion-Stalled,0,-0.7835827380236885,-1.1961130331955472
24,0,Travel_Rarely,477,Research & Development,24,3,Medical,4,Male,49,3,1,Laboratory Technician,2,Single,3597,6409,8,No,22,4,4,0,6,2,3,4,3,1,2,0.25,0.75,0.5,0.5,0.1666666666666666,Medium,1,🟠 Promotion-Stalled,0,-0.10065036416660006,-1.2040047753752168
28,1,Travel_Rarely,1485,Research & Development,12,1,Life Sciences,3,Female,79,3,1,Laboratory Technician,4,Married,2515,22955,1,Yes,11,3,4,0,1,4,2,1,1,0,0,0.0,1.0,4.0,0.0,1.0,Medium,0,🚀 Fast-Track Performers,1,-3.600094463155961,0.8527631605710876
26,0,Travel_Rarely,1384,Research & Development,3,4,Medical,1,Male,82,4,1,Laboratory Technician,4,Married,4420,13421,1,No,22,4,2,1,8,2,3,8,7,0,7,0.0,0.875,0.25,0.875,0.125,Medium,1,🟠 Promotion-Stalled,0,0.7304917564643331,-2.0535203495105514
30,0,Travel_Rarely,852,Sales,10,3,Marketing,3,Male,72,2,2,Sales Executive,3,Married,6578,2706,1,No,18,3,1,1,10,3,3,10,3,1,4,0.1,0.3,0.3,0.4,0.2,Low,1,🟠 Promotion-Stalled,0,-0.6480056775574957,-0.19881203059466493
40,0,Travel_Frequently,902,Research & Development,26,2,Medical,3,Female,92,2,2,Research Scientist,4,Married,4422,21203,3,Yes,13,3,4,1,16,3,1,1,1,0,0,0.0,1.0,3.0,0.0,0.125,Medium,0,🚀 Fast-Track Performers,1,-1.639845859460478,0.0890759654535313
35,0,Travel_Rarely,819,Research & Development,2,3,Life Sciences,3,Male,44,2,3,Manufacturing Director,2,Divorced,10274,19588,2,No,18,3,2,1,15,2,4,7,7,6,4,0.8571428571428571,1.0,0.2857142857142857,0.5714285714285714,0.2,High,1,🟠 Promotion-Stalled,0,2.2884511723486822,0.7374099937736177
34,0,Travel_Frequently,669,Research & Development,1,3,Medical,4,Male,97,2,2,Healthcare Representative,1,Single,5343,25755,0,No,20,4,3,0,14,3,3,13,9,4,9,0.3076923076923077,0.6923076923076923,0.2307692307692307,0.6923076923076923,0.1428571428571428,Medium,1,🟠 Promotion-Stalled,0,1.4239758133040308,-0.023690973669097927
35,0,Travel_Frequently,636,Research & Development,4,4,Other,4,Male,47,2,1,Laboratory Technician,4,Married,2376,26537,1,No,13,3,2,1,2,2,4,2,2,2,2,1.0,1.0,1.0,1.0,0.5,High,1,🟠 Promotion-Stalled,0,0.6535311731049844,-0.6903437364767174
43,1,Travel_Rarely,1372,Sales,9,3,Marketing,1,Female,85,1,2,Sales Executive,3,Single,5346,9489,8,No,13,3,2,0,7,2,2,4,3,1,3,0.25,0.75,0.5,0.75,0.2857142857142857,Medium,1,🟠 Promotion-Stalled,0,0.23125150230308572,-0.9432460122146459
32,0,Non-Travel,862,Sales,2,1,Life Sciences,3,Female,76,3,1,Sales Representative,1,Divorced,2827,14947,1,No,12,3,3,3,1,3,3,1,0,0,0,0.0,0.0,3.0,0.0,1.0,Low,0,🚀 Fast-Track Performers,1,-4.369093384966692,1.065099589909985
56,0,Travel_Rarely,718,Research & Development,4,4,Technical Degree,4,Female,92,3,5,Manager,1,Divorced,19943,18575,4,No,13,3,4,1,28,2,3,5,2,4,2,0.8,0.4,0.4,0.4,0.1785714285714285,Medium,1,🟠 Promotion-Stalled,0,0.9861637062626554,1.6523331568125503
29,0,Travel_Rarely,1401,Research & Development,6,1,Medical,2,Female,54,3,1,Laboratory Technician,4,Married,3131,26342,1,No,13,3,1,1,10,5,3,10,8,0,8,0.0,0.8,0.5,0.8,0.1,Medium,1,🟠 Promotion-Stalled,0,0.4485227175302052,-0.827915016376188
19,0,Travel_Rarely,645,Research & Development,9,2,Life Sciences,3,Male,54,3,1,Research Scientist,1,Single,2552,7172,1,No,25,4,3,0,1,4,3,1,1,0,0,0.0,1.0,4.0,0.0,1.0,Medium,0,🚀 Fast-Track Performers,1,-3.69344185541602,0.6914646739994467
45,0,Travel_Rarely,1457,Research & Development,7,3,Medical,1,Female,83,3,1,Research Scientist,3,Married,4477,20100,4,Yes,19,3,3,1,7,2,2,3,2,0,2,0.0,0.6666666666666666,0.6666666666666666,0.6666666666666666,0.1428571428571428,Medium,1,🟠 Promotion-Stalled,0,-0.48962531925476716,-1.6738433246630982
37,0,Travel_Rarely,977,Research & Development,1,3,Life Sciences,4,Female,56,2,2,Manufacturing Director,4,Married,6474,9961,1,No,13,3,2,1,14,2,2,14,8,3,11,0.2142857142857142,0.5714285714285714,0.1428571428571428,0.7857142857142857,0.1428571428571428,Medium,1,🟠 Promotion-Stalled,0,1.2272246667260132,-0.5464427259397636
20,0,Travel_Rarely,805,Research & Development,3,3,Life Sciences,1,Male,87,2,1,Laboratory Technician,3,Single,3033,12828,1,No,12,3,1,0,2,2,2,2,2,1,2,0.5,1.0,1.0,1.0,0.5,Medium,1,🟠 Promotion-Stalled,0,0.12878557906095126,-1.301350062877944
44,1,Travel_Rarely,1097,Research & Development,10,4,Life Sciences,3,Male,96,3,1,Research Scientist,3,Single,2936,10826,1,Yes,11,3,3,0,6,4,3,6,4,0,2,0.0,0.6666666666666666,0.6666666666666666,0.3333333333333333,0.1666666666666666,Medium,1,🟠 Promotion-Stalled,0,-0.7134198250638264,-0.546787844828213
53,0,Travel_Rarely,1223,Research & Development,7,2,Medical,4,Female,50,3,5,Manager,3,Divorced,18606,18640,3,No,18,3,2,1,26,6,3,7,7,4,7,0.5714285714285714,1.0,0.8571428571428571,1.0,0.1923076923076923,Medium,1,🟠 Promotion-Stalled,0,2.1022839344142183,1.7391506386404245
29,0,Travel_Rarely,942,Research & Development,15,1,Life Sciences,2,Female,69,1,1,Research Scientist,4,Married,2168,26933,0,Yes,18,3,1,1,6,2,2,5,4,1,3,0.2,0.8,0.4,0.6,0.1666666666666666,Medium,1,🟠 Promotion-Stalled,0,0.2000272640460174,-1.345035331737599
22,1,Travel_Frequently,1256,Research & Development,3,4,Life Sciences,3,Male,48,2,1,Research Scientist,4,Married,2853,4223,0,Yes,11,3,2,1,1,5,3,0,0,0,0,0.0,0.0,5.0,0.0,1.0,Low,0,🚀 Fast-Track Performers,1,-5.33322455144756,2.2293778752859397
46,0,Travel_Rarely,1402,Sales,2,3,Marketing,3,Female,69,3,4,Manager,1,Married,17048,24097,8,No,23,4,1,0,28,2,3,26,15,15,9,0.5769230769230769,0.5769230769230769,0.0769230769230769,0.3461538461538461,0.1428571428571428,Medium,1,🟠 Promotion-Stalled,0,3.704830570652876,3.0231527740658493
44,0,Non-Travel,111,Research & Development,17,3,Life Sciences,4,Male,74,1,1,Research Scientist,3,Single,2290,4279,2,No,13,3,4,0,6,3,3,0,0,0,0,0.0,0.0,3.0,0.0,0.1666666666666666,Low,0,🚀 Fast-Track Performers,1,-3.1522389208567914,0.5596446258662019
33,0,Travel_Rarely,147,Human Resources,2,3,Human Resources,2,Male,99,3,1,Human Resources,3,Married,3600,8429,1,No,13,3,4,1,5,2,3,5,4,1,4,0.2,0.8,0.4,0.8,0.2,Medium,1,🟠 Promotion-Stalled,0,0.378981069009993,-1.4819588429865969
41,1,Non-Travel,906,Research & Development,5,2,Life Sciences,1,Male,95,2,1,Research Scientist,1,Divorced,2107,20293,6,No,17,3,1,1,5,2,1,1,0,0,0,0.0,0.0,2.0,0.0,0.2,Low,0,🚀 Fast-Track Performers,1,-2.7424510710807968,-0.04306179272171018
30,0,Travel_Rarely,1329,Sales,29,4,Life Sciences,3,Male,61,3,2,Sales Executive,1,Divorced,4115,13192,8,No,19,3,3,3,8,3,3,4,3,0,3,0.0,0.75,0.75,0.75,0.25,Medium,1,🟠 Promotion-Stalled,0,-0.2612351501459464,-1.0597523050168534
40,0,Travel_Frequently,1184,Sales,2,4,Medical,2,Male,62,3,2,Sales Executive,2,Married,4327,25440,5,No,12,3,4,3,5,2,3,0,0,0,0,0.0,0.0,2.0,0.0,0.4,Low,0,🚀 Fast-Track Performers,1,-2.7992717440650257,0.48745313811078034
50,0,Travel_Frequently,1421,Research & Development,2,3,Medical,4,Female,30,3,4,Manager,1,Married,17856,9490,2,No,22,4,3,1,32,3,3,2,2,2,2,1.0,1.0,1.5,1.0,0.125,High,1,🟠 Promotion-Stalled,0,1.4715931720142819,0.482905180031515
28,0,Travel_Rarely,1179,Research & Development,19,4,Medical,4,Male,78,2,1,Laboratory Technician,1,Married,3196,12449,1,No,12,3,3,3,6,2,3,6,5,3,3,0.5,0.8333333333333334,0.3333333333333333,0.5,0.1666666666666666,Medium,1,🟠 Promotion-Stalled,0,0.808582135072795,-0.5792508503246884
46,0,Travel_Rarely,1450,Research & Development,15,2,Life Sciences,4,Male,52,3,5,Research Director,2,Married,19081,10849,5,No,11,3,1,1,25,2,3,4,2,0,3,0.0,0.5,0.5,0.75,0.2,Medium,1,🟠 Promotion-Stalled,0,0.2546126639094242,-0.12702059560299553
35,0,Travel_Rarely,1361,Sales,17,4,Life Sciences,3,Male,94,3,2,Sales Executive,1,Married,8966,21026,3,Yes,15,3,4,3,15,2,3,7,7,1,7,0.1428571428571428,1.0,0.2857142857142857,1.0,0.1333333333333333,Medium,1,🟠 Promotion-Stalled,0,1.4502285949585407,-1.5485175272083695
24,1,Travel_Rarely,984,Research & Development,17,2,Life Sciences,4,Female,97,3,1,Laboratory Technician,2,Married,2210,3372,1,No,13,3,1,1,1,3,1,1,0,0,0,0.0,0.0,3.0,0.0,1.0,Low,0,🚀 Fast-Track Performers,1,-4.37576105584241,1.0535782694405822
33,0,Travel_Frequently,1146,Sales,25,3,Medical,2,Female,82,3,2,Sales Executive,3,Married,4539,4905,1,No,12,3,1,1,10,3,2,10,7,0,1,0.0,0.7,0.3,0.1,0.2,Medium,1,🟠 Promotion-Stalled,0,-0.16123192454481738,-0.2529074991997702
36,0,Travel_Rarely,917,Research & Development,6,4,Life Sciences,3,Male,60,1,1,Laboratory Technician,3,Divorced,2741,6865,1,No,14,3,3,1,7,4,3,7,7,1,7,0.1428571428571428,1.0,0.5714285714285714,1.0,0.1428571428571428,Medium,1,🟠 Promotion-Stalled,0,0.9626622263275942,-1.213851011458572
30,0,Travel_Rarely,853,Research & Development,7,4,Life Sciences,3,Male,49,3,2,Laboratory Technician,3,Divorced,3491,11309,1,No,13,3,1,3,10,4,2,10,7,8,9,0.8,0.7,0.4,0.9,0.2,High,1,🟠 Promotion-Stalled,0,2.0749308448250283,1.2343305591028644
44,0,Travel_Rarely,200,Research & Development,29,4,Other,4,Male,32,3,2,Research Scientist,4,Single,4541,7744,1,No,25,4,2,0,20,3,3,20,11,13,17,0.65,0.55,0.15,0.85,0.1,Medium,1,🟠 Promotion-Stalled,0,3.0418485373118096,1.6647792794388678
20,0,Travel_Rarely,654,Sales,21,3,Marketing,3,Male,43,4,1,Sales Representative,4,Single,2678,5050,1,No,17,3,4,0,2,2,3,2,1,2,2,1.0,0.5,1.0,1.0,0.5,Medium,1,🟠 Promotion-Stalled,0,-0.057798530530633725,-0.35428865536629084
46,0,Travel_Rarely,150,Research & Development,2,4,Technical Degree,4,Male,60,3,2,Manufacturing Director,4,Divorced,7379,17433,2,No,11,3,3,1,12,3,2,6,3,1,4,0.1666666666666666,0.5,0.5,0.6666666666666666,0.1666666666666666,Medium,1,🟠 Promotion-Stalled,0,-0.09318986169545397,-0.47334968208238126
42,0,Non-Travel,179,Human Resources,2,5,Medical,4,Male,79,4,2,Human Resources,1,Married,6272,12858,7,No,16,3,1,1,10,3,4,4,3,0,3,0.0,0.75,0.75,0.75,0.2,Medium,1,🟠 Promotion-Stalled,0,-0.1678208094196537,-1.0548243622231075
60,0,Travel_Rarely,696,Sales,7,4,Marketing,2,Male,52,4,2,Sales Executive,4,Divorced,5220,10893,0,Yes,18,3,2,1,12,3,3,11,7,1,9,0.0909090909090909,0.6363636363636364,0.2727272727272727,0.8181818181818182,0.1666666666666666,Medium,1,🟠 Promotion-Stalled,0,0.6763464853566409,-0.8200936342971998
32,0,Travel_Frequently,116,Research & Development,13,3,Other,3,Female,77,2,1,Laboratory Technician,2,Married,2743,7331,1,No,20,4,3,1,2,2,3,2,2,2,2,1.0,1.0,1.0,1.0,0.5,High,1,🟠 Promotion-Stalled,0,0.6068574769749548,-0.7709929797625379
32,0,Travel_Frequently,1316,Research & Development,2,2,Life Sciences,4,Female,38,3,2,Research Scientist,3,Single,4998,2338,4,Yes,14,3,4,0,10,2,3,8,7,0,7,0.0,0.875,0.25,0.875,0.2,Medium,1,🟠 Promotion-Stalled,0,0.8772024163551019,-1.5625315038060092
36,0,Travel_Rarely,363,Research & Development,1,3,Technical Degree,3,Female,77,1,3,Manufacturing Director,1,Divorced,10252,4235,2,Yes,21,4,3,1,17,2,3,7,7,7,7,1.0,1.0,0.2857142857142857,1.0,0.1764705882352941,High,1,🟠 Promotion-Stalled,0,2.953806603322573,0.5231972825966986
33,0,Travel_Rarely,117,Research & Development,9,3,Medical,1,Male,60,3,1,Research Scientist,4,Married,2781,6311,0,No,13,3,2,1,15,5,3,14,10,4,10,0.2857142857142857,0.7142857142857143,0.3571428571428571,0.7142857142857143,0.0666666666666666,Medium,1,🟠 Promotion-Stalled,0,1.3161824693491502,0.2583813395389103
40,0,Travel_Rarely,107,Sales,10,3,Technical Degree,2,Female,84,2,2,Sales Executive,2,Divorced,6852,11591,7,No,12,3,2,1,7,2,4,5,1,1,3,0.2,0.2,0.4,0.6,0.2857142857142857,Low,1,🟠 Promotion-Stalled,0,-0.7717173934256834,-0.45713268153975617
25,0,Travel_Rarely,1356,Sales,10,4,Life Sciences,3,Male,57,3,2,Sales Executive,4,Single,4950,20623,0,No,14,3,2,0,5,4,3,4,3,1,1,0.25,0.75,1.0,0.25,0.4,Medium,1,🟠 Promotion-Stalled,0,-0.7931232483876471,0.38066683910428406
30,0,Travel_Rarely,1465,Research & Development,1,3,Medical,4,Male,63,3,1,Research Scientist,2,Married,3579,9369,0,Yes,21,4,1,1,12,2,3,11,9,5,7,0.4545454545454545,0.8181818181818182,0.1818181818181818,0.6363636363636364,0.0833333333333333,Medium,1,🟠 Promotion-Stalled,0,1.7261456385641984,-0.4825949103169017
42,0,Travel_Frequently,458,Research & Development,26,5,Medical,1,Female,60,3,3,Research Director,1,Married,13191,23281,3,Yes,17,3,3,0,20,6,3,1,0,0,0,0.0,0.0,6.0,0.0,0.15,Low,0,🚀 Fast-Track Performers,1,-4.203664847627381,2.941544626532179
35,0,Non-Travel,1212,Sales,8,2,Marketing,3,Female,78,2,3,Sales Executive,4,Married,10377,13755,4,Yes,11,3,2,1,16,6,2,13,2,4,12,0.3076923076923077,0.1538461538461538,0.4615384615384615,0.9230769230769232,0.1875,Medium,1,🟠 Promotion-Stalled,0,0.05385084157430911,1.3644488279054574
27,0,Travel_Rarely,1103,Research & Development,14,3,Life Sciences,1,Male,42,3,1,Research Scientist,1,Married,2235,14377,1,Yes,14,3,4,2,9,3,2,9,7,6,8,0.6666666666666666,0.7777777777777778,0.3333333333333333,0.8888888888888888,0.1111111111111111,High,1,🟠 Promotion-Stalled,0,1.8387281541087594,0.0014886741133577006
54,0,Travel_Frequently,966,Research & Development,1,4,Life Sciences,4,Female,53,3,3,Manufacturing Director,3,Divorced,10502,9659,7,No,17,3,1,1,33,2,1,5,4,1,4,0.2,0.8,0.4,0.8,0.0909090909090909,Medium,1,🟠 Promotion-Stalled,0,0.9194531259726891,-0.883976021058696
44,0,Travel_Rarely,1117,Research & Development,2,1,Life Sciences,1,Female,72,4,1,Research Scientist,4,Married,2011,19982,1,No,13,3,4,1,10,5,3,10,5,7,7,0.7,0.5,0.5,0.7,0.1,Medium,1,🟠 Promotion-Stalled,0,1.036071441096115,1.2002190870731433
19,1,Non-Travel,504,Research & Development,10,3,Medical,1,Female,96,2,1,Research Scientist,2,Single,1859,6148,1,Yes,25,4,2,0,1,2,4,1,1,0,0,0.0,1.0,2.0,0.0,1.0,Medium,0,🚀 Fast-Track Performers,1,-2.722643018059433,-0.46129229090710505
29,0,Travel_Rarely,1010,Research & Development,1,3,Life Sciences,1,Female,97,3,1,Research Scientist,4,Divorced,3760,5598,1,No,15,3,1,3,3,5,3,3,2,1,2,0.3333333333333333,0.6666666666666666,1.6666666666666667,0.6666666666666666,0.3333333333333333,Medium,1,🟠 Promotion-Stalled,0,-0.9965322266779478,0.12220972956470405
54,0,Travel_Rarely,685,Research & Development,3,3,Life Sciences,4,Male,85,3,4,Research Director,4,Married,17779,23474,3,No,14,3,1,0,36,2,3,10,9,0,9,0.0,0.9,0.2,0.9,0.1111111111111111,Medium,1,🟠 Promotion-Stalled,0,1.7305745438932827,-0.8962949947948928
31,0,Travel_Rarely,1332,Research & Development,11,2,Medical,3,Male,80,3,2,Healthcare Representative,1,Married,6833,17089,1,Yes,12,3,4,0,6,2,2,6,5,0,1,0.0,0.8333333333333334,0.3333333333333333,0.1666666666666666,0.3333333333333333,Medium,1,🟠 Promotion-Stalled,0,-0.31811462546915714,-0.7152177008354565
31,0,Travel_Rarely,1062,Research & Development,24,3,Medical,3,Female,96,2,2,Healthcare Representative,1,Single,6812,17198,1,No,19,3,2,0,10,2,3,10,9,1,8,0.1,0.9,0.2,0.8,0.2,Medium,1,🟠 Promotion-Stalled,0,1.2606809941806338,-1.2488002100598892
59,0,Travel_Rarely,326,Sales,3,3,Life Sciences,3,Female,48,2,2,Sales Executive,4,Single,5171,16490,5,No,17,3,4,0,13,2,3,6,1,0,5,0.0,0.1666666666666666,0.3333333333333333,0.8333333333333334,0.1538461538461538,Low,1,🟠 Promotion-Stalled,0,-0.6765156973560947,-1.179862408269835
43,0,Travel_Rarely,920,Research & Development,3,3,Life Sciences,3,Male,96,1,5,Research Director,4,Married,19740,18625,3,No,14,3,2,1,25,2,3,8,7,0,7,0.0,0.875,0.25,0.875,0.2,Medium,1,🟠 Promotion-Stalled,0,1.4876612714562811,-0.4994387417231352
49,0,Travel_Rarely,1098,Research & Development,4,2,Medical,1,Male,85,2,5,Manager,3,Married,18711,12124,2,No,13,3,3,1,23,2,4,1,0,0,0,0.0,0.0,2.0,0.0,0.217391304347826,Low,0,🚀 Fast-Track Performers,1,-1.9273696224340209,1.430788685654039
36,0,Travel_Frequently,469,Research & Development,3,3,Technical Degree,3,Male,46,3,1,Research Scientist,2,Married,3692,9256,1,No,12,3,3,0,12,2,2,11,10,0,7,0.0,0.9090909090909092,0.1818181818181818,0.6363636363636364,0.0833333333333333,Medium,1,🟠 Promotion-Stalled,0,1.0569604827224683,-1.647086349449939
48,0,Travel_Rarely,969,Research & Development,2,2,Technical Degree,4,Male,76,4,1,Laboratory Technician,2,Single,2559,16620,5,No,11,3,3,0,7,4,2,1,0,0,0,0.0,0.0,4.0,0.0,0.1428571428571428,Low,0,🚀 Fast-Track Performers,1,-3.5893452224983444,1.1449533594418726
27,0,Travel_Rarely,1167,Research & Development,4,2,Life Sciences,1,Male,76,3,1,Research Scientist,3,Divorced,2517,3208,1,No,11,3,2,3,5,2,3,5,3,0,3,0.0,0.6,0.4,0.6,0.2,Medium,1,🟠 Promotion-Stalled,0,-0.4305626997409228,-1.459477745617425
29,0,Travel_Rarely,1329,Research & Development,7,3,Life Sciences,3,Male,82,3,2,Healthcare Representative,4,Divorced,6623,4204,1,Yes,11,3,2,2,6,2,3,6,0,1,0,0.1666666666666666,0.0,0.3333333333333333,0.0,0.3333333333333333,Low,0,🚀 Fast-Track Performers,0,-1.7662274841080017,0.30734661938424906
48,0,Travel_Rarely,715,Research & Development,1,3,Life Sciences,4,Male,76,2,5,Research Director,4,Single,18265,8733,6,No,12,3,3,0,25,3,4,1,0,0,0,0.0,0.0,3.0,0.0,0.2,Low,0,🚀 Fast-Track Performers,1,-2.3805669952455917,2.008380308189079
29,0,Travel_Rarely,694,Research & Development,1,3,Life Sciences,4,Female,87,2,4,Research Director,4,Divorced,16124,3423,3,No,14,3,2,2,9,2,2,7,7,1,7,0.1428571428571428,1.0,0.2857142857142857,1.0,0.4444444444444444,Medium,1,🟠 Promotion-Stalled,0,1.4070872388404143,-0.6438658050826153
34,0,Travel_Rarely,1320,Research & Development,20,3,Technical Degree,3,Female,89,4,1,Research Scientist,3,Married,2585,21643,0,No,17,3,4,0,2,5,2,1,0,0,0,0.0,0.0,5.0,0.0,0.5,Low,0,🚀 Fast-Track Performers,1,-4.6391172957105,1.863889766324894
44,0,Travel_Rarely,1099,Sales,5,3,Marketing,2,Male,88,3,5,Manager,2,Married,18213,8751,7,No,11,3,3,1,26,5,3,22,9,3,10,0.1363636363636363,0.4090909090909091,0.2272727272727272,0.4545454545454545,0.1923076923076923,Medium,1,🟠 Promotion-Stalled,0,1.0543060523947936,1.9349933965129804
33,0,Travel_Rarely,536,Sales,10,5,Marketing,4,Male,82,4,3,Sales Executive,3,Divorced,8380,21708,0,Yes,14,3,4,2,10,3,3,9,8,0,8,0.0,0.8888888888888888,0.3333333333333333,0.8888888888888888,0.3,Medium,1,🟠 Promotion-Stalled,0,0.9703212389602662,-0.8201999625462143
19,0,Travel_Rarely,265,Research & Development,25,3,Life Sciences,2,Female,57,4,1,Research Scientist,4,Single,2994,21221,1,Yes,12,3,4,0,1,2,3,1,0,0,1,0.0,0.0,2.0,1.0,1.0,Low,0,🚀 Fast-Track Performers,1,-2.9109122863643595,-0.5827161892382287
23,0,Travel_Rarely,373,Research & Development,1,2,Life Sciences,4,Male,47,3,1,Research Scientist,3,Married,1223,16901,1,No,22,4,4,1,1,2,3,1,0,0,1,0.0,0.0,2.0,1.0,1.0,Low,0,🚀 Fast-Track Performers,1,-2.977588995121545,-0.6979293939322578
25,1,Travel_Frequently,599,Sales,24,1,Life Sciences,3,Male,73,1,1,Sales Representative,4,Single,1118,8040,1,Yes,14,3,4,0,1,4,3,1,0,1,0,1.0,0.0,4.0,0.0,1.0,Medium,0,🚀 Fast-Track Performers,1,-3.919904012398981,2.7016227491919045
26,0,Travel_Rarely,583,Research & Development,4,2,Life Sciences,3,Male,53,3,1,Research Scientist,4,Single,2875,9973,1,Yes,20,4,2,0,8,2,2,8,5,2,2,0.25,0.625,0.25,0.25,0.125,Medium,1,🟠 Promotion-Stalled,0,0.049188209941568674,-0.6696266886756114
45,1,Travel_Rarely,1449,Sales,2,3,Marketing,1,Female,94,1,5,Manager,2,Single,18824,2493,2,Yes,16,3,1,0,26,2,3,24,10,1,11,0.0416666666666666,0.4166666666666667,0.0833333333333333,0.4583333333333333,0.1923076923076923,Medium,1,🟠 Promotion-Stalled,0,1.145994562535969,0.5640153496559827
55,0,Non-Travel,177,Research & Development,8,1,Medical,4,Male,37,2,4,Healthcare Representative,2,Divorced,13577,25592,1,Yes,15,3,4,1,34,3,3,33,9,15,0,0.4545454545454545,0.2727272727272727,0.0909090909090909,0.0,0.1176470588235294,Medium,1,🟠 Promotion-Stalled,0,2.198209999797573,3.696928297963791
21,1,Travel_Frequently,251,Research & Development,10,2,Life Sciences,1,Female,45,2,1,Laboratory Technician,3,Single,2625,25308,1,No,20,4,3,0,2,2,1,2,2,2,2,1.0,1.0,1.0,1.0,0.5,High,1,🟠 Promotion-Stalled,0,0.6068574769749548,-0.7709929797625379
46,0,Travel_Rarely,168,Sales,4,2,Marketing,4,Female,33,2,5,Manager,2,Married,18789,9946,2,No,14,3,3,1,26,2,3,11,4,0,8,0.0,0.3636363636363636,0.1818181818181818,0.7272727272727273,0.1923076923076923,Low,1,🟠 Promotion-Stalled,0,0.44222172569503737,-0.045112495316569856
34,0,Travel_Rarely,131,Sales,2,3,Marketing,3,Female,86,3,2,Sales Executive,1,Single,4538,6039,0,Yes,12,3,4,0,4,3,3,3,2,0,2,0.0,0.6666666666666666,1.0,0.6666666666666666,0.5,Medium,1,🟠 Promotion-Stalled,0,-0.9793291998830563,-0.6377792365766408
51,0,Travel_Frequently,237,Sales,9,3,Life Sciences,4,Male,83,3,5,Manager,2,Divorced,19847,19196,4,Yes,24,4,1,1,31,5,2,29,10,11,10,0.3793103448275862,0.3448275862068966,0.1724137931034483,0.3448275862068966,0.1612903225806451,Medium,1,🟠 Promotion-Stalled,0,2.0994618680727415,3.4774656334378236
59,0,Travel_Rarely,1429,Research & Development,18,4,Medical,4,Male,67,3,3,Manufacturing Director,4,Single,10512,20002,6,No,12,3,4,0,25,6,2,9,7,5,4,0.5555555555555556,0.7777777777777778,0.6666666666666666,0.4444444444444444,0.12,Medium,1,🟠 Promotion-Stalled,0,1.2295878709572203,1.9315665026509747
34,0,Travel_Frequently,135,Research & Development,19,3,Medical,3,Female,46,3,2,Laboratory Technician,2,Divorced,4444,22534,4,No,13,3,3,2,15,2,4,11,8,5,10,0.4545454545454545,0.7272727272727273,0.1818181818181818,0.9090909090909092,0.1333333333333333,Medium,1,🟠 Promotion-Stalled,0,1.950902022835171,-0.2585723212539761
28,0,Travel_Frequently,791,Research & Development,1,4,Medical,4,Male,44,3,1,Laboratory Technician,3,Single,2154,6842,0,Yes,11,3,3,0,5,2,2,4,2,0,2,0.0,0.5,0.5,0.5,0.2,Medium,1,🟠 Promotion-Stalled,0,-0.8025278962064911,-1.2766182875397596
44,0,Travel_Rarely,1199,Research & Development,4,2,Life Sciences,3,Male,92,4,5,Manager,1,Divorced,19190,17477,1,No,14,3,4,2,26,4,2,25,9,14,13,0.56,0.36,0.16,0.52,0.1923076923076923,Medium,1,🟠 Promotion-Stalled,0,2.7672990122084937,3.7274712574571405
34,0,Travel_Frequently,648,Human Resources,11,3,Life Sciences,3,Male,56,2,2,Human Resources,2,Married,4490,21833,4,No,11,3,4,2,14,5,4,10,9,1,8,0.1,0.9,0.5,0.8,0.1428571428571428,Medium,1,🟠 Promotion-Stalled,0,1.034826619807717,-0.21876957715625206
35,0,Travel_Rarely,735,Research & Development,6,1,Life Sciences,3,Male,66,3,1,Research Scientist,3,Married,3506,6020,0,Yes,14,3,4,0,4,3,3,3,2,2,2,0.6666666666666666,0.6666666666666666,1.0,0.6666666666666666,0.25,High,1,🟠 Promotion-Stalled,0,-0.043941568384823895,-0.2254173781386735
42,0,Travel_Rarely,603,Research & Development,7,4,Medical,2,Female,78,4,2,Research Scientist,2,Married,2372,5628,6,Yes,16,3,4,0,18,2,3,1,0,0,0,0.0,0.0,2.0,0.0,0.1111111111111111,Low,0,🚀 Fast-Track Performers,1,-2.4017880874395523,0.2701375264607168
43,0,Travel_Rarely,531,Sales,4,4,Marketing,4,Female,56,2,3,Sales Executive,4,Single,10231,20364,3,No,14,3,4,0,23,3,4,21,7,15,17,0.7142857142857143,0.3333333333333333,0.1428571428571428,0.8095238095238095,0.1304347826086956,Medium,1,🟠 Promotion-Stalled,0,2.7905203519380777,2.6255978312445256
36,0,Travel_Rarely,429,Research & Development,2,4,Life Sciences,3,Female,53,3,2,Manufacturing Director,2,Single,5410,2323,9,Yes,11,3,4,0,18,2,3,16,14,5,12,0.3125,0.875,0.125,0.75,0.1111111111111111,Medium,1,🟠 Promotion-Stalled,0,2.64266627795378,-0.13284849349617905
44,1,Travel_Rarely,621,Research & Development,15,3,Medical,1,Female,73,3,3,Healthcare Representative,4,Married,7978,14075,1,No,11,3,4,1,10,2,3,10,7,0,5,0.0,0.7,0.2,0.5,0.3,Medium,1,🟠 Promotion-Stalled,0,0.4122435144904333,-0.5802347410543921
28,0,Travel_Frequently,193,Research & Development,2,3,Life Sciences,4,Male,52,2,1,Laboratory Technician,4,Married,3867,14222,1,Yes,12,3,2,1,2,2,3,2,2,2,2,1.0,1.0,1.0,1.0,0.5,High,1,🟠 Promotion-Stalled,0,0.6601988439807029,-0.6788224160073145
51,0,Travel_Frequently,968,Research & Development,6,2,Medical,2,Female,40,2,1,Laboratory Technician,3,Single,2838,4257,0,No,14,3,2,0,8,6,2,7,0,7,7,1.0,0.0,0.8571428571428571,1.0,0.125,Medium,1,🟠 Promotion-Stalled,0,0.13829403194905052,1.7928425329179851
30,0,Non-Travel,879,Research & Development,9,2,Medical,3,Female,72,3,2,Manufacturing Director,3,Single,4695,12858,7,Yes,18,3,3,0,10,3,3,8,4,1,7,0.125,0.5,0.375,0.875,0.2,Medium,1,🟠 Promotion-Stalled,0,0.15134319831106186,-0.794955558774612
29,1,Travel_Rarely,806,Research & Development,7,3,Technical Degree,2,Female,39,3,1,Laboratory Technician,3,Divorced,3339,17285,3,Yes,13,3,1,2,10,2,3,7,7,7,7,1.0,1.0,0.2857142857142857,1.0,0.1,High,1,🟠 Promotion-Stalled,0,2.712451549118372,-0.1386863372313293
28,0,Travel_Rarely,640,Research & Development,1,3,Technical Degree,4,Male,84,3,1,Research Scientist,1,Single,2080,4732,2,No,11,3,2,0,5,2,2,3,2,1,2,0.3333333333333333,0.6666666666666666,0.6666666666666666,0.6666666666666666,0.2,Medium,1,🟠 Promotion-Stalled,0,-0.12760630403989212,-1.0788286021101328
25,0,Travel_Rarely,266,Research & Development,1,3,Medical,4,Female,40,3,1,Research Scientist,2,Single,2096,18830,1,No,18,3,4,0,2,3,2,2,2,2,1,1.0,1.0,1.5,0.5,0.5,High,1,🟠 Promotion-Stalled,0,-0.1491708002895715,0.22388648778219283
32,0,Travel_Rarely,604,Sales,8,3,Medical,3,Male,56,4,2,Sales Executive,4,Married,6209,11693,1,No,15,3,3,2,10,4,4,10,7,0,8,0.0,0.7,0.4,0.8,0.2,Medium,1,🟠 Promotion-Stalled,0,0.37868077142038986,-0.7135676333918357
45,0,Travel_Frequently,364,Research & Development,25,3,Medical,2,Female,83,3,5,Manager,2,Single,18061,13035,3,No,22,4,3,0,22,4,3,0,0,0,0,0.0,0.0,4.0,0.0,0.2272727272727272,Low,0,🚀 Fast-Track Performers,1,-2.9726856652805997,2.4857106870107595
39,0,Travel_Rarely,412,Research & Development,13,4,Medical,3,Female,94,2,4,Manager,2,Divorced,17123,17334,6,Yes,13,3,4,2,21,4,3,19,9,15,2,0.7894736842105263,0.4736842105263157,0.2105263157894736,0.1052631578947368,0.1904761904761904,Medium,1,🟠 Promotion-Stalled,0,2.583348986609526,4.120305671265772
58,0,Travel_Rarely,848,Research & Development,23,4,Life Sciences,1,Male,88,3,1,Research Scientist,3,Divorced,2372,26076,1,No,12,3,4,2,2,3,3,2,2,2,2,1.0,1.0,1.5,1.0,0.5,High,1,🟠 Promotion-Stalled,0,0.3772260649267589,-0.24270423774885866
32,1,Travel_Rarely,1089,Research & Development,7,2,Life Sciences,4,Male,79,3,2,Laboratory Technician,3,Married,4883,22845,1,No,18,3,1,1,10,3,3,10,4,1,1,0.1,0.4,0.3,0.1,0.2,Low,1,🟠 Promotion-Stalled,0,-0.7056384809864127,0.07495549084460876
39,1,Travel_Rarely,360,Research & Development,23,3,Medical,3,Male,93,3,1,Research Scientist,1,Single,3904,22154,0,No,13,3,1,0,6,2,3,5,2,0,3,0.0,0.4,0.4,0.6,0.1666666666666666,Low,1,🟠 Promotion-Stalled,0,-0.741773186537342,-1.370994890875291
30,0,Travel_Rarely,1138,Research & Development,6,3,Technical Degree,1,Female,48,2,2,Laboratory Technician,4,Married,4627,23631,0,No,12,3,1,1,10,6,3,9,2,6,7,0.6666666666666666,0.2222222222222222,0.6666666666666666,0.7777777777777778,0.2,Medium,1,🟠 Promotion-Stalled,0,0.20679236911512225,1.8164843390021566
36,0,Travel_Rarely,325,Research & Development,10,4,Technical Degree,4,Female,63,3,3,Healthcare Representative,3,Married,7094,5747,3,No,12,3,1,0,10,0,3,7,7,1,7,0.1428571428571428,1.0,0.0,1.0,0.3,Medium,1,🟠 Promotion-Stalled,0,1.7057781099811162,-1.7326670764391146
46,0,Travel_Rarely,991,Human Resources,1,2,Life Sciences,4,Female,44,3,1,Human Resources,1,Single,3423,22957,6,No,12,3,3,0,10,3,4,7,6,5,7,0.7142857142857143,0.8571428571428571,0.4285714285714285,1.0,0.1,High,1,🟠 Promotion-Stalled,0,1.8304609090109645,-0.29470236331006133
28,0,Non-Travel,1476,Research & Development,1,3,Life Sciences,3,Female,55,1,2,Laboratory Technician,4,Married,6674,16392,0,No,11,3,1,3,10,6,3,9,8,7,5,0.7777777777777778,0.8888888888888888,0.6666666666666666,0.5555555555555556,0.2,High,1,🟠 Promotion-Stalled,0,1.685033124087557,1.9886115069251533
50,0,Travel_Rarely,1322,Research & Development,28,3,Life Sciences,4,Female,43,3,4,Research Director,1,Married,16880,22422,4,Yes,11,3,2,0,25,2,3,3,2,1,2,0.3333333333333333,0.6666666666666666,0.6666666666666666,0.6666666666666666,0.16,Medium,1,🟠 Promotion-Stalled,0,0.5415816135405968,-0.039444654918829036
40,1,Travel_Rarely,299,Sales,25,4,Marketing,4,Male,57,2,3,Sales Executive,2,Single,9094,17235,2,Yes,12,3,3,0,9,2,3,5,4,1,0,0.2,0.8,0.4,0.0,0.3333333333333333,Medium,1,🟠 Promotion-Stalled,0,-0.1813675755837658,0.17447020586590695
52,1,Travel_Rarely,1030,Sales,5,3,Life Sciences,2,Male,64,3,3,Sales Executive,2,Single,8446,21534,9,Yes,19,3,3,0,10,2,2,8,7,7,7,0.875,0.875,0.25,0.875,0.3,High,1,🟠 Promotion-Stalled,0,2.433738487842351,0.7327284409896276
30,0,Travel_Rarely,634,Research & Development,17,4,Medical,2,Female,95,3,3,Manager,1,Married,11916,25927,1,Yes,23,4,4,2,9,2,3,9,1,0,8,0.0,0.1111111111111111,0.2222222222222222,0.8888888888888888,0.3333333333333333,Low,1,🟠 Promotion-Stalled,0,-0.7400996742873254,-0.8324785233744572
39,0,Travel_Rarely,524,Research & Development,18,2,Life Sciences,1,Male,32,3,2,Manufacturing Director,3,Single,4534,13352,0,No,11,3,1,0,9,6,3,8,7,1,7,0.125,0.875,0.75,0.875,0.2222222222222222,Medium,1,🟠 Promotion-Stalled,0,0.5589970885680644,0.0859287155782276
31,0,Non-Travel,587,Sales,2,4,Life Sciences,4,Female,57,3,3,Sales Executive,3,Divorced,9852,8935,1,Yes,19,3,1,1,10,5,2,10,8,9,6,0.9,0.8,0.5,0.6,0.3,High,1,🟠 Promotion-Stalled,0,2.1111287480803878,2.430516294038044
41,0,Non-Travel,256,Sales,10,2,Medical,3,Male,40,1,2,Sales Executive,2,Single,6151,22074,1,No,13,3,1,0,19,4,3,19,2,11,9,0.5789473684210527,0.1052631578947368,0.2105263157894736,0.4736842105263157,0.1052631578947368,Medium,1,🟠 Promotion-Stalled,0,0.7588926262674726,2.181277832068073
31,1,Travel_Frequently,1060,Sales,1,3,Life Sciences,4,Female,54,3,1,Sales Representative,2,Single,2302,8319,1,Yes,11,3,1,0,3,2,4,3,2,2,2,0.6666666666666666,0.6666666666666666,0.6666666666666666,0.6666666666666666,0.3333333333333333,High,1,🟠 Promotion-Stalled,0,0.06920646325626403,-0.5308247958998759
44,1,Travel_Rarely,935,Research & Development,3,3,Life Sciences,1,Male,89,3,1,Laboratory Technician,1,Married,2362,14669,4,No,12,3,3,0,10,4,4,3,2,1,2,0.3333333333333333,0.6666666666666666,1.3333333333333333,0.6666666666666666,0.1,Medium,1,🟠 Promotion-Stalled,0,-0.4184457837423248,-0.3708924727547628
42,0,Non-Travel,495,Research & Development,2,1,Life Sciences,3,Male,37,3,4,Manager,3,Married,17861,26582,0,Yes,13,3,4,0,21,3,2,20,8,2,10,0.1,0.4,0.15,0.5,0.1904761904761904,Low,1,🟠 Promotion-Stalled,0,0.7997480968814653,0.6706826364996965
55,0,Travel_Rarely,282,Research & Development,2,2,Medical,4,Female,58,1,5,Manager,3,Married,19187,6992,4,No,14,3,4,1,23,5,3,19,9,9,11,0.4736842105263157,0.4736842105263157,0.2631578947368421,0.5789473684210527,0.217391304347826,Medium,1,🟠 Promotion-Stalled,0,2.147113354292832,3.0200501218523104
56,0,Travel_Rarely,206,Human Resources,8,4,Life Sciences,4,Male,99,3,5,Manager,2,Single,19717,4022,6,No,14,3,1,0,36,4,3,7,3,7,7,1.0,0.4285714285714285,0.5714285714285714,1.0,0.1388888888888889,Medium,1,🟠 Promotion-Stalled,0,2.0560067352281366,2.2961659139476884
40,0,Non-Travel,458,Research & Development,16,2,Life Sciences,3,Male,74,3,1,Research Scientist,3,Divorced,3544,8532,9,No,16,3,2,1,6,0,3,4,2,0,0,0.0,0.5,0.0,0.0,0.1666666666666666,Medium,1,🟠 Promotion-Stalled,0,-0.9097972866641398,-1.5502396396043723
34,0,Travel_Rarely,943,Research & Development,9,3,Life Sciences,4,Male,86,3,3,Healthcare Representative,4,Divorced,8500,5494,0,No,11,3,4,1,10,0,2,9,7,1,6,0.1111111111111111,0.7777777777777778,0.0,0.6666666666666666,0.3,Medium,1,🟠 Promotion-Stalled,0,1.1114860199652268,-1.2074278371337515
40,0,Travel_Rarely,523,Research & Development,2,3,Life Sciences,3,Male,98,3,2,Research Scientist,4,Single,4661,22455,1,No,13,3,3,0,9,4,3,9,8,8,8,0.8888888888888888,0.8888888888888888,0.4444444444444444,0.8888888888888888,0.2222222222222222,High,1,🟠 Promotion-Stalled,0,2.4218511271516308,1.2317777948759292
41,0,Travel_Frequently,1018,Sales,1,3,Marketing,3,Female,66,3,2,Sales Executive,1,Divorced,4103,4297,0,No,17,3,4,1,10,2,3,9,3,1,7,0.1111111111111111,0.3333333333333333,0.2222222222222222,0.7777777777777778,0.2,Low,1,🟠 Promotion-Stalled,0,-0.11501407052777199,-0.9273682310800418
35,0,Travel_Frequently,482,Research & Development,4,4,Life Sciences,3,Male,87,3,2,Research Scientist,3,Single,4249,2690,1,Yes,11,3,2,0,9,3,3,9,6,1,1,0.1111111111111111,0.6666666666666666,0.3333333333333333,0.1111111111111111,0.2222222222222222,Medium,1,🟠 Promotion-Stalled,0,-0.1415430476694096,0.02538555658716582
51,0,Travel_Rarely,770,Human Resources,5,3,Life Sciences,3,Male,84,3,4,Manager,2,Divorced,14026,17588,1,Yes,11,3,2,1,33,2,3,33,9,0,10,0.0,0.2727272727272727,0.0606060606060606,0.303030303030303,0.1212121212121212,Low,1,🟠 Promotion-Stalled,0,0.5050609155371333,0.26928903908762397
38,0,Travel_Rarely,1009,Sales,2,2,Life Sciences,2,Female,31,3,2,Sales Executive,1,Divorced,6893,19461,3,No,15,3,4,1,11,3,3,7,7,1,7,0.1428571428571428,1.0,0.4285714285714285,1.0,0.1818181818181818,Medium,1,🟠 Promotion-Stalled,0,1.2406595303799688,-1.1838473230733144
34,0,Travel_Rarely,507,Sales,15,2,Medical,3,Female,66,3,2,Sales Executive,1,Single,6125,23553,1,No,12,3,4,0,10,6,4,10,8,9,6,0.9,0.8,0.6,0.6,0.2,High,1,🟠 Promotion-Stalled,0,1.9801073480205011,2.421439180969914
25,0,Travel_Rarely,882,Research & Development,19,1,Medical,4,Male,67,3,1,Laboratory Technician,4,Married,3669,9075,3,No,11,3,3,3,7,6,2,3,2,1,2,0.3333333333333333,0.6666666666666666,2.0,0.6666666666666666,0.1428571428571428,Medium,1,🟠 Promotion-Stalled,0,-0.9056965734051405,0.44476063643787805
58,1,Travel_Rarely,601,Research & Development,7,4,Medical,3,Female,53,2,3,Manufacturing Director,1,Married,10008,12023,7,Yes,14,3,4,0,31,0,2,10,9,5,9,0.5,0.9,0.0,0.9,0.0967741935483871,Medium,1,🟠 Promotion-Stalled,0,2.7812238890390324,-0.6369773509771083
40,0,Travel_Rarely,329,Research & Development,1,4,Life Sciences,2,Male,88,3,1,Laboratory Technician,2,Married,2387,6762,3,No,22,4,3,1,7,3,3,4,2,0,3,0.0,0.5,0.75,0.75,0.1428571428571428,Medium,1,🟠 Promotion-Stalled,0,-0.7305376544154261,-1.3390938462752664
36,0,Travel_Frequently,607,Sales,7,3,Marketing,1,Female,83,4,2,Sales Executive,1,Married,4639,2261,2,No,16,3,4,1,17,2,2,15,7,6,13,0.4,0.4666666666666667,0.1333333333333333,0.8666666666666667,0.1176470588235294,Medium,1,🟠 Promotion-Stalled,0,1.586687447314739,0.02299538159598763
48,0,Travel_Rarely,855,Research & Development,4,3,Life Sciences,4,Male,54,3,3,Manufacturing Director,4,Single,7898,18706,1,No,11,3,3,0,11,2,3,10,9,0,8,0.0,0.9,0.2,0.8,0.2727272727272727,Medium,1,🟠 Promotion-Stalled,0,1.2125239621637638,-1.0131583662637231
27,0,Travel_Rarely,1291,Sales,11,3,Medical,3,Female,98,4,1,Sales Representative,4,Married,2534,6527,8,No,14,3,2,1,5,4,3,1,0,0,0,0.0,0.0,4.0,0.0,0.2,Low,0,🚀 Fast-Track Performers,1,-3.693246895810228,1.14425913359305
51,0,Travel_Rarely,1405,Research & Development,11,2,Technical Degree,4,Female,82,2,4,Manufacturing Director,2,Single,13142,24439,3,No,16,3,2,0,29,1,2,5,2,0,3,0.0,0.4,0.2,0.6,0.1379310344827586,Low,1,🟠 Promotion-Stalled,0,0.052389869663796024,-0.7114602805482028
18,0,Non-Travel,1124,Research & Development,1,3,Life Sciences,4,Female,97,3,1,Laboratory Technician,4,Single,1611,19305,1,No,15,3,3,0,0,5,4,0,0,0,0,0.0,0.0,5.0,0.0,0.0,Low,0,🚀 Fast-Track Performers,1,-3.8916686729676915,1.5905722211190716
35,0,Travel_Rarely,817,Research & Development,1,3,Medical,4,Female,60,2,2,Laboratory Technician,4,Married,5363,10846,0,No,12,3,2,1,10,0,3,9,7,0,0,0.0,0.7777777777777778,0.0,0.0,0.2,Medium,1,🟠 Promotion-Stalled,0,0.19217323277870393,-1.1825307094584043
27,0,Travel_Frequently,793,Sales,2,1,Life Sciences,4,Male,43,1,2,Sales Executive,4,Single,5071,20392,3,No,20,4,2,0,8,3,3,6,2,0,0,0.0,0.3333333333333333,0.5,0.0,0.25,Low,0,🚀 Fast-Track Performers,0,-1.4870895063718363,-0.025368086953347545
55,1,Travel_Rarely,267,Sales,13,4,Marketing,1,Male,85,4,4,Sales Executive,3,Single,13695,9277,6,Yes,17,3,3,0,24,2,2,19,7,3,8,0.1578947368421052,0.3684210526315789,0.1052631578947368,0.4210526315789473,0.1666666666666666,Low,1,🟠 Promotion-Stalled,0,0.8358748120659778,0.592322705009951
56,0,Travel_Rarely,1369,Research & Development,23,3,Life Sciences,4,Male,68,3,4,Manufacturing Director,2,Married,13402,18235,4,Yes,12,3,1,1,33,0,3,19,16,15,9,0.7894736842105263,0.8421052631578947,0.0,0.4736842105263157,0.1212121212121212,High,1,🟠 Promotion-Stalled,0,4.723528575484519,2.397162147176944
34,0,Non-Travel,999,Research & Development,26,1,Technical Degree,1,Female,92,2,1,Research Scientist,3,Divorced,2029,15891,1,No,20,4,3,3,5,2,3,5,4,0,0,0.0,0.8,0.4,0.0,0.2,Medium,1,🟠 Promotion-Stalled,0,-0.7274247151324056,-1.051590093249004
40,0,Travel_Rarely,1202,Research & Development,2,1,Medical,2,Female,89,4,2,Healthcare Representative,3,Divorced,6377,13888,5,No,20,4,2,3,15,0,3,12,11,11,8,0.9166666666666666,0.9166666666666666,0.0,0.6666666666666666,0.1333333333333333,High,1,🟠 Promotion-Stalled,0,3.5555226540573823,0.6242672535369992
34,0,Travel_Rarely,285,Research & Development,29,3,Medical,2,Male,86,3,2,Laboratory Technician,3,Married,5429,17491,4,No,13,3,1,2,10,1,3,8,7,7,7,0.875,0.875,0.125,0.875,0.2,High,1,🟠 Promotion-Stalled,0,2.5482336835968917,0.05729712243715394
31,1,Travel_Frequently,703,Sales,2,3,Life Sciences,3,Female,90,2,1,Sales Representative,4,Single,2785,11882,7,No,14,3,3,0,3,3,4,1,0,0,0,0.0,0.0,3.0,0.0,0.3333333333333333,Low,0,🚀 Fast-Track Performers,1,-3.4036110187296336,0.646910034111675
35,1,Travel_Frequently,662,Sales,18,4,Marketing,4,Female,67,3,2,Sales Executive,3,Married,4614,23288,0,Yes,18,3,3,1,5,0,2,4,2,3,2,0.75,0.5,0.0,0.5,0.4,Medium,1,🟠 Promotion-Stalled,0,0.3936317914269159,-0.4397418203955379
38,0,Travel_Frequently,693,Research & Development,7,3,Life Sciences,4,Male,57,4,1,Research Scientist,3,Divorced,2610,15748,1,No,11,3,4,3,4,2,3,4,2,0,3,0.0,0.5,0.5,0.75,0.25,Medium,1,🟠 Promotion-Stalled,0,-0.6327438043246185,-1.5148415930990313
34,0,Travel_Rarely,404,Research & Development,2,4,Technical Degree,3,Female,98,3,2,Healthcare Representative,4,Single,6687,6163,1,No,11,3,4,0,14,2,4,14,11,4,11,0.2857142857142857,0.7857142857142857,0.1428571428571428,0.7857142857142857,0.1428571428571428,Medium,1,🟠 Promotion-Stalled,0,2.021042491064541,-0.36704100973119036
28,0,Travel_Rarely,736,Sales,26,3,Life Sciences,3,Male,48,2,2,Sales Executive,1,Married,4724,24232,1,No,11,3,3,1,5,0,3,5,3,0,4,0.0,0.6,0.0,0.8,0.4,Medium,1,🟠 Promotion-Stalled,0,-0.0031318005602683713,-1.9047808679540645
31,1,Travel_Rarely,330,Research & Development,22,4,Medical,4,Male,98,3,2,Manufacturing Director,3,Married,6179,21057,1,Yes,15,3,4,2,10,3,2,10,2,6,7,0.6,0.2,0.3,0.7,0.2,Medium,1,🟠 Promotion-Stalled,0,0.42065299078657525,0.8319839601401375
39,0,Travel_Rarely,1498,Sales,21,4,Life Sciences,1,Male,44,2,2,Sales Executive,4,Married,6120,3567,3,Yes,12,3,4,2,8,2,4,5,4,1,4,0.2,0.8,0.4,0.8,0.25,Medium,1,🟠 Promotion-Stalled,0,0.5157236968203007,-1.0864372498751063
51,0,Travel_Frequently,541,Sales,2,3,Marketing,2,Male,52,3,3,Sales Executive,2,Married,10596,15395,2,No,11,3,2,0,14,5,3,4,2,3,2,0.75,0.5,1.25,0.5,0.2142857142857142,Medium,1,🟠 Promotion-Stalled,0,0.007665123607192296,1.7151351671551323
41,0,Travel_Frequently,1200,Research & Development,22,3,Life Sciences,4,Female,75,3,2,Research Scientist,4,Divorced,5467,13953,3,Yes,14,3,1,2,12,4,2,6,2,3,3,0.5,0.3333333333333333,0.6666666666666666,0.5,0.1666666666666666,Medium,1,🟠 Promotion-Stalled,0,-0.22514405502411305,0.7475227307716538
37,0,Travel_Rarely,1439,Research & Development,4,1,Life Sciences,3,Male,54,3,1,Research Scientist,3,Married,2996,5182,7,Yes,15,3,4,0,8,2,3,6,4,1,3,0.1666666666666666,0.6666666666666666,0.3333333333333333,0.5,0.125,Medium,1,🟠 Promotion-Stalled,0,0.03299860297996716,-1.1659441096514358
33,0,Travel_Frequently,1111,Sales,5,1,Life Sciences,2,Male,61,3,2,Sales Executive,4,Married,9998,19293,6,No,13,3,1,0,8,2,4,5,4,1,2,0.2,0.8,0.4,0.4,0.25,Medium,1,🟠 Promotion-Stalled,0,0.11994335397496671,-0.6693836516665338
32,0,Travel_Rarely,499,Sales,2,1,Marketing,3,Male,36,3,2,Sales Executive,2,Married,4078,20497,0,Yes,13,3,1,3,4,3,2,3,2,1,2,0.3333333333333333,0.6666666666666666,1.0,0.6666666666666666,0.5,Medium,1,🟠 Promotion-Stalled,0,-0.5934205618649198,-0.1803261338076878
39,0,Non-Travel,1485,Research & Development,25,2,Life Sciences,3,Male,71,3,3,Healthcare Representative,3,Married,10920,3449,3,No,21,4,2,1,13,2,3,6,4,0,5,0.0,0.6666666666666666,0.3333333333333333,0.8333333333333334,0.2307692307692307,Medium,1,🟠 Promotion-Stalled,0,0.3151931608439632,-1.1362189117453791
25,0,Travel_Rarely,1372,Sales,18,1,Life Sciences,1,Male,93,4,2,Sales Executive,3,Married,6232,12477,2,No,11,3,2,0,6,3,2,3,2,1,2,0.3333333333333333,0.6666666666666666,1.0,0.6666666666666666,0.3333333333333333,Medium,1,🟠 Promotion-Stalled,0,-0.3353807931163589,-0.25607022158375803
52,0,Travel_Frequently,322,Research & Development,28,2,Medical,4,Female,59,4,4,Manufacturing Director,3,Married,13247,9731,2,Yes,11,3,2,1,24,3,2,5,3,0,2,0.0,0.6,0.6,0.4,0.1666666666666666,Medium,1,🟠 Promotion-Stalled,0,-0.12723609050446072,0.15010712580302502
43,0,Travel_Rarely,930,Research & Development,6,3,Medical,1,Female,73,2,2,Research Scientist,3,Single,4081,20003,1,Yes,14,3,1,0,20,3,1,20,7,1,8,0.05,0.35,0.15,0.4,0.1,Low,1,🟠 Promotion-Stalled,0,0.08722121477997372,-0.19813040607946084
27,0,Travel_Rarely,205,Sales,10,3,Marketing,4,Female,98,2,2,Sales Executive,4,Married,5769,7100,1,Yes,11,3,4,0,6,3,3,6,2,4,4,0.6666666666666666,0.3333333333333333,0.5,0.6666666666666666,0.3333333333333333,Medium,1,🟠 Promotion-Stalled,0,0.1140458494322612,0.6751104289230893
27,1,Travel_Rarely,135,Research & Development,17,4,Life Sciences,4,Female,51,3,1,Research Scientist,3,Single,2394,25681,1,Yes,13,3,4,0,8,2,3,8,2,7,7,0.875,0.25,0.25,0.875,0.125,Medium,1,🟠 Promotion-Stalled,0,1.0119351762645754,0.33224409576459896
26,0,Travel_Rarely,683,Research & Development,2,1,Medical,1,Male,36,2,1,Research Scientist,4,Single,3904,4050,0,No,12,3,4,0,5,2,3,4,3,1,1,0.25,0.75,0.5,0.25,0.2,Medium,1,🟠 Promotion-Stalled,0,-0.32610996078984944,-0.8011749007644777
42,0,Travel_Rarely,1147,Human Resources,10,3,Human Resources,3,Female,31,3,4,Manager,1,Married,16799,16616,0,No,14,3,3,1,21,5,3,20,7,0,9,0.0,0.35,0.25,0.45,0.1904761904761904,Low,1,🟠 Promotion-Stalled,0,0.05186223232558615,0.9224871843461471
52,0,Travel_Rarely,258,Research & Development,8,4,Other,3,Female,54,3,1,Laboratory Technician,1,Married,2950,17363,9,No,13,3,3,0,12,2,1,5,4,0,4,0.0,0.8,0.4,0.8,0.0833333333333333,Medium,1,🟠 Promotion-Stalled,0,0.26876742383484187,-1.8972413974195472
37,0,Travel_Rarely,1462,Research & Development,11,3,Medical,1,Female,94,3,1,Laboratory Technician,3,Single,3629,19106,4,No,18,3,1,0,8,6,3,3,2,0,2,0.0,0.6666666666666666,2.0,0.6666666666666666,0.125,Medium,1,🟠 Promotion-Stalled,0,-1.3187282469650476,-0.11544732244860642
35,0,Travel_Frequently,200,Research & Development,18,2,Life Sciences,3,Male,60,3,3,Manufacturing Director,4,Single,9362,19944,2,No,11,3,3,0,10,2,3,2,2,2,2,1.0,1.0,1.0,1.0,0.3,High,1,🟠 Promotion-Stalled,0,1.367484397320423,-0.0771166619405135
25,0,Travel_Rarely,949,Research & Development,1,3,Technical Degree,1,Male,81,3,1,Laboratory Technician,4,Married,3229,4910,4,No,11,3,2,1,7,2,2,3,2,0,2,0.0,0.6666666666666666,0.6666666666666666,0.6666666666666666,0.1428571428571428,Medium,1,🟠 Promotion-Stalled,0,-0.43628395224901895,-1.5816727609078747
26,0,Travel_Rarely,652,Research & Development,7,3,Other,3,Male,100,4,1,Laboratory Technician,1,Single,3578,23577,0,No,12,3,4,0,8,2,3,7,7,0,7,0.0,1.0,0.2857142857142857,1.0,0.125,Medium,1,🟠 Promotion-Stalled,0,1.0450750418947101,-2.1667421810650014
29,0,Travel_Rarely,332,Human Resources,17,3,Other,2,Male,51,2,3,Human Resources,1,Single,7988,9769,1,No,13,3,1,0,10,3,2,10,9,0,9,0.0,0.9,0.3,0.9,0.3,Medium,1,🟠 Promotion-Stalled,0,1.135392778450737,-0.8032697009069886
49,1,Travel_Frequently,1475,Research & Development,28,2,Life Sciences,1,Male,97,2,2,Laboratory Technician,1,Single,4284,22710,3,No,20,4,1,0,20,2,3,4,3,1,3,0.25,0.75,0.5,0.75,0.1,Medium,1,🟠 Promotion-Stalled,0,0.4572484533984225,-1.133971896068471
29,1,Travel_Frequently,337,Research & Development,14,1,Other,3,Female,84,3,3,Healthcare Representative,4,Single,7553,22930,0,Yes,12,3,1,0,9,1,3,8,7,7,7,0.875,0.875,0.125,0.875,0.3333333333333333,High,1,🟠 Promotion-Stalled,0,2.562624097908638,0.5022120799060821
54,0,Travel_Rarely,971,Research & Development,1,3,Medical,4,Female,54,3,4,Research Director,4,Single,17328,5652,6,No,19,3,4,0,29,3,2,20,7,12,7,0.6,0.35,0.15,0.35,0.1379310344827586,Medium,1,🟠 Promotion-Stalled,0,2.0786133142697,2.816319235041865
58,0,Travel_Rarely,1055,Research & Development,1,3,Medical,4,Female,76,3,5,Research Director,1,Married,19701,22456,3,Yes,21,4,3,1,32,3,3,9,8,1,5,0.1111111111111111,0.8888888888888888,0.3333333333333333,0.5555555555555556,0.15625,Medium,1,🟠 Promotion-Stalled,0,1.424877488734022,0.3440583060002715
55,0,Travel_Rarely,1136,Research & Development,1,4,Medical,2,Male,81,4,4,Research Director,4,Divorced,14732,12414,2,No,13,3,4,2,31,4,4,7,7,0,0,0.0,1.0,0.5714285714285714,0.0,0.1290322580645161,Medium,1,🟠 Promotion-Stalled,0,0.3933996334422229,0.6305210521260288
36,0,Travel_Rarely,1174,Sales,3,4,Marketing,1,Female,99,3,2,Sales Executive,2,Single,9278,20763,3,Yes,16,3,4,0,15,3,3,5,4,0,1,0.0,0.8,0.6,0.2,0.1333333333333333,Medium,1,🟠 Promotion-Stalled,0,-0.366346435091482,-0.5529807124271419
31,1,Travel_Frequently,667,Sales,1,4,Life Sciences,2,Female,50,1,1,Sales Representative,3,Single,1359,16154,1,No,12,3,2,0,1,3,3,1,0,0,0,0.0,0.0,3.0,0.0,1.0,Low,0,🚀 Fast-Track Performers,1,-4.369093384966692,1.065099589909985
30,0,Travel_Rarely,855,Sales,7,4,Marketing,4,Female,73,3,2,Sales Executive,1,Divorced,4779,12761,7,No,14,3,2,2,8,3,3,3,2,0,2,0.0,0.6666666666666666,1.0,0.6666666666666666,0.25,Medium,1,🟠 Promotion-Stalled,0,-0.6256079011388077,-0.8090019705877607
31,0,Travel_Rarely,182,Research & Development,8,5,Life Sciences,1,Female,93,3,4,Research Director,2,Single,16422,8847,3,No,11,3,3,0,9,3,4,3,2,1,0,0.3333333333333333,0.6666666666666666,1.0,0.0,0.4444444444444444,Medium,1,🟠 Promotion-Stalled,0,-0.7400656276630142,1.2328076367447005
34,0,Travel_Frequently,560,Research & Development,1,4,Other,4,Male,91,3,1,Research Scientist,1,Divorced,2996,20284,5,No,14,3,3,2,10,2,3,4,3,1,3,0.25,0.75,0.5,0.75,0.1,Medium,1,🟠 Promotion-Stalled,0,0.29376819361900725,-1.4192082272796784
31,1,Travel_Rarely,202,Research & Development,8,3,Life Sciences,1,Female,34,2,1,Research Scientist,2,Single,1261,22262,1,No,12,3,3,0,1,3,4,1,0,0,0,0.0,0.0,3.0,0.0,1.0,Low,0,🚀 Fast-Track Performers,1,-4.369093384966692,1.065099589909985
27,0,Travel_Rarely,1377,Research & Development,11,1,Life Sciences,2,Male,91,3,1,Laboratory Technician,1,Married,2099,7679,0,No,14,3,2,0,6,3,4,5,0,1,4,0.2,0.0,0.6,0.8,0.1666666666666666,Low,1,🟠 Promotion-Stalled,0,-1.127526633523263,-0.6361441477617495
36,0,Travel_Rarely,172,Research & Development,4,4,Life Sciences,1,Male,37,2,2,Laboratory Technician,4,Single,5810,22604,1,No,16,3,3,0,10,2,2,10,4,1,8,0.1,0.4,0.2,0.8,0.2,Low,1,🟠 Promotion-Stalled,0,0.10967550406631602,-0.975917910805642
36,0,Travel_Rarely,329,Sales,16,4,Marketing,3,Female,98,2,2,Sales Executive,1,Married,5647,13494,4,No,13,3,1,2,11,3,2,3,2,0,2,0.0,0.6666666666666666,1.0,0.6666666666666666,0.1818181818181818,Medium,1,🟠 Promotion-Stalled,0,-0.5188338737642658,-0.8378934027744435
47,0,Travel_Rarely,465,Research & Development,1,3,Technical Degree,1,Male,74,3,1,Research Scientist,4,Married,3420,10205,7,No,12,3,3,1,17,2,2,6,5,1,2,0.1666666666666666,0.8333333333333334,0.3333333333333333,0.3333333333333333,0.0588235294117647,Medium,1,🟠 Promotion-Stalled,0,0.29731130799473604,-1.095441191216931
25,1,Travel_Rarely,383,Sales,9,2,Life Sciences,1,Male,68,2,1,Sales Representative,1,Married,4400,15182,3,No,12,3,1,0,6,2,3,3,2,2,2,0.6666666666666666,0.6666666666666666,0.6666666666666666,0.6666666666666666,0.1666666666666666,High,1,🟠 Promotion-Stalled,0,0.3072432193776694,-0.6411328450841548
37,0,Non-Travel,1413,Research & Development,5,2,Technical Degree,3,Male,84,4,1,Laboratory Technician,3,Single,3500,25470,0,No,14,3,1,0,7,2,1,6,5,1,3,0.1666666666666666,0.8333333333333334,0.3333333333333333,0.5,0.1428571428571428,Medium,1,🟠 Promotion-Stalled,0,0.3227258628707445,-1.2472482802920708
56,0,Travel_Rarely,1255,Research & Development,1,2,Life Sciences,1,Female,90,3,1,Research Scientist,1,Married,2066,10494,2,No,22,4,4,1,5,3,4,3,2,1,0,0.3333333333333333,0.6666666666666666,1.0,0.0,0.2,Medium,1,🟠 Promotion-Stalled,0,-1.064969036134649,-0.10190685261675708
47,0,Travel_Rarely,359,Research & Development,2,4,Medical,1,Female,82,3,4,Research Director,3,Married,17169,26703,3,No,19,3,2,2,26,2,4,20,17,5,6,0.25,0.85,0.1,0.3,0.1538461538461538,Medium,1,🟠 Promotion-Stalled,0,2.790467003132634,1.055362003004614
24,0,Travel_Rarely,1476,Sales,4,1,Medical,4,Female,42,3,2,Sales Executive,3,Married,4162,15211,1,Yes,12,3,3,2,5,3,3,5,4,0,3,0.0,0.8,0.6,0.6,0.4,Medium,1,🟠 Promotion-Stalled,0,-0.3420901628143906,-0.7774115832837036
32,0,Travel_Rarely,601,Sales,7,5,Marketing,4,Male,97,3,2,Sales Executive,4,Married,9204,23343,4,No,12,3,3,1,7,3,2,4,3,0,3,0.0,0.75,0.75,0.75,0.2857142857142857,Medium,1,🟠 Promotion-Stalled,0,-0.26699811694387177,-0.9579344770064167
34,0,Travel_Rarely,401,Research & Development,1,3,Life Sciences,4,Female,86,2,1,Laboratory Technician,2,Married,3294,3708,5,No,17,3,1,1,7,2,2,5,4,0,2,0.0,0.8,0.4,0.4,0.1428571428571428,Medium,1,🟠 Promotion-Stalled,0,-0.23441036985090621,-1.4794707860781566
41,0,Travel_Rarely,1283,Research & Development,5,5,Medical,2,Male,90,4,1,Research Scientist,3,Married,2127,5561,2,Yes,12,3,1,0,7,5,2,4,2,0,3,0.0,0.5,1.25,0.75,0.1428571428571428,Medium,1,🟠 Promotion-Stalled,0,-1.0273798641417795,-0.49190458925914565
40,0,Non-Travel,663,Research & Development,9,4,Other,3,Male,81,3,2,Laboratory Technician,3,Divorced,3975,23099,3,No,11,3,3,2,11,2,4,8,7,0,7,0.0,0.875,0.25,0.875,0.1818181818181818,Medium,1,🟠 Promotion-Stalled,0,0.9239004573819438,-1.5387442764394232
31,0,Travel_Rarely,326,Sales,8,2,Life Sciences,1,Male,31,3,3,Sales Executive,4,Divorced,10793,8386,1,No,18,3,1,1,13,5,3,13,7,9,9,0.6923076923076923,0.5384615384615384,0.3846153846153846,0.6923076923076923,0.2307692307692307,Medium,1,🟠 Promotion-Stalled,0,1.766822581879233,2.2611233147249097
46,1,Travel_Rarely,377,Sales,9,3,Marketing,1,Male,52,3,3,Sales Executive,4,Divorced,10096,15986,4,No,11,3,1,1,28,1,4,7,7,4,3,0.5714285714285714,1.0,0.1428571428571428,0.4285714285714285,0.1071428571428571,Medium,1,🟠 Promotion-Stalled,0,2.003062698838852,-0.006818908561816403
39,1,Non-Travel,592,Research & Development,2,3,Life Sciences,1,Female,54,2,1,Laboratory Technician,1,Single,3646,17181,2,Yes,23,4,2,0,11,2,4,1,0,0,0,0.0,0.0,2.0,0.0,0.0909090909090909,Low,0,🚀 Fast-Track Performers,1,-2.6222869259369905,-0.1768501197878649
31,1,Travel_Frequently,1445,Research & Development,1,5,Life Sciences,3,Female,100,4,3,Manufacturing Director,2,Single,7446,8931,1,No,11,3,1,0,10,2,3,10,8,4,7,0.4,0.8,0.2,0.7,0.3,Medium,1,🟠 Promotion-Stalled,0,1.6338198328539346,0.17381377265010656
45,0,Travel_Rarely,1038,Research & Development,20,3,Medical,2,Male,95,1,3,Healthcare Representative,1,Divorced,10851,19863,2,Yes,18,3,2,1,24,2,3,7,7,0,7,0.0,1.0,0.2857142857142857,1.0,0.125,Medium,1,🟠 Promotion-Stalled,0,1.4120415867078517,-1.5271415958261696
31,0,Travel_Rarely,1398,Human Resources,8,2,Medical,4,Female,96,4,1,Human Resources,2,Single,2109,24609,9,No,18,3,4,0,8,3,3,3,2,0,2,0.0,0.6666666666666666,1.0,0.6666666666666666,0.125,Medium,1,🟠 Promotion-Stalled,0,-0.6722365494275654,-1.283541553029154
31,1,Travel_Frequently,523,Research & Development,2,3,Life Sciences,2,Male,94,3,1,Laboratory Technician,4,Married,3722,21081,6,Yes,13,3,3,1,7,2,1,2,2,2,2,1.0,1.0,1.0,1.0,0.1428571428571428,High,1,🟠 Promotion-Stalled,0,1.1778978023845357,-0.9020295837228803
45,0,Travel_Rarely,1448,Research & Development,29,3,Technical Degree,2,Male,55,3,3,Manufacturing Director,4,Married,9380,14720,4,Yes,18,3,4,2,10,4,4,3,1,1,2,0.3333333333333333,0.3333333333333333,1.3333333333333333,0.6666666666666666,0.3,Medium,1,🟠 Promotion-Stalled,0,-0.8420930216316219,0.6300272601721124
48,0,Travel_Rarely,1221,Sales,7,3,Marketing,3,Male,96,3,2,Sales Executive,1,Divorced,5486,24795,4,No,11,3,1,3,15,3,3,2,2,2,2,1.0,1.0,1.5,1.0,0.1333333333333333,High,1,🟠 Promotion-Stalled,0,1.1257297602298766,-0.09414946642455835
34,1,Travel_Rarely,1107,Human Resources,9,4,Technical Degree,1,Female,52,3,1,Human Resources,3,Married,2742,3072,1,No,15,3,4,0,2,0,3,2,2,2,2,1.0,1.0,0.0,1.0,0.5,High,1,🟠 Promotion-Stalled,0,1.206141389461436,-1.5856227339324351
40,0,Non-Travel,218,Research & Development,8,1,Medical,4,Male,55,2,3,Research Director,2,Divorced,13757,25178,2,No,11,3,3,1,16,5,3,9,8,4,8,0.4444444444444444,0.8888888888888888,0.5555555555555556,0.8888888888888888,0.1875,Medium,1,🟠 Promotion-Stalled,0,1.7342815356666628,0.858683784996834
28,0,Travel_Rarely,866,Sales,5,3,Medical,4,Male,84,3,2,Sales Executive,1,Single,8463,23490,0,No,18,3,4,0,6,4,3,5,4,1,3,0.2,0.8,0.8,0.6,0.3333333333333333,Medium,1,🟠 Promotion-Stalled,0,-0.16422446847604869,-0.18796035751197016
44,0,Non-Travel,981,Research & Development,5,3,Life Sciences,3,Male,90,2,1,Laboratory Technician,3,Single,3162,7973,3,No,14,3,4,0,7,5,3,5,2,0,3,0.0,0.4,1.0,0.6,0.1428571428571428,Low,1,🟠 Promotion-Stalled,0,-1.1980334679657598,-0.34074261393641286
53,0,Travel_Rarely,447,Research & Development,2,3,Medical,4,Male,39,4,4,Research Director,2,Single,16598,19764,4,No,12,3,2,0,35,2,2,9,8,8,8,0.8888888888888888,0.8888888888888888,0.2222222222222222,0.8888888888888888,0.1142857142857142,High,1,🟠 Promotion-Stalled,0,3.2450262903026332,1.2339977951301044
49,0,Travel_Rarely,1495,Research & Development,5,4,Technical Degree,1,Male,96,3,2,Healthcare Representative,3,Married,6651,21534,2,No,14,3,2,1,20,0,2,3,2,1,2,0.3333333333333333,0.6666666666666666,0.0,0.6666666666666666,0.1,Medium,1,🟠 Promotion-Stalled,0,0.6336940895899414,-1.5970298337733408
40,0,Travel_Rarely,896,Research & Development,2,3,Medical,3,Male,68,3,1,Research Scientist,3,Divorced,2345,8045,2,No,14,3,3,1,8,3,4,3,1,1,2,0.3333333333333333,0.3333333333333333,1.0,0.6666666666666666,0.125,Medium,1,🟠 Promotion-Stalled,0,-0.7499580273367265,-0.5257067746829943
44,0,Travel_Rarely,1467,Research & Development,20,3,Life Sciences,4,Male,49,3,1,Research Scientist,2,Single,3420,21158,1,No,13,3,3,0,6,3,2,5,2,1,3,0.2,0.4,0.6,0.6,0.1666666666666666,Low,1,🟠 Promotion-Stalled,0,-0.6217832377435385,-0.6729010508011896
33,0,Travel_Frequently,430,Sales,7,3,Medical,4,Male,54,3,2,Sales Executive,1,Married,4373,17456,0,No,14,3,1,2,5,2,3,4,3,0,3,0.0,0.75,0.5,0.75,0.4,Medium,1,🟠 Promotion-Stalled,0,-0.2663713208229959,-1.2792256729874962
34,0,Travel_Rarely,1326,Sales,3,3,Other,4,Male,81,1,2,Sales Executive,1,Single,4759,15891,3,No,18,3,4,0,15,2,3,13,9,3,12,0.2307692307692307,0.6923076923076923,0.1538461538461538,0.9230769230769232,0.1333333333333333,Medium,1,🟠 Promotion-Stalled,0,1.6084900525929247,-0.8037231264072324
30,0,Travel_Rarely,1358,Sales,16,1,Life Sciences,4,Male,96,3,2,Sales Executive,3,Married,5301,2939,8,No,15,3,3,2,4,2,2,2,1,2,2,1.0,0.5,1.0,1.0,0.5,Medium,1,🟠 Promotion-Stalled,0,0.15902309625452973,0.023118239600139645
42,0,Travel_Frequently,748,Research & Development,9,2,Medical,1,Female,74,3,1,Laboratory Technician,4,Single,3673,16458,1,No,13,3,3,0,12,3,3,12,9,5,8,0.4166666666666667,0.75,0.25,0.6666666666666666,0.0833333333333333,Medium,1,🟠 Promotion-Stalled,0,1.5924791148905857,-0.08579325108378089
44,0,Travel_Frequently,383,Sales,1,5,Marketing,1,Female,79,3,2,Sales Executive,3,Married,4768,9282,7,No,12,3,3,1,11,4,2,1,0,0,0,0.0,0.0,4.0,0.0,0.1818181818181818,Low,0,🚀 Fast-Track Performers,1,-3.449730240625378,1.5108892945178576
30,0,Non-Travel,990,Research & Development,7,3,Technical Degree,3,Male,64,3,1,Research Scientist,3,Divorced,1274,7152,1,No,13,3,2,2,1,2,2,1,0,0,0,0.0,0.0,2.0,0.0,1.0,Low,0,🚀 Fast-Track Performers,1,-3.890361637164117,0.4771997869873064
57,0,Travel_Rarely,405,Research & Development,1,2,Life Sciences,2,Male,93,4,2,Research Scientist,3,Married,4900,2721,0,No,24,4,1,1,13,2,2,12,9,2,8,0.1666666666666666,0.75,0.1666666666666666,0.6666666666666666,0.1538461538461538,Medium,1,🟠 Promotion-Stalled,0,1.1804135123894528,-0.8515374917933416
49,0,Travel_Rarely,1490,Research & Development,7,4,Life Sciences,3,Male,35,3,3,Healthcare Representative,2,Divorced,10466,20948,3,No,14,3,2,2,29,3,3,8,7,0,7,0.0,0.875,0.375,0.875,0.1034482758620689,Medium,1,🟠 Promotion-Stalled,0,1.0912957080376873,-0.9344724735422477
34,0,Travel_Frequently,829,Research & Development,15,3,Medical,2,Male,71,3,4,Research Director,1,Divorced,17007,11929,7,No,14,3,4,2,16,3,2,14,8,6,9,0.4285714285714285,0.5714285714285714,0.2142857142857142,0.6428571428571429,0.25,Medium,1,🟠 Promotion-Stalled,0,1.7449983831854274,1.3662572483164557
28,1,Travel_Frequently,1496,Sales,1,3,Technical Degree,1,Male,92,3,1,Sales Representative,3,Married,2909,15747,3,No,15,3,4,1,5,3,4,3,2,1,2,0.3333333333333333,0.6666666666666666,1.0,0.6666666666666666,0.2,Medium,1,🟠 Promotion-Stalled,0,-0.3697742200552605,-0.7355491404608953
29,1,Travel_Frequently,115,Sales,13,3,Technical Degree,1,Female,51,3,2,Sales Executive,2,Single,5765,17485,5,No,11,3,1,0,7,4,1,5,3,0,0,0.0,0.6,0.8,0.0,0.2857142857142857,Medium,1,🟠 Promotion-Stalled,0,-1.2596270042473805,0.29247748124936923
34,1,Travel_Rarely,790,Sales,24,4,Medical,1,Female,40,2,2,Sales Executive,2,Single,4599,7815,0,Yes,23,4,3,0,16,2,4,15,9,10,10,0.6666666666666666,0.6,0.1333333333333333,0.6666666666666666,0.125,Medium,1,🟠 Promotion-Stalled,0,2.4097375298314403,1.014567678152292
35,0,Travel_Rarely,660,Sales,7,1,Life Sciences,4,Male,76,3,1,Sales Representative,3,Married,2404,16192,1,No,13,3,1,1,1,3,3,1,0,0,0,0.0,0.0,3.0,0.0,1.0,Low,0,🚀 Fast-Track Performers,1,-4.37576105584241,1.0535782694405822
24,1,Travel_Frequently,381,Research & Development,9,3,Medical,2,Male,89,3,1,Laboratory Technician,1,Single,3172,16998,2,Yes,11,3,3,0,4,2,2,0,0,0,0,0.0,0.0,2.0,0.0,0.25,Low,0,🚀 Fast-Track Performers,1,-2.775856373925623,0.05570214870917001
24,0,Non-Travel,830,Sales,13,2,Life Sciences,4,Female,78,3,1,Sales Representative,2,Married,2033,7103,1,No,13,3,3,1,1,2,3,1,0,0,0,0.0,0.0,2.0,0.0,1.0,Low,0,🚀 Fast-Track Performers,1,-3.890361637164117,0.4771997869873064
44,0,Travel_Frequently,1193,Research & Development,2,1,Medical,2,Male,86,3,3,Manufacturing Director,3,Single,10209,19719,5,Yes,18,3,2,0,16,2,2,2,2,2,2,1.0,1.0,1.0,1.0,0.1875,High,1,🟠 Promotion-Stalled,0,1.4859861894134518,-0.22444694710887528
29,0,Travel_Rarely,1246,Sales,19,3,Life Sciences,3,Male,77,2,2,Sales Executive,3,Divorced,8620,23757,1,No,14,3,3,2,10,3,3,10,7,0,4,0.0,0.7,0.3,0.4,0.2,Medium,1,🟠 Promotion-Stalled,0,0.11726723768095726,-0.5973813291470574
30,0,Travel_Rarely,330,Human Resources,1,3,Life Sciences,3,Male,46,3,1,Human Resources,3,Divorced,2064,15428,0,No,21,4,1,1,6,3,4,5,3,1,3,0.2,0.6,0.6,0.6,0.1666666666666666,Medium,1,🟠 Promotion-Stalled,0,-0.3283085743048797,-0.8963544559803281
55,0,Travel_Rarely,1229,Research & Development,4,4,Life Sciences,4,Male,30,3,2,Healthcare Representative,3,Married,4035,16143,0,Yes,16,3,2,0,4,2,3,3,2,1,2,0.3333333333333333,0.6666666666666666,0.6666666666666666,0.6666666666666666,0.5,Medium,1,🟠 Promotion-Stalled,0,-0.3979263419795811,-0.6042548387427458
33,0,Travel_Rarely,1099,Research & Development,4,4,Medical,1,Female,82,2,1,Laboratory Technician,2,Married,3838,8192,8,No,11,3,4,0,8,5,3,5,4,0,2,0.0,0.8,1.0,0.4,0.125,Medium,1,🟠 Promotion-Stalled,0,-0.6527363989706205,-0.36504116839935535
47,0,Travel_Rarely,571,Sales,14,3,Medical,3,Female,78,3,2,Sales Executive,3,Married,4591,24200,3,Yes,17,3,3,1,11,4,2,5,4,1,2,0.2,0.8,0.8,0.4,0.1818181818181818,Medium,1,🟠 Promotion-Stalled,0,-0.12965456358775262,-0.051957694717103424
28,1,Travel_Frequently,289,Research & Development,2,2,Medical,3,Male,38,2,1,Laboratory Technician,1,Single,2561,5355,7,No,11,3,3,0,8,2,2,0,0,0,0,0.0,0.0,2.0,0.0,0.125,Low,0,🚀 Fast-Track Performers,1,-2.59232805367778,-0.018387897826986938
28,0,Travel_Rarely,1423,Research & Development,1,3,Life Sciences,1,Male,72,2,1,Research Scientist,3,Divorced,1563,12530,1,No,14,3,4,1,1,2,1,1,0,0,0,0.0,0.0,2.0,0.0,1.0,Low,0,🚀 Fast-Track Performers,1,-3.8970293080398353,0.4656784665179035
28,0,Travel_Frequently,467,Sales,7,3,Life Sciences,3,Male,55,3,2,Sales Executive,1,Single,4898,11827,0,No,14,3,4,0,5,5,3,4,2,1,3,0.25,0.5,1.25,0.75,0.4,Medium,1,🟠 Promotion-Stalled,0,-0.8916150630598602,0.38402864526913
49,0,Travel_Rarely,271,Research & Development,3,2,Medical,3,Female,43,2,2,Laboratory Technician,1,Married,4789,23070,4,No,25,4,1,1,10,3,3,3,2,1,2,0.3333333333333333,0.6666666666666666,1.0,0.6666666666666666,0.2,Medium,1,🟠 Promotion-Stalled,0,-0.23296464377871925,-0.4963980911272997
29,0,Travel_Frequently,410,Research & Development,2,1,Life Sciences,4,Female,97,3,1,Laboratory Technician,2,Married,3180,4668,0,No,13,3,3,3,4,3,3,3,2,0,2,0.0,0.6666666666666666,1.0,0.6666666666666666,0.25,Medium,1,🟠 Promotion-Stalled,0,-0.8224265152968157,-1.1518449041459826
28,0,Travel_Rarely,1083,Research & Development,29,1,Life Sciences,3,Male,96,1,2,Manufacturing Director,2,Married,6549,3173,1,No,14,3,2,2,8,2,2,8,6,1,7,0.125,0.75,0.25,0.875,0.25,Medium,1,🟠 Promotion-Stalled,0,0.7604659190951261,-1.1872941304606472
33,0,Travel_Rarely,516,Research & Development,8,5,Life Sciences,4,Male,69,3,2,Healthcare Representative,3,Single,6388,22049,2,Yes,17,3,1,0,14,6,3,0,0,0,0,0.0,0.0,6.0,0.0,0.1428571428571428,Low,0,🚀 Fast-Track Performers,1,-4.396663800075517,2.582946655559631
32,0,Travel_Rarely,495,Research & Development,10,3,Medical,3,Male,64,3,3,Manager,4,Single,11244,21072,2,No,25,4,2,0,10,5,4,5,2,0,0,0.0,0.4,1.0,0.0,0.3,Low,0,🚀 Fast-Track Performers,0,-1.6787956023686366,0.9772555197606786
54,0,Travel_Frequently,1050,Research & Development,11,4,Medical,2,Female,87,3,4,Manager,4,Divorced,16032,24456,3,No,20,4,1,1,26,2,3,14,9,1,12,0.0714285714285714,0.6428571428571429,0.1428571428571428,0.8571428571428571,0.1538461538461538,Medium,1,🟠 Promotion-Stalled,0,1.4940918674199666,-0.4675067617786201
29,1,Travel_Rarely,224,Research & Development,1,4,Technical Degree,1,Male,100,2,1,Research Scientist,1,Single,2362,7568,6,No,13,3,3,0,11,2,1,9,7,0,7,0.0,0.7777777777777778,0.2222222222222222,0.7777777777777778,0.0909090909090909,Medium,1,🟠 Promotion-Stalled,0,0.64773774629384,-1.79236314675404
44,0,Travel_Rarely,136,Research & Development,28,3,Life Sciences,4,Male,32,3,4,Research Director,1,Married,16328,22074,3,No,13,3,3,1,24,1,4,20,6,14,17,0.7,0.3,0.05,0.85,0.1666666666666666,Medium,1,🟠 Promotion-Stalled,0,2.899609799521732,2.168714861919428
39,0,Travel_Rarely,1089,Research & Development,6,3,Life Sciences,2,Female,32,3,3,Manufacturing Director,2,Single,8376,9150,4,No,18,3,4,0,9,3,3,2,0,2,2,1.0,0.0,1.5,1.0,0.3333333333333333,Medium,1,🟠 Promotion-Stalled,0,-0.38042100352846386,1.0623903447511733
46,0,Travel_Rarely,228,Sales,3,3,Life Sciences,3,Female,51,3,4,Manager,2,Married,16606,11380,8,No,12,3,4,1,23,2,4,13,12,5,1,0.3846153846153846,0.9230769230769232,0.1538461538461538,0.0769230769230769,0.1739130434782608,Medium,1,🟠 Promotion-Stalled,0,2.1553687983222236,1.285163098603073
35,0,Travel_Rarely,1029,Research & Development,16,3,Life Sciences,4,Female,91,2,3,Healthcare Representative,2,Single,8606,21195,1,No,19,3,4,0,11,3,1,11,8,3,3,0.2727272727272727,0.7272727272727273,0.2727272727272727,0.2727272727272727,0.2727272727272727,Medium,1,🟠 Promotion-Stalled,0,0.7920632368280256,0.6212205598772285
23,0,Travel_Rarely,507,Research & Development,20,1,Life Sciences,1,Male,97,3,2,Laboratory Technician,3,Single,2272,24812,0,No,14,3,2,0,5,2,3,4,3,1,2,0.25,0.75,0.5,0.5,0.4,Medium,1,🟠 Promotion-Stalled,0,-0.18640890992309886,-0.6191685373915423
40,1,Travel_Rarely,676,Research & Development,9,4,Life Sciences,4,Male,86,3,1,Laboratory Technician,1,Single,2018,21831,3,No,14,3,2,0,15,3,1,5,4,1,0,0.2,0.8,0.6,0.0,0.0666666666666666,Medium,1,🟠 Promotion-Stalled,0,-0.3716651994865918,-0.36339771333038606
34,0,Travel_Rarely,971,Sales,1,3,Technical Degree,4,Male,64,2,3,Sales Executive,3,Married,7083,12288,1,Yes,14,3,4,0,10,3,3,10,9,8,6,0.8,0.9,0.3,0.6,0.3,High,1,🟠 Promotion-Stalled,0,2.4225271672586044,1.5386394488574777
31,1,Travel_Frequently,561,Research & Development,3,3,Life Sciences,4,Female,33,3,1,Research Scientist,3,Single,4084,4156,1,No,12,3,1,0,7,2,1,7,2,7,7,1.0,0.2857142857142857,0.2857142857142857,1.0,0.1428571428571428,Medium,1,🟠 Promotion-Stalled,0,1.2438703005331162,0.315739566728025
50,0,Travel_Frequently,333,Research & Development,22,5,Medical,3,Male,88,1,4,Research Director,4,Single,14411,24450,1,Yes,13,3,4,0,32,2,3,32,6,13,9,0.40625,0.1875,0.0625,0.28125,0.125,Medium,1,🟠 Promotion-Stalled,0,1.8356158674231817,2.7143285618653157
34,0,Travel_Rarely,1440,Sales,7,2,Technical Degree,2,Male,55,3,1,Sales Representative,3,Married,2308,4944,0,Yes,25,4,2,1,12,4,3,11,10,5,7,0.4545454545454545,0.9090909090909092,0.3636363636363636,0.6363636363636364,0.0833333333333333,Medium,1,🟠 Promotion-Stalled,0,1.6887370232601109,0.07397737842118592
42,0,Travel_Rarely,1210,Research & Development,2,3,Medical,3,Male,68,2,1,Laboratory Technician,2,Married,4841,24052,4,No,14,3,2,1,4,3,3,1,0,0,0,0.0,0.0,3.0,0.0,0.25,Low,0,🚀 Fast-Track Performers,1,-3.2812588052310714,0.597516669754237
37,0,Travel_Rarely,674,Research & Development,13,3,Medical,1,Male,47,3,2,Research Scientist,4,Married,4285,3031,1,No,17,3,1,0,10,2,3,10,8,3,7,0.3,0.8,0.2,0.7,0.2,Medium,1,🟠 Promotion-Stalled,0,1.3389456083065714,-0.5629503515760349
29,0,Travel_Rarely,441,Research & Development,8,1,Other,3,Female,39,1,2,Healthcare Representative,1,Married,9715,7288,3,No,13,3,3,1,9,3,3,7,7,0,7,0.0,1.0,0.4285714285714285,1.0,0.2222222222222222,Medium,1,🟠 Promotion-Stalled,0,0.9607670847916537,-1.4303414090657078
33,0,Travel_Rarely,575,Research & Development,25,3,Life Sciences,4,Male,44,2,2,Manufacturing Director,2,Single,4320,24152,1,No,13,3,4,0,5,2,3,5,3,0,2,0.0,0.6,0.4,0.4,0.4,Medium,1,🟠 Promotion-Stalled,0,-0.7286134048399897,-0.7953245987317674
45,0,Travel_Rarely,950,Research & Development,28,3,Technical Degree,4,Male,97,3,1,Research Scientist,4,Married,2132,4585,4,No,20,4,4,1,8,3,3,5,4,0,3,0.0,0.8,0.6,0.6,0.125,Medium,1,🟠 Promotion-Stalled,0,-0.19515551030861084,-1.386944503446097
42,0,Travel_Frequently,288,Research & Development,2,3,Life Sciences,4,Male,40,3,3,Healthcare Representative,4,Married,10124,18611,2,Yes,14,3,3,1,24,3,1,20,8,13,9,0.65,0.4,0.15,0.45,0.125,Medium,1,🟠 Promotion-Stalled,0,2.3591772591585403,2.606833228540693
40,0,Travel_Rarely,1342,Sales,9,2,Medical,1,Male,47,3,2,Sales Executive,1,Married,5473,19345,0,No,12,3,4,0,9,5,4,8,4,7,1,0.875,0.5,0.625,0.125,0.2222222222222222,Medium,1,🟠 Promotion-Stalled,0,0.4810107911869354,2.4149651628044277
33,0,Travel_Rarely,589,Research & Development,28,4,Life Sciences,2,Male,79,3,2,Laboratory Technician,3,Married,5207,22949,1,Yes,12,3,2,1,15,3,3,15,14,5,7,0.3333333333333333,0.9333333333333332,0.2,0.4666666666666667,0.1333333333333333,Medium,1,🟠 Promotion-Stalled,0,2.2998860507360233,0.4596888718249475
40,0,Travel_Rarely,898,Human Resources,6,2,Medical,3,Male,38,3,4,Manager,4,Single,16437,17381,1,Yes,21,4,4,0,21,2,3,21,7,7,7,0.3333333333333333,0.3333333333333333,0.0952380952380952,0.3333333333333333,0.1904761904761904,Medium,1,🟠 Promotion-Stalled,0,1.2592132581023736,1.4899702411948106
24,0,Travel_Rarely,350,Research & Development,21,2,Technical Degree,3,Male,57,2,1,Laboratory Technician,1,Divorced,2296,10036,0,No,14,3,2,3,2,3,3,1,1,0,0,0.0,1.0,3.0,0.0,0.5,Medium,0,🚀 Fast-Track Performers,1,-2.4005847761134516,-0.05453946943502524
40,0,Non-Travel,1142,Research & Development,8,2,Life Sciences,4,Male,72,3,2,Healthcare Representative,4,Divorced,4069,8841,3,Yes,18,3,3,0,8,2,3,2,2,2,2,1.0,1.0,1.0,1.0,0.25,High,1,🟠 Promotion-Stalled,0,1.190735744255804,-0.5417661778684214
45,0,Travel_Rarely,538,Research & Development,1,4,Technical Degree,1,Male,66,3,3,Healthcare Representative,2,Divorced,7441,20933,1,No,12,3,1,3,10,4,3,10,8,7,7,0.7,0.8,0.4,0.7,0.3,High,1,🟠 Promotion-Stalled,0,1.9797029386420866,1.5721120524454237
35,0,Travel_Rarely,1402,Sales,28,4,Life Sciences,2,Female,98,2,1,Sales Representative,3,Married,2430,26204,0,No,23,4,1,2,6,5,3,5,3,4,2,0.8,0.6,1.0,0.4,0.1666666666666666,Medium,1,🟠 Promotion-Stalled,0,-0.014713610380379825,1.0372098869005935
32,0,Travel_Rarely,824,Research & Development,5,2,Life Sciences,4,Female,67,2,2,Research Scientist,2,Married,5878,15624,3,No,12,3,1,1,12,2,3,7,1,2,5,0.2857142857142857,0.1428571428571428,0.2857142857142857,0.7142857142857143,0.1666666666666666,Low,1,🟠 Promotion-Stalled,0,-0.3175313073789663,-0.3935835151583793
36,0,Travel_Rarely,1157,Sales,2,4,Life Sciences,3,Male,70,3,1,Sales Representative,4,Single,2644,17001,3,Yes,21,4,4,0,7,3,2,3,2,1,2,0.3333333333333333,0.6666666666666666,1.0,0.6666666666666666,0.1428571428571428,Medium,1,🟠 Promotion-Stalled,0,-0.32588158462484335,-0.8385467988366988
48,0,Travel_Rarely,492,Sales,16,4,Life Sciences,3,Female,96,3,2,Sales Executive,3,Divorced,6439,13693,8,No,14,3,3,1,18,2,3,8,7,7,7,0.875,0.875,0.25,0.875,0.1111111111111111,High,1,🟠 Promotion-Stalled,0,2.540922241117291,0.32401249676549143
29,0,Travel_Rarely,598,Research & Development,9,3,Life Sciences,3,Male,91,4,1,Research Scientist,3,Married,2451,22376,6,No,18,3,1,2,5,2,2,1,0,0,0,0.0,0.0,2.0,0.0,0.2,Low,0,🚀 Fast-Track Performers,1,-2.7491187419565155,-0.054583113191113114
33,0,Travel_Rarely,1242,Sales,8,4,Life Sciences,1,Male,46,3,2,Sales Executive,1,Married,6392,10589,2,No,13,3,4,1,8,6,1,2,2,2,2,1.0,1.0,3.0,1.0,0.25,High,1,🟠 Promotion-Stalled,0,0.0921829824186206,1.2603131375124166
30,1,Travel_Rarely,740,Sales,1,3,Life Sciences,2,Male,64,2,2,Sales Executive,1,Married,9714,5323,1,No,11,3,4,1,10,4,3,10,8,6,7,0.6,0.8,0.4,0.7,0.2,Medium,1,🟠 Promotion-Stalled,0,1.731502410224753,0.9159971715051031
38,0,Travel_Frequently,888,Human Resources,10,4,Human Resources,3,Male,71,3,2,Human Resources,3,Married,6077,14814,3,No,11,3,3,0,10,2,3,6,3,1,2,0.1666666666666666,0.5,0.3333333333333333,0.3333333333333333,0.2,Medium,1,🟠 Promotion-Stalled,0,-0.31836962109851413,-0.4390578795696693
35,0,Travel_Rarely,992,Research & Development,1,3,Medical,4,Male,68,2,1,Laboratory Technician,1,Single,2450,21731,1,No,19,3,2,0,3,3,3,3,0,1,2,0.3333333333333333,0.0,1.0,0.6666666666666666,0.3333333333333333,Medium,0,🚀 Fast-Track Performers,0,-1.5861453857676138,-0.21705489290622174
30,0,Travel_Rarely,1288,Sales,29,4,Technical Degree,3,Male,33,3,3,Sales Executive,2,Married,9250,17799,3,No,12,3,2,1,9,3,3,4,2,1,3,0.25,0.5,0.75,0.75,0.3333333333333333,Medium,1,🟠 Promotion-Stalled,0,-0.21339274699230856,-0.01005520357248161
35,1,Travel_Rarely,104,Research & Development,2,3,Life Sciences,1,Female,69,3,1,Laboratory Technician,1,Divorced,2074,26619,1,Yes,12,3,4,1,1,2,3,1,0,0,0,0.0,0.0,2.0,0.0,1.0,Low,0,🚀 Fast-Track Performers,1,-3.8836939662883982,0.4887211074567093
53,1,Travel_Rarely,607,Research & Development,2,5,Technical Degree,3,Female,78,2,3,Manufacturing Director,4,Married,10169,14618,0,No,16,3,2,1,34,4,3,33,7,1,9,0.0303030303030303,0.2121212121212121,0.1212121212121212,0.2727272727272727,0.088235294117647,Low,1,🟠 Promotion-Stalled,0,-0.06973371494448574,0.6475109579913779
38,1,Travel_Rarely,903,Research & Development,2,3,Medical,3,Male,81,3,2,Manufacturing Director,2,Married,4855,7653,4,No,11,3,1,2,7,2,3,5,2,1,4,0.2,0.4,0.4,0.8,0.2857142857142857,Low,1,🟠 Promotion-Stalled,0,-0.22367735612074993,-0.7911816618332561
32,0,Non-Travel,1200,Research & Development,1,4,Technical Degree,4,Male,62,3,2,Research Scientist,1,Married,4087,25174,4,No,14,3,2,1,9,3,2,6,5,1,2,0.1666666666666666,0.8333333333333334,0.5,0.3333333333333333,0.2222222222222222,Medium,1,🟠 Promotion-Stalled,0,0.0995342643284088,-0.32465853529867766
48,0,Travel_Rarely,1108,Research & Development,15,4,Other,3,Female,65,3,1,Research Scientist,1,Married,2367,16530,8,No,12,3,4,1,10,3,2,8,2,7,6,0.875,0.25,0.375,0.75,0.1,Medium,1,🟠 Promotion-Stalled,0,0.8025580018636758,0.7938000191259786
34,0,Travel_Rarely,479,Research & Development,7,4,Medical,1,Male,35,3,1,Research Scientist,4,Single,2972,22061,1,No,13,3,3,0,1,4,1,1,0,0,0,0.0,0.0,4.0,0.0,1.0,Low,0,🚀 Fast-Track Performers,1,-4.8611604745207035,1.629956751893858
55,0,Travel_Rarely,685,Sales,26,5,Marketing,3,Male,60,2,5,Manager,4,Married,19586,23037,1,No,21,4,3,1,36,3,3,36,6,2,13,0.0555555555555555,0.1666666666666666,0.0833333333333333,0.3611111111111111,0.1388888888888889,Low,1,🟠 Promotion-Stalled,0,0.37455181398586496,1.1146617107173515
34,0,Travel_Rarely,1351,Research & Development,1,4,Life Sciences,2,Male,45,3,2,Research Scientist,4,Married,5484,13008,9,No,17,3,2,1,9,3,2,2,2,2,1,1.0,1.0,1.5,0.5,0.2222222222222222,High,1,🟠 Promotion-Stalled,0,0.46882386728174635,0.42512751442109353
26,0,Travel_Rarely,474,Research & Development,3,3,Life Sciences,1,Female,89,3,1,Research Scientist,4,Married,2061,11133,1,No,21,4,1,0,1,5,3,1,0,0,0,0.0,0.0,5.0,0.0,1.0,Low,0,🚀 Fast-Track Performers,1,-5.399901260204746,2.11416467059191
38,0,Travel_Rarely,1245,Sales,14,3,Life Sciences,3,Male,80,3,2,Sales Executive,2,Married,9924,12355,0,No,11,3,4,1,10,3,3,9,8,7,7,0.7777777777777778,0.8888888888888888,0.3333333333333333,0.7777777777777778,0.2,High,1,🟠 Promotion-Stalled,0,2.277796342109026,0.7694338382277125
38,0,Travel_Rarely,437,Sales,16,3,Life Sciences,2,Female,90,3,2,Sales Executive,2,Single,4198,16379,2,No,12,3,2,0,8,5,4,3,2,1,2,0.3333333333333333,0.6666666666666666,1.6666666666666667,0.6666666666666666,0.25,Medium,1,🟠 Promotion-Stalled,0,-0.6506907155185039,0.46174458064309953
36,0,Travel_Rarely,884,Sales,1,4,Life Sciences,2,Female,73,3,2,Sales Executive,3,Single,6815,21447,6,No,13,3,1,0,15,5,3,1,0,0,0,0.0,0.0,5.0,0.0,0.1333333333333333,Low,0,🚀 Fast-Track Performers,1,-3.870610587780227,2.047008499057403
29,0,Travel_Rarely,1370,Research & Development,3,1,Medical,2,Male,87,3,1,Laboratory Technician,1,Single,4723,16213,1,Yes,18,3,4,0,10,3,3,10,9,1,5,0.1,0.9,0.3,0.5,0.1,Medium,1,🟠 Promotion-Stalled,0,0.797819064889224,-1.005574056935955
35,0,Travel_Rarely,670,Research & Development,10,4,Medical,1,Female,51,3,2,Healthcare Representative,3,Single,6142,4223,3,Yes,16,3,3,0,10,4,3,5,2,0,4,0.0,0.4,0.8,0.8,0.2,Low,1,🟠 Promotion-Stalled,0,-0.7357080541040567,-0.5418007203687596
39,0,Travel_Rarely,1462,Sales,6,3,Medical,4,Male,38,4,3,Sales Executive,3,Married,8237,4658,2,No,11,3,1,1,11,3,3,7,6,7,6,1.0,0.8571428571428571,0.4285714285714285,0.8571428571428571,0.2727272727272727,High,1,🟠 Promotion-Stalled,0,2.3193405727536285,1.2679589591693725
29,0,Travel_Frequently,995,Research & Development,2,1,Life Sciences,1,Male,87,3,2,Healthcare Representative,4,Divorced,8853,24483,1,No,19,3,4,1,6,0,4,6,4,1,3,0.1666666666666666,0.6666666666666666,0.0,0.5,0.3333333333333333,Medium,1,🟠 Promotion-Stalled,0,0.1999770427065035,-1.4194043441983129
50,0,Travel_Rarely,264,Sales,9,3,Marketing,3,Male,59,3,5,Manager,3,Married,19331,19519,4,Yes,16,3,3,1,27,2,3,1,0,0,0,0.0,0.0,2.0,0.0,0.1851851851851851,Low,0,🚀 Fast-Track Performers,1,-1.900086755448206,1.3771355013057578
23,0,Travel_Rarely,977,Research & Development,10,3,Technical Degree,4,Male,45,4,1,Research Scientist,3,Married,2073,12826,2,No,16,3,4,1,4,2,3,2,2,2,2,1.0,1.0,1.0,1.0,0.25,High,1,🟠 Promotion-Stalled,0,1.0005848009735148,-0.8730877909572402
36,0,Travel_Frequently,1302,Research & Development,6,4,Life Sciences,1,Male,80,4,2,Laboratory Technician,1,Married,5562,19711,3,Yes,13,3,4,1,9,3,3,3,2,0,2,0.0,0.6666666666666666,1.0,0.6666666666666666,0.2222222222222222,Medium,1,🟠 Promotion-Stalled,0,-0.5781561590969019,-0.8139451049041704
42,0,Travel_Rarely,1059,Research & Development,9,2,Other,4,Male,93,2,5,Manager,4,Single,19613,26362,8,No,22,4,4,0,24,2,3,1,0,0,1,0.0,0.0,2.0,1.0,0.2083333333333333,Low,1,🟠 Promotion-Stalled,0,-1.0012978267503012,0.25029066078257967
35,0,Travel_Rarely,750,Research & Development,28,3,Life Sciences,2,Male,46,4,2,Laboratory Technician,3,Married,3407,25348,1,No,17,3,4,2,10,3,2,10,9,6,8,0.6,0.9,0.3,0.8,0.2,Medium,1,🟠 Promotion-Stalled,0,2.1440077208656048,0.368151916547384
34,0,Travel_Frequently,653,Research & Development,10,4,Technical Degree,4,Male,92,2,2,Healthcare Representative,3,Married,5063,15332,1,No,14,3,2,1,8,3,2,8,2,7,7,0.875,0.25,0.375,0.875,0.25,Medium,1,🟠 Promotion-Stalled,0,0.8940726708390584,1.0801000259713185
40,0,Travel_Rarely,118,Sales,14,2,Life Sciences,4,Female,84,3,2,Sales Executive,1,Married,4639,11262,1,No,15,3,3,1,5,2,3,5,4,1,2,0.2,0.8,0.4,0.4,0.4,Medium,1,🟠 Promotion-Stalled,0,-0.11362597207388175,-0.6035182367619513
43,0,Travel_Rarely,990,Research & Development,27,3,Technical Degree,4,Male,87,4,1,Laboratory Technician,2,Divorced,4876,5855,5,No,12,3,3,1,8,0,3,6,4,0,2,0.0,0.6666666666666666,0.0,0.3333333333333333,0.125,Medium,1,🟠 Promotion-Stalled,0,-0.06682464530608674,-1.9534510826573053
35,0,Travel_Rarely,1349,Research & Development,7,2,Life Sciences,3,Male,63,2,1,Laboratory Technician,4,Married,2690,7713,1,No,18,3,4,1,1,5,2,1,0,0,1,0.0,0.0,5.0,1.0,1.0,Low,0,🚀 Fast-Track Performers,1,-4.407116567653551,1.0772913353051812
46,0,Travel_Rarely,563,Sales,1,4,Life Sciences,4,Male,56,4,4,Manager,1,Single,17567,3156,1,No,15,3,2,0,27,5,1,26,0,0,12,0.0,0.0,0.1923076923076923,0.4615384615384615,0.1481481481481481,Low,1,🟠 Promotion-Stalled,0,-1.1033387077332608,0.8983091160707323
28,1,Travel_Rarely,329,Research & Development,24,3,Medical,3,Male,51,3,1,Laboratory Technician,2,Married,2408,7324,1,Yes,17,3,3,3,1,3,3,1,1,0,0,0.0,1.0,3.0,0.0,1.0,Medium,0,🚀 Fast-Track Performers,1,-3.1547010697319786,0.20725675530139417
22,0,Non-Travel,457,Research & Development,26,2,Other,2,Female,85,2,1,Research Scientist,3,Married,2814,10293,1,Yes,14,3,2,0,4,2,2,4,2,1,3,0.25,0.5,0.5,0.75,0.25,Medium,1,🟠 Promotion-Stalled,0,-0.3295889860708674,-1.1572077430850207
50,0,Travel_Frequently,1234,Research & Development,20,5,Medical,2,Male,41,3,4,Healthcare Representative,3,Married,11245,20689,2,Yes,15,3,3,1,32,3,3,30,8,12,13,0.4,0.2666666666666666,0.1,0.4333333333333333,0.125,Medium,1,🟠 Promotion-Stalled,0,2.0867152385378587,2.672801840341739
32,0,Travel_Rarely,634,Research & Development,5,4,Other,2,Female,35,4,1,Research Scientist,4,Married,3312,18783,3,No,17,3,4,2,6,3,3,3,2,0,2,0.0,0.6666666666666666,1.0,0.6666666666666666,0.1666666666666666,Medium,1,🟠 Promotion-Stalled,0,-0.7267449853011276,-1.2473235503810323
44,0,Travel_Rarely,1313,Research & Development,7,3,Medical,2,Female,31,3,5,Research Director,4,Divorced,19049,3549,0,Yes,14,3,4,1,23,4,2,22,7,1,10,0.0454545454545454,0.3181818181818182,0.1818181818181818,0.4545454545454545,0.217391304347826,Low,1,🟠 Promotion-Stalled,0,0.4453377282416634,1.2033023546219055
30,0,Travel_Rarely,241,Research & Development,7,3,Medical,2,Male,48,2,1,Research Scientist,2,Married,2141,5348,1,No,12,3,2,1,6,3,2,6,4,1,1,0.1666666666666666,0.6666666666666666,0.5,0.1666666666666666,0.1666666666666666,Medium,1,🟠 Promotion-Stalled,0,-0.48045673708788217,-0.406926391704286
45,0,Travel_Rarely,1015,Research & Development,5,5,Medical,3,Female,50,1,2,Laboratory Technician,1,Single,5769,23447,1,Yes,14,3,1,0,10,3,3,10,7,1,4,0.1,0.7,0.3,0.4,0.2,Medium,1,🟠 Promotion-Stalled,0,0.31547180813855696,-0.34338141899388397
45,0,Non-Travel,336,Sales,26,3,Marketing,1,Male,52,2,2,Sales Executive,1,Married,4385,24162,1,No,15,3,1,1,10,2,3,10,7,4,5,0.4,0.7,0.2,0.5,0.2,Medium,1,🟠 Promotion-Stalled,0,1.1217274839825058,-0.02395667357586015
31,0,Travel_Frequently,715,Sales,2,4,Other,4,Male,54,3,2,Sales Executive,1,Single,5332,21602,7,No,13,3,4,0,10,3,3,5,2,0,3,0.0,0.4,0.6,0.6,0.2,Low,1,🟠 Promotion-Stalled,0,-0.7487445821823746,-0.644911295363127
36,0,Travel_Rarely,559,Research & Development,12,4,Life Sciences,3,Female,76,3,2,Manufacturing Director,3,Married,4663,12421,9,Yes,12,3,2,2,7,2,3,3,2,1,1,0.3333333333333333,0.6666666666666666,0.6666666666666666,0.3333333333333333,0.2857142857142857,Medium,1,🟠 Promotion-Stalled,0,-0.38089624088365603,-0.3280352996478526
34,0,Travel_Frequently,426,Research & Development,10,4,Life Sciences,3,Male,42,4,2,Manufacturing Director,4,Divorced,4724,17000,1,No,13,3,1,1,9,3,3,9,7,7,2,0.7777777777777778,0.7777777777777778,0.3333333333333333,0.2222222222222222,0.2222222222222222,High,1,🟠 Promotion-Stalled,0,1.4446850729300884,1.411760390612253
49,0,Travel_Rarely,722,Research & Development,25,4,Life Sciences,3,Female,84,3,1,Laboratory Technician,1,Married,3211,22102,1,No,14,3,4,1,10,3,2,9,6,1,4,0.1111111111111111,0.6666666666666666,0.3333333333333333,0.4444444444444444,0.1,Medium,1,🟠 Promotion-Stalled,0,0.1386781277756122,-0.7931320254712226
39,0,Travel_Rarely,1387,Research & Development,10,5,Medical,2,Male,76,3,2,Manufacturing Director,1,Married,5377,3835,2,No,13,3,4,3,10,3,3,7,7,7,7,1.0,1.0,0.4285714285714285,1.0,0.2,High,1,🟠 Promotion-Stalled,0,2.6307328557744154,0.6108822007159482
27,0,Travel_Rarely,1302,Research & Development,19,3,Other,4,Male,67,2,1,Laboratory Technician,1,Divorced,4066,16290,1,No,11,3,1,2,7,3,3,7,7,0,7,0.0,1.0,0.4285714285714285,1.0,0.1428571428571428,Medium,1,🟠 Promotion-Stalled,0,0.8871420591270426,-1.8087043215425627
35,0,Travel_Rarely,819,Research & Development,18,5,Life Sciences,2,Male,48,4,2,Research Scientist,1,Married,5208,26312,1,No,11,3,4,0,16,2,3,16,15,1,10,0.0625,0.9375,0.125,0.625,0.125,Medium,1,🟠 Promotion-Stalled,0,2.024782837810342,-0.8847948207337457
28,0,Travel_Rarely,580,Research & Development,27,3,Medical,2,Female,39,1,2,Manufacturing Director,1,Divorced,4877,20460,0,No,21,4,2,1,6,5,2,5,3,0,0,0.0,0.6,1.0,0.0,0.3333333333333333,Medium,0,🚀 Fast-Track Performers,0,-1.5577360588545068,0.5574510519297255
21,0,Travel_Rarely,546,Research & Development,5,1,Medical,3,Male,97,3,1,Research Scientist,4,Single,3117,26009,1,No,18,3,3,0,3,2,3,2,2,2,2,1.0,1.0,1.0,1.0,0.3333333333333333,High,1,🟠 Promotion-Stalled,0,0.8648972457235159,-0.846737067538608
18,1,Travel_Frequently,544,Sales,3,2,Medical,2,Female,70,3,1,Sales Representative,4,Single,1569,18420,1,Yes,12,3,3,0,0,2,4,0,0,0,0,0.0,0.0,2.0,0.0,0.0,Low,0,🚀 Fast-Track Performers,1,-2.4154674043056557,-0.10399926483254687
47,0,Travel_Rarely,1176,Human Resources,26,4,Life Sciences,4,Female,98,3,5,Manager,3,Married,19658,5220,3,No,11,3,3,1,27,2,3,5,2,1,0,0.2,0.4,0.4,0.0,0.1851851851851851,Low,1,🟠 Promotion-Stalled,0,-0.243844349309743,1.0694752917140558
39,0,Travel_Rarely,170,Research & Development,3,2,Medical,3,Male,76,2,2,Laboratory Technician,3,Divorced,3069,10302,0,No,15,3,4,1,11,3,3,10,8,0,7,0.0,0.8,0.3,0.7,0.1818181818181818,Medium,1,🟠 Promotion-Stalled,0,0.6633307997304314,-0.9887742402357722
40,0,Travel_Rarely,884,Research & Development,15,3,Life Sciences,1,Female,80,2,3,Manufacturing Director,3,Married,10435,25800,1,No,13,3,4,2,18,2,3,18,15,14,12,0.7777777777777778,0.8333333333333334,0.1111111111111111,0.6666666666666666,0.1666666666666666,High,1,🟠 Promotion-Stalled,0,4.172179708134798,2.2730703794572196
35,0,Non-Travel,208,Research & Development,8,4,Life Sciences,3,Female,52,3,2,Healthcare Representative,3,Married,4148,12250,1,No,12,3,4,1,15,5,3,14,11,2,9,0.1428571428571428,0.7857142857142857,0.3571428571428571,0.6428571428571429,0.1333333333333333,Medium,1,🟠 Promotion-Stalled,0,1.2121885276225417,0.26118736518552504
37,0,Travel_Rarely,671,Research & Development,19,3,Life Sciences,3,Male,85,3,2,Manufacturing Director,3,Married,5768,26493,3,No,17,3,1,3,9,2,2,4,3,0,2,0.0,0.75,0.5,0.5,0.2222222222222222,Medium,1,🟠 Promotion-Stalled,0,-0.26855169796756245,-1.1513028208511715
39,0,Travel_Frequently,711,Research & Development,4,3,Medical,1,Female,81,3,2,Manufacturing Director,3,Single,5042,3140,0,No,13,3,4,0,10,2,1,9,2,3,8,0.3333333333333333,0.2222222222222222,0.2222222222222222,0.8888888888888888,0.2,Medium,1,🟠 Promotion-Stalled,0,0.1879497974818959,-0.41490326738037575
45,0,Travel_Rarely,1329,Research & Development,2,2,Other,4,Female,59,2,2,Manufacturing Director,4,Divorced,5770,5388,1,No,19,3,1,2,10,3,3,10,7,3,9,0.3,0.7,0.3,0.9,0.2,Medium,1,🟠 Promotion-Stalled,0,1.1649334346371834,-0.4287068493820205
38,0,Travel_Rarely,397,Research & Development,2,2,Medical,4,Female,54,2,3,Manufacturing Director,3,Married,7756,14199,3,Yes,19,3,4,1,10,6,4,5,4,0,2,0.0,0.8,1.2,0.4,0.3,Medium,1,🟠 Promotion-Stalled,0,-0.71756163953523,0.7072048367928541
35,1,Travel_Rarely,737,Sales,10,3,Medical,4,Male,55,2,3,Sales Executive,1,Married,10306,21530,9,No,17,3,3,0,15,3,3,13,12,6,0,0.4615384615384615,0.9230769230769232,0.2307692307692307,0.0,0.2,Medium,1,🟠 Promotion-Stalled,0,1.8727055289883765,1.5212478433764318
37,0,Travel_Rarely,1470,Research & Development,10,3,Medical,2,Female,71,3,1,Research Scientist,2,Married,3936,9953,1,No,11,3,1,1,8,2,1,8,4,7,7,0.875,0.5,0.25,0.875,0.125,Medium,1,🟠 Promotion-Stalled,0,1.549981084060658,0.2181498146376356
40,0,Travel_Rarely,448,Research & Development,16,3,Life Sciences,3,Female,84,3,3,Manufacturing Director,4,Single,7945,19948,6,Yes,15,3,4,0,18,2,2,4,2,3,3,0.75,0.5,0.5,0.75,0.1666666666666666,Medium,1,🟠 Promotion-Stalled,0,0.8393837883812423,0.2750017029878264
44,0,Travel_Frequently,602,Human Resources,1,5,Human Resources,1,Male,37,3,2,Human Resources,4,Married,5743,10503,4,Yes,11,3,3,0,14,3,3,10,7,0,2,0.0,0.7,0.3,0.2,0.1428571428571428,Medium,1,🟠 Promotion-Stalled,0,0.02661257500803334,-0.3823996439592472
48,0,Travel_Frequently,365,Research & Development,4,5,Medical,3,Male,89,2,4,Manager,4,Married,15202,5602,2,No,25,4,2,1,23,3,3,2,2,2,2,1.0,1.0,1.5,1.0,0.1739130434782608,High,1,🟠 Promotion-Stalled,0,1.379774729724927,0.4773329759635415
35,1,Travel_Rarely,763,Sales,15,2,Medical,1,Male,59,1,2,Sales Executive,4,Divorced,5440,22098,6,Yes,14,3,4,2,7,2,2,2,2,2,2,1.0,1.0,1.0,1.0,0.2857142857142857,High,1,🟠 Promotion-Stalled,0,1.164969764830723,-0.4745123112661934
24,0,Travel_Frequently,567,Research & Development,2,1,Technical Degree,1,Female,32,3,1,Research Scientist,4,Single,3760,17218,1,Yes,13,3,3,0,6,2,3,6,3,1,3,0.1666666666666666,0.5,0.3333333333333333,0.5,0.1666666666666666,Medium,1,🟠 Promotion-Stalled,0,-0.3241200824969129,-1.0147950030615647
27,0,Travel_Rarely,486,Research & Development,8,3,Medical,2,Female,86,4,1,Research Scientist,3,Married,3517,22490,7,No,17,3,1,0,5,0,3,3,2,0,2,0.0,0.6666666666666666,0.0,0.6666666666666666,0.2,Medium,1,🟠 Promotion-Stalled,0,-0.12919417316307005,-2.3956604352186046
27,0,Travel_Frequently,591,Research & Development,2,3,Medical,4,Male,87,3,1,Research Scientist,4,Single,2580,6297,2,No,13,3,3,0,6,0,2,4,2,1,2,0.25,0.5,0.0,0.5,0.1666666666666666,Medium,1,🟠 Promotion-Stalled,0,-0.080245603194058,-1.6591965151214132
40,1,Travel_Rarely,1329,Research & Development,7,3,Life Sciences,1,Male,73,3,1,Laboratory Technician,1,Single,2166,3339,3,Yes,14,3,2,0,10,3,1,4,2,0,3,0.0,0.5,0.75,0.75,0.1,Medium,1,🟠 Promotion-Stalled,0,-0.614272291896132,-1.2723255841895826
29,0,Travel_Rarely,469,Sales,10,3,Medical,3,Male,42,2,2,Sales Executive,3,Single,5869,23413,9,No,11,3,3,0,8,2,3,5,2,1,4,0.2,0.4,0.4,0.8,0.25,Low,1,🟠 Promotion-Stalled,0,-0.17124069319279486,-0.8123502465578725
36,0,Travel_Rarely,711,Research & Development,5,4,Life Sciences,2,Female,42,3,3,Healthcare Representative,1,Married,8008,22792,4,No,12,3,3,2,9,6,3,3,2,0,2,0.0,0.6666666666666666,2.0,0.6666666666666666,0.3333333333333333,Medium,1,🟠 Promotion-Stalled,0,-1.1776301853896884,0.7858925193166553
25,0,Travel_Frequently,772,Research & Development,2,1,Life Sciences,4,Male,77,4,2,Manufacturing Director,3,Divorced,5206,4973,1,No,17,3,3,2,7,6,3,7,7,0,7,0.0,1.0,0.8571428571428571,1.0,0.2857142857142857,Medium,1,🟠 Promotion-Stalled,0,0.42572870065641144,-0.43099691136070867
39,0,Travel_Rarely,492,Research & Development,12,3,Medical,4,Male,66,3,2,Manufacturing Director,2,Married,5295,7693,4,No,21,4,3,0,7,3,3,5,4,1,0,0.2,0.8,0.6,0.0,0.2857142857142857,Medium,1,🟠 Promotion-Stalled,0,-0.5364641432076863,0.04015128372239815
49,0,Travel_Rarely,301,Research & Development,22,4,Other,1,Female,72,3,4,Research Director,2,Married,16413,3498,3,No,16,3,2,2,27,2,3,4,2,1,2,0.25,0.5,0.5,0.5,0.1481481481481481,Medium,1,🟠 Promotion-Stalled,0,0.17388070157388527,0.09033203468480211
50,0,Travel_Rarely,813,Research & Development,17,5,Life Sciences,4,Female,50,2,3,Research Director,1,Divorced,13269,21981,5,No,15,3,3,3,19,3,3,14,11,1,11,0.0714285714285714,0.7857142857142857,0.2142857142857142,0.7857142857142857,0.1578947368421052,Medium,1,🟠 Promotion-Stalled,0,1.5431034186000918,-0.416983390061817
20,0,Travel_Rarely,1141,Sales,2,3,Medical,3,Female,31,3,1,Sales Representative,3,Single,2783,13251,1,No,19,3,1,0,2,3,3,2,2,2,2,1.0,1.0,1.5,1.0,0.5,High,1,🟠 Promotion-Stalled,0,0.3305523687967293,-0.32335348103467915
34,0,Travel_Rarely,1130,Research & Development,3,3,Life Sciences,4,Female,66,3,2,Research Scientist,2,Divorced,5433,19332,1,No,12,3,3,1,11,2,3,11,8,7,9,0.6363636363636364,0.7272727272727273,0.1818181818181818,0.8181818181818182,0.1818181818181818,High,1,🟠 Promotion-Stalled,0,2.1792115443037336,0.3703389068148479
36,0,Travel_Rarely,311,Research & Development,7,3,Life Sciences,1,Male,77,3,1,Laboratory Technician,2,Single,2013,10950,2,No,11,3,3,0,15,4,3,4,3,1,3,0.25,0.75,1.0,0.75,0.0666666666666666,Medium,1,🟠 Promotion-Stalled,0,-0.000806826837950866,-0.6724255592923529
49,0,Travel_Rarely,465,Research & Development,6,1,Life Sciences,3,Female,41,2,4,Healthcare Representative,3,Married,13966,11652,2,Yes,19,3,2,1,30,3,3,15,11,2,12,0.1333333333333333,0.7333333333333333,0.2,0.8,0.1333333333333333,Medium,1,🟠 Promotion-Stalled,0,1.8831431751420933,0.1201264036021559
36,0,Non-Travel,894,Research & Development,1,4,Medical,4,Female,33,2,2,Manufacturing Director,3,Married,4374,15411,0,No,15,3,3,0,4,6,3,3,2,1,2,0.3333333333333333,0.6666666666666666,2.0,0.6666666666666666,0.5,Medium,1,🟠 Promotion-Stalled,0,-1.2532476011538392,0.9647254558340539
36,0,Travel_Rarely,1040,Research & Development,3,2,Life Sciences,4,Male,79,4,2,Healthcare Representative,1,Divorced,6842,26308,6,No,20,4,1,1,13,3,3,5,4,0,4,0.0,0.8,0.6,0.8,0.1538461538461538,Medium,1,🟠 Promotion-Stalled,0,0.16053442142195973,-1.2297700057106546
54,0,Travel_Rarely,584,Research & Development,22,5,Medical,2,Female,91,3,4,Manager,3,Married,17426,18685,3,No,25,4,3,1,36,6,3,10,8,4,7,0.4,0.8,0.6,0.7,0.1111111111111111,Medium,1,🟠 Promotion-Stalled,0,1.537164540139818,1.5505609871729638
43,0,Travel_Rarely,1291,Research & Development,15,2,Life Sciences,3,Male,65,2,4,Research Director,3,Married,17603,3525,1,No,24,4,1,1,14,3,3,14,10,6,11,0.4285714285714285,0.7142857142857143,0.2142857142857142,0.7857142857142857,0.2857142857142857,Medium,1,🟠 Promotion-Stalled,0,2.168906178359675,1.0716052073120408
35,1,Travel_Frequently,880,Sales,12,4,Other,4,Male,36,3,2,Sales Executive,4,Single,4581,10414,3,Yes,24,4,1,0,13,2,4,11,9,6,7,0.5454545454545454,0.8181818181818182,0.1818181818181818,0.6363636363636364,0.1538461538461538,Medium,1,🟠 Promotion-Stalled,0,1.9967317605169845,0.12462404730126991
38,0,Travel_Frequently,1189,Research & Development,1,3,Life Sciences,4,Male,90,3,2,Research Scientist,4,Married,4735,9867,7,No,15,3,4,2,19,4,4,13,11,2,9,0.1538461538461538,0.8461538461538461,0.3076923076923077,0.6923076923076923,0.1052631578947368,Medium,1,🟠 Promotion-Stalled,0,1.459287528270684,-0.19314196911257386
29,0,Travel_Rarely,991,Sales,5,3,Medical,1,Male,43,2,2,Sales Executive,2,Divorced,4187,3356,1,Yes,13,3,2,1,10,3,2,10,0,0,9,0.0,0.0,0.3,0.9,0.2,Low,1,🟠 Promotion-Stalled,0,-1.0290861553193675,-0.7879329840406698
33,0,Travel_Rarely,392,Sales,2,4,Medical,4,Male,93,3,2,Sales Executive,4,Divorced,5505,3921,1,No,14,3,3,2,6,5,3,6,2,0,4,0.0,0.3333333333333333,0.8333333333333334,0.6666666666666666,0.3333333333333333,Low,1,🟠 Promotion-Stalled,0,-1.2169579466088167,0.06408428668103455
32,0,Travel_Rarely,977,Research & Development,2,3,Medical,4,Male,45,3,2,Research Scientist,2,Divorced,5470,25518,0,No,13,3,3,2,10,4,2,9,5,1,6,0.1111111111111111,0.5555555555555556,0.4444444444444444,0.6666666666666666,0.2,Medium,1,🟠 Promotion-Stalled,0,0.04593889314258997,-0.22209007335081787
31,0,Travel_Rarely,1112,Sales,5,4,Life Sciences,1,Female,67,3,2,Sales Executive,4,Married,5476,22589,1,No,11,3,1,2,10,2,3,10,0,0,2,0.0,0.0,0.2,0.2,0.2,Low,0,🚀 Fast-Track Performers,0,-1.5756665221602935,-0.3387941703180074
49,0,Travel_Rarely,464,Research & Development,16,3,Medical,4,Female,74,3,1,Laboratory Technician,1,Divorced,2587,24941,4,Yes,16,3,2,1,17,2,2,2,2,2,2,1.0,1.0,1.0,1.0,0.0588235294117647,High,1,🟠 Promotion-Stalled,0,1.2812751731172745,-0.9864019797772451
38,0,Travel_Frequently,148,Research & Development,2,3,Medical,4,Female,42,2,1,Laboratory Technician,2,Single,2440,23826,1,No,22,4,2,0,4,3,3,4,3,3,3,0.75,0.75,0.75,0.75,0.25,High,1,🟠 Promotion-Stalled,0,0.4847490448358918,-0.27208708618602856
47,0,Travel_Rarely,1225,Sales,2,4,Life Sciences,2,Female,47,4,4,Manager,2,Divorced,15972,21086,6,No,14,3,3,3,29,2,3,3,2,1,2,0.3333333333333333,0.6666666666666666,0.6666666666666666,0.6666666666666666,0.1379310344827586,Medium,1,🟠 Promotion-Stalled,0,0.5539808422813363,-0.08708934178445579
49,0,Travel_Rarely,809,Research & Development,1,3,Life Sciences,3,Male,36,3,4,Manager,3,Single,15379,22384,4,No,14,3,1,0,23,2,3,8,7,0,0,0.0,0.875,0.25,0.0,0.1739130434782608,Medium,1,🟠 Promotion-Stalled,0,0.4712925789755271,0.06824236827585184
41,0,Travel_Rarely,1206,Sales,23,2,Life Sciences,4,Male,80,3,3,Sales Executive,3,Single,7082,11591,3,Yes,16,3,4,0,21,2,3,2,0,0,2,0.0,0.0,1.0,1.0,0.1428571428571428,Low,1,🟠 Promotion-Stalled,0,-0.8672772102801594,-0.7086396048410218
20,0,Travel_Rarely,727,Sales,9,1,Life Sciences,4,Male,54,3,1,Sales Representative,1,Single,2728,21082,1,No,11,3,1,0,2,3,3,2,2,0,2,0.0,1.0,1.5,1.0,0.5,Medium,1,🟠 Promotion-Stalled,0,-0.6789327940370261,-1.476238211020714
33,0,Non-Travel,530,Sales,16,3,Life Sciences,3,Female,36,3,2,Sales Executive,4,Divorced,5368,16130,1,Yes,25,4,3,1,7,2,3,6,5,1,2,0.1666666666666666,0.8333333333333334,0.3333333333333333,0.3333333333333333,0.2857142857142857,Medium,1,🟠 Promotion-Stalled,0,0.08099083657240698,-0.7563713297469232
36,0,Travel_Rarely,1351,Research & Development,26,4,Life Sciences,1,Male,80,3,2,Healthcare Representative,3,Married,5347,7419,6,No,14,3,2,2,10,2,2,3,2,0,2,0.0,0.6666666666666666,0.6666666666666666,0.6666666666666666,0.2,Medium,1,🟠 Promotion-Stalled,0,-0.33669934052717637,-1.2280027327290728
44,0,Travel_Rarely,528,Human Resources,1,3,Life Sciences,3,Female,44,3,1,Human Resources,4,Divorced,3195,4167,4,Yes,18,3,1,3,8,2,3,2,2,2,2,1.0,1.0,1.0,1.0,0.125,High,1,🟠 Promotion-Stalled,0,1.1707777794699206,-0.970220478432203
23,1,Travel_Rarely,1320,Research & Development,8,1,Medical,4,Male,93,2,1,Laboratory Technician,3,Single,3989,20586,1,Yes,11,3,1,0,5,2,3,5,4,1,2,0.2,0.8,0.4,0.4,0.2,Medium,1,🟠 Promotion-Stalled,0,0.003203738791814452,-1.0303412833698153
38,0,Travel_Rarely,1495,Research & Development,4,2,Medical,4,Female,87,3,1,Laboratory Technician,3,Married,3306,26176,7,No,19,3,4,1,7,5,2,0,0,0,0,0.0,0.0,5.0,0.0,0.1428571428571428,Low,0,🚀 Fast-Track Performers,1,-4.128086008182386,1.6291612781399252
53,0,Travel_Rarely,1395,Research & Development,24,4,Medical,2,Male,48,4,3,Healthcare Representative,4,Married,7005,3458,3,No,15,3,3,0,11,2,3,4,3,1,2,0.25,0.75,0.5,0.5,0.2727272727272727,Medium,1,🟠 Promotion-Stalled,0,0.19727490303271267,-0.35176274212468045
48,1,Travel_Frequently,708,Sales,7,2,Medical,4,Female,95,3,1,Sales Representative,3,Married,2655,11740,2,Yes,11,3,3,2,19,3,3,9,7,7,7,0.7777777777777778,0.7777777777777778,0.3333333333333333,0.7777777777777778,0.0526315789473684,High,1,🟠 Promotion-Stalled,0,2.0439658833921452,0.38467600569648946
32,1,Travel_Rarely,1259,Research & Development,2,4,Life Sciences,4,Male,95,3,1,Laboratory Technician,2,Single,1393,24852,1,No,12,3,1,0,1,2,3,1,0,0,0,0.0,0.0,2.0,0.0,1.0,Low,0,🚀 Fast-Track Performers,1,-3.8836939662883982,0.4887211074567093
26,0,Non-Travel,786,Research & Development,7,3,Medical,4,Male,76,3,1,Laboratory Technician,4,Single,2570,11925,1,No,20,4,3,0,7,5,3,7,7,5,7,0.7142857142857143,1.0,0.7142857142857143,1.0,0.1428571428571428,High,1,🟠 Promotion-Stalled,0,1.7198958869223386,0.22689341162162702
55,0,Travel_Rarely,1441,Research & Development,22,3,Technical Degree,1,Male,94,2,1,Research Scientist,2,Divorced,3537,23737,5,No,12,3,4,1,8,1,3,4,2,1,2,0.25,0.5,0.25,0.5,0.125,Medium,1,🟠 Promotion-Stalled,0,-0.19416128481082792,-1.3063838506696832
34,0,Travel_Rarely,1157,Research & Development,5,2,Medical,2,Male,57,2,2,Laboratory Technician,4,Married,3986,11912,1,No,14,3,3,1,15,3,4,15,10,4,13,0.2666666666666666,0.6666666666666666,0.2,0.8666666666666667,0.1333333333333333,Medium,1,🟠 Promotion-Stalled,0,1.7185718393700857,-0.1360555147479986
60,0,Travel_Rarely,370,Research & Development,1,4,Medical,3,Male,92,1,3,Healthcare Representative,4,Divorced,10883,20467,3,No,20,4,3,1,19,2,4,1,0,0,0,0.0,0.0,2.0,0.0,0.1578947368421052,Low,0,🚀 Fast-Track Performers,1,-2.2936614478728052,0.6061461066710458
33,0,Travel_Rarely,267,Research & Development,21,3,Medical,2,Male,79,4,1,Laboratory Technician,2,Married,2028,13637,1,No,18,3,4,3,14,6,3,14,11,2,13,0.1428571428571428,0.7857142857142857,0.4285714285714285,0.9285714285714286,0.0714285714285714,Medium,1,🟠 Promotion-Stalled,0,1.2280598251072317,-0.18922690671684292
37,0,Travel_Frequently,1278,Sales,1,4,Medical,3,Male,31,1,2,Sales Executive,4,Divorced,9525,7677,1,No,14,3,3,2,6,2,2,6,3,1,3,0.1666666666666666,0.5,0.3333333333333333,0.5,0.3333333333333333,Medium,1,🟠 Promotion-Stalled,0,-0.3720058953360288,-0.5731653407884669
34,0,Travel_Rarely,678,Research & Development,19,3,Life Sciences,2,Female,35,2,1,Research Scientist,4,Married,2929,20338,1,No,12,3,2,0,10,3,3,10,9,8,7,0.8,0.9,0.3,0.7,0.1,High,1,🟠 Promotion-Stalled,0,2.4198134193315406,0.6272657776136893
23,1,Travel_Rarely,427,Sales,7,3,Life Sciences,3,Male,99,3,1,Sales Representative,4,Divorced,2275,25103,1,Yes,21,4,2,1,3,2,3,3,2,0,2,0.0,0.6666666666666666,0.6666666666666666,0.6666666666666666,0.3333333333333333,Medium,1,🟠 Promotion-Stalled,0,-0.7826228632886315,-1.583986847070617
44,0,Travel_Rarely,921,Research & Development,2,3,Life Sciences,3,Female,96,4,3,Healthcare Representative,4,Married,7879,14810,1,Yes,19,3,2,1,9,2,3,8,7,6,7,0.75,0.875,0.25,0.875,0.3333333333333333,High,1,🟠 Promotion-Stalled,0,2.1657674885814417,0.47545289303458843
35,0,Travel_Frequently,146,Research & Development,2,4,Medical,1,Male,79,2,1,Research Scientist,4,Single,4930,13970,0,Yes,14,3,3,0,6,2,4,5,4,1,4,0.2,0.8,0.4,0.8,0.1666666666666666,Medium,1,🟠 Promotion-Stalled,0,0.42125428353369937,-1.513237509198975
43,0,Travel_Rarely,1179,Sales,2,3,Medical,4,Male,73,3,2,Sales Executive,4,Married,7847,6069,1,Yes,17,3,1,1,10,3,3,10,9,8,8,0.8,0.9,0.3,0.8,0.2,High,1,🟠 Promotion-Stalled,0,2.540416861780804,0.876151736853731
24,0,Travel_Rarely,581,Research & Development,9,3,Medical,3,Male,62,4,1,Research Scientist,3,Married,4401,17616,1,No,16,3,4,1,5,1,3,5,3,0,4,0.0,0.6,0.2,0.8,0.2,Medium,1,🟠 Promotion-Stalled,0,-0.10782792285537314,-2.083333803044991
41,0,Travel_Rarely,918,Sales,6,3,Marketing,4,Male,35,3,3,Sales Executive,3,Single,9241,15869,1,No,12,3,2,0,10,3,3,10,8,8,7,0.8,0.8,0.3,0.7,0.3,High,1,🟠 Promotion-Stalled,0,2.2989389764541506,1.5022020276959973
29,0,Travel_Rarely,1082,Research & Development,9,4,Medical,4,Female,43,3,1,Laboratory Technician,3,Married,2974,25412,9,No,17,3,3,1,9,2,3,5,3,1,2,0.2,0.6,0.4,0.4,0.1111111111111111,Medium,1,🟠 Promotion-Stalled,0,-0.2531092891751045,-1.0208726200769183
36,0,Travel_Rarely,530,Sales,2,4,Life Sciences,3,Female,51,3,2,Sales Representative,4,Single,4502,7439,3,No,15,3,3,0,17,2,2,13,7,6,7,0.4615384615384615,0.5384615384615384,0.1538461538461538,0.5384615384615384,0.1176470588235294,Medium,1,🟠 Promotion-Stalled,0,1.3978926894068011,0.38858448249564287
45,0,Non-Travel,1238,Research & Development,1,1,Life Sciences,3,Male,74,2,3,Healthcare Representative,3,Married,10748,3395,3,No,23,4,4,1,25,3,2,23,15,14,4,0.6086956521739131,0.6521739130434783,0.1304347826086956,0.1739130434782608,0.12,High,1,🟠 Promotion-Stalled,0,3.2614485973539407,2.9551354407730392
24,1,Travel_Rarely,240,Human Resources,22,1,Human Resources,4,Male,58,1,1,Human Resources,3,Married,1555,11585,1,No,11,3,3,1,1,2,3,1,0,0,0,0.0,0.0,2.0,0.0,1.0,Low,0,🚀 Fast-Track Performers,1,-3.87702629541268,0.5002424279261123
47,1,Travel_Frequently,1093,Sales,9,3,Life Sciences,3,Male,82,1,4,Sales Executive,3,Married,12936,24164,7,No,11,3,3,0,25,3,1,23,5,14,10,0.6086956521739131,0.217391304347826,0.1304347826086956,0.4347826086956521,0.16,Medium,1,🟠 Promotion-Stalled,0,2.034485776500939,3.195965536178815
26,0,Travel_Rarely,390,Research & Development,17,4,Medical,4,Male,62,1,1,Laboratory Technician,3,Married,2305,6217,1,No,15,3,3,3,3,3,4,3,2,0,2,0.0,0.6666666666666666,1.0,0.6666666666666666,0.3333333333333333,Medium,1,🟠 Promotion-Stalled,0,-0.9581140705468145,-1.1254941807273504
45,0,Travel_Rarely,1005,Research & Development,28,2,Technical Degree,4,Female,48,2,4,Research Director,2,Single,16704,17119,1,No,11,3,3,0,21,2,3,21,6,8,6,0.3809523809523809,0.2857142857142857,0.0952380952380952,0.2857142857142857,0.1904761904761904,Medium,1,🟠 Promotion-Stalled,0,1.2589238862527818,1.8658077430550375
32,0,Travel_Frequently,585,Research & Development,10,3,Life Sciences,1,Male,56,3,1,Research Scientist,3,Married,3433,17360,6,No,13,3,1,1,10,3,2,5,2,1,3,0.2,0.4,0.6,0.6,0.1,Low,1,🟠 Promotion-Stalled,0,-0.5239014669446891,-0.7124157422871399
31,0,Travel_Rarely,741,Research & Development,2,4,Life Sciences,2,Male,69,3,1,Laboratory Technician,3,Married,3477,18103,1,No,14,3,4,1,6,2,4,5,2,0,3,0.0,0.4,0.4,0.6,0.1666666666666666,Low,1,🟠 Promotion-Stalled,0,-0.7484408574130605,-1.3825162113446938
41,0,Non-Travel,552,Human Resources,4,3,Human Resources,3,Male,60,1,2,Human Resources,2,Married,6430,20794,6,No,19,3,2,1,10,4,3,3,2,1,2,0.3333333333333333,0.6666666666666666,1.3333333333333333,0.6666666666666666,0.2,Medium,1,🟠 Promotion-Stalled,0,-0.40845585103690224,-0.03790542478403302
40,0,Travel_Rarely,369,Research & Development,8,2,Life Sciences,2,Female,92,3,2,Manufacturing Director,1,Married,6516,5041,2,Yes,16,3,2,1,18,3,3,1,0,0,0,0.0,0.0,3.0,0.0,0.1111111111111111,Low,0,🚀 Fast-Track Performers,1,-2.8871875061178454,0.8465160089139926
24,0,Travel_Rarely,506,Research & Development,29,1,Medical,2,Male,91,3,1,Laboratory Technician,1,Divorced,3907,3622,1,No,13,3,2,3,6,2,4,6,2,1,2,0.1666666666666666,0.3333333333333333,0.3333333333333333,0.3333333333333333,0.1666666666666666,Low,1,🟠 Promotion-Stalled,0,-0.795528282963289,-0.7328123368067289
46,0,Travel_Rarely,717,Research & Development,13,4,Life Sciences,3,Male,34,3,2,Healthcare Representative,2,Single,5562,9697,6,No,14,3,4,0,19,3,3,10,7,0,9,0.0,0.7,0.3,0.9,0.1052631578947368,Medium,1,🟠 Promotion-Stalled,0,0.7427532256202892,-1.1892524338166663
35,0,Travel_Rarely,1370,Research & Development,27,4,Life Sciences,4,Male,49,3,2,Manufacturing Director,3,Married,6883,5151,2,No,16,3,2,1,17,3,3,7,7,0,7,0.0,1.0,0.4285714285714285,1.0,0.1176470588235294,Medium,1,🟠 Promotion-Stalled,0,1.0943041047901447,-1.5268892002557994
30,0,Travel_Rarely,793,Research & Development,16,1,Life Sciences,2,Male,33,3,1,Research Scientist,4,Married,2862,3811,1,No,12,3,2,1,10,2,2,10,0,0,8,0.0,0.0,0.2,0.8,0.1,Low,1,🟠 Promotion-Stalled,0,-1.0553288139170405,-1.4068141600609234
47,0,Non-Travel,543,Sales,2,4,Marketing,3,Male,87,3,2,Sales Executive,2,Married,4978,3536,7,No,11,3,4,1,4,3,1,1,0,0,0,0.0,0.0,3.0,0.0,0.5,Low,0,🚀 Fast-Track Performers,1,-3.424826148065875,1.1346249782623847
46,0,Travel_Rarely,1277,Sales,2,3,Life Sciences,3,Male,74,3,3,Sales Executive,4,Divorced,10368,5596,4,Yes,12,3,2,1,13,5,2,10,6,0,3,0.0,0.6,0.5,0.3,0.2307692307692307,Medium,1,🟠 Promotion-Stalled,0,-0.2846301406906678,0.6008903827798667
36,1,Travel_Rarely,1456,Sales,13,5,Marketing,2,Male,96,2,2,Sales Executive,1,Divorced,6134,8658,5,Yes,13,3,2,3,16,3,3,2,2,2,2,1.0,1.0,1.5,1.0,0.125,High,1,🟠 Promotion-Stalled,0,1.1246296398282956,-0.12213144379910798
32,1,Travel_Rarely,964,Sales,1,2,Life Sciences,1,Male,34,1,2,Sales Executive,2,Single,6735,12147,6,No,15,3,2,0,10,2,3,0,0,0,0,0.0,0.0,2.0,0.0,0.2,Low,0,🚀 Fast-Track Performers,1,-2.525629444295633,0.3343451022447203
23,0,Travel_Rarely,160,Research & Development,4,1,Medical,3,Female,51,3,1,Laboratory Technician,2,Single,3295,12862,1,No,13,3,3,0,3,3,1,3,2,1,2,0.3333333333333333,0.6666666666666666,1.0,0.6666666666666666,0.3333333333333333,Medium,1,🟠 Promotion-Stalled,0,-0.5522024199015223,-0.6334771165501885
31,0,Travel_Frequently,163,Research & Development,24,1,Technical Degree,4,Female,30,3,2,Manufacturing Director,4,Single,5238,6670,2,No,20,4,4,0,9,3,2,5,4,1,4,0.2,0.8,0.6,0.8,0.2222222222222222,Medium,1,🟠 Promotion-Stalled,0,0.34164960570140557,-0.8431102726745784
39,0,Non-Travel,792,Research & Development,1,3,Life Sciences,4,Male,77,3,2,Laboratory Technician,4,Married,6472,8989,1,Yes,15,3,4,1,9,2,3,9,8,5,8,0.5555555555555556,0.8888888888888888,0.2222222222222222,0.8888888888888888,0.2222222222222222,Medium,1,🟠 Promotion-Stalled,0,2.037194357070004,-0.2380288823515993
32,0,Travel_Rarely,371,Sales,19,3,Life Sciences,4,Male,80,1,3,Sales Executive,3,Married,9610,3840,3,No,13,3,3,1,10,2,1,4,3,0,2,0.0,0.75,0.5,0.5,0.3,Medium,1,🟠 Promotion-Stalled,0,-0.1525901286962864,-0.7047528115456596
40,0,Travel_Rarely,611,Sales,7,4,Medical,2,Male,88,3,5,Manager,2,Single,19833,4349,1,No,14,3,2,0,21,3,2,21,8,12,8,0.5714285714285714,0.3809523809523809,0.1428571428571428,0.3809523809523809,0.238095238095238,Medium,1,🟠 Promotion-Stalled,0,2.3340194936719127,3.236242172745729
45,0,Travel_Rarely,176,Human Resources,4,3,Life Sciences,3,Female,56,1,3,Human Resources,3,Married,9756,6595,4,No,21,4,3,2,9,2,4,5,0,0,3,0.0,0.0,0.4,0.6,0.3333333333333333,Low,1,🟠 Promotion-Stalled,0,-1.3264784713615754,-0.39308453501255824
30,0,Travel_Frequently,1312,Research & Development,2,4,Technical Degree,4,Female,78,2,1,Research Scientist,1,Single,4968,26427,0,No,16,3,4,0,10,2,3,9,7,0,7,0.0,0.7777777777777778,0.2222222222222222,0.7777777777777778,0.1,Medium,1,🟠 Promotion-Stalled,0,0.6143872194668413,-1.8215387411414372
24,0,Travel_Frequently,897,Human Resources,10,3,Medical,1,Male,59,3,1,Human Resources,4,Married,2145,2097,0,No,14,3,4,1,3,2,3,2,2,2,1,1.0,1.0,1.0,0.5,0.3333333333333333,High,1,🟠 Promotion-Stalled,0,0.4051770892643703,-0.2649331373135274
30,1,Travel_Frequently,600,Human Resources,8,3,Human Resources,3,Female,66,2,1,Human Resources,4,Divorced,2180,9732,6,No,11,3,3,1,6,0,2,4,2,1,2,0.25,0.5,0.0,0.5,0.1666666666666666,Medium,1,🟠 Promotion-Stalled,0,-0.06691026144262098,-1.6361538741826074
31,0,Travel_Rarely,1003,Sales,5,3,Technical Degree,1,Male,51,3,2,Sales Executive,3,Married,8346,20943,1,No,19,3,3,1,6,3,3,5,2,0,2,0.0,0.4,0.6,0.4,0.3333333333333333,Low,1,🟠 Promotion-Stalled,0,-1.1790704850191924,-0.4207223758686563
27,0,Travel_Rarely,1054,Research & Development,8,3,Medical,3,Female,67,3,1,Research Scientist,4,Single,3445,6152,1,No,11,3,3,0,6,5,2,6,2,1,4,0.1666666666666666,0.3333333333333333,0.8333333333333334,0.6666666666666666,0.1666666666666666,Low,1,🟠 Promotion-Stalled,0,-0.9019974391503053,-0.039081535047174654
29,1,Travel_Rarely,428,Sales,9,3,Marketing,2,Female,52,1,1,Sales Representative,2,Single,2760,14630,1,No,13,3,3,0,2,3,3,2,2,2,2,1.0,1.0,1.5,1.0,0.5,High,1,🟠 Promotion-Stalled,0,0.3705583940510404,-0.2542255582182616
29,0,Travel_Frequently,461,Research & Development,1,3,Life Sciences,4,Male,70,4,2,Healthcare Representative,3,Single,6294,23060,8,Yes,12,3,4,0,10,5,4,3,2,0,2,0.0,0.6666666666666666,1.6666666666666667,0.6666666666666666,0.2,Medium,1,🟠 Promotion-Stalled,0,-0.969855696313222,-0.036865861209719186
30,0,Travel_Rarely,979,Sales,15,2,Marketing,3,Male,94,2,3,Sales Executive,1,Divorced,7140,3088,2,No,11,3,1,1,12,2,3,7,7,1,7,0.1428571428571428,1.0,0.2857142857142857,1.0,0.25,Medium,1,🟠 Promotion-Stalled,0,1.5090924645971544,-1.07891728120272
34,0,Travel_Rarely,181,Research & Development,2,4,Medical,4,Male,97,4,1,Research Scientist,4,Married,2932,5586,0,Yes,14,3,1,3,6,3,3,5,0,1,2,0.2,0.0,0.6,0.4,0.1666666666666666,Low,1,🟠 Promotion-Stalled,0,-1.5166393054928786,-0.20756922908377437
33,0,Non-Travel,1283,Sales,2,3,Marketing,4,Female,62,3,2,Sales Executive,2,Single,5147,10697,8,No,15,3,4,0,13,2,2,11,7,1,7,0.0909090909090909,0.6363636363636364,0.1818181818181818,0.6363636363636364,0.1538461538461538,Medium,1,🟠 Promotion-Stalled,0,0.6556545020929464,-0.9196816183572463
49,0,Travel_Rarely,1313,Sales,11,4,Marketing,4,Female,80,3,2,Sales Executive,4,Single,4507,8191,3,No,12,3,3,0,8,1,4,5,1,0,4,0.0,0.2,0.2,0.8,0.25,Low,1,🟠 Promotion-Stalled,0,-0.644714343306724,-1.3906825656774615
33,1,Travel_Rarely,211,Sales,16,3,Life Sciences,1,Female,74,3,3,Sales Executive,1,Single,8564,10092,2,Yes,20,4,3,0,11,2,2,0,0,0,0,0.0,0.0,2.0,0.0,0.2727272727272727,Low,0,🚀 Fast-Track Performers,1,-2.4622616272392444,0.6742096900918217
38,0,Travel_Frequently,594,Research & Development,2,2,Medical,3,Female,75,2,1,Laboratory Technician,2,Married,2468,15963,4,No,14,3,2,1,9,4,2,6,1,0,5,0.0,0.1666666666666666,0.6666666666666666,0.8333333333333334,0.1111111111111111,Low,1,🟠 Promotion-Stalled,0,-1.0932976168336968,-0.8397700137384776
31,1,Travel_Rarely,1079,Sales,16,4,Marketing,1,Male,70,3,3,Sales Executive,3,Married,8161,19002,2,No,13,3,1,3,10,2,3,1,0,0,0,0.0,0.0,2.0,0.0,0.3,Low,0,🚀 Fast-Track Performers,1,-2.455630473708744,0.7710240344400764
29,0,Travel_Rarely,590,Research & Development,4,3,Technical Degree,4,Female,91,2,1,Research Scientist,1,Divorced,2109,10007,1,No,13,3,3,1,1,2,3,1,0,0,0,0.0,0.0,2.0,0.0,1.0,Low,0,🚀 Fast-Track Performers,1,-3.890361637164117,0.4771997869873064
30,0,Travel_Rarely,305,Research & Development,16,3,Life Sciences,3,Male,58,4,2,Healthcare Representative,3,Married,5294,9128,3,No,16,3,3,1,10,3,3,7,0,1,7,0.1428571428571428,0.0,0.4285714285714285,1.0,0.2,Low,1,🟠 Promotion-Stalled,0,-0.769958062421836,-0.6000887149525178
32,0,Non-Travel,953,Research & Development,5,4,Technical Degree,2,Male,65,3,1,Research Scientist,2,Single,2718,17674,2,No,14,3,2,0,12,3,3,7,7,0,7,0.0,1.0,0.4285714285714285,1.0,0.0833333333333333,Medium,1,🟠 Promotion-Stalled,0,0.9545334847131455,-1.8785492574917988
38,0,Travel_Rarely,833,Research & Development,18,3,Medical,2,Male,60,1,2,Healthcare Representative,4,Married,5811,24539,3,Yes,16,3,3,1,15,2,3,1,0,1,0,1.0,0.0,2.0,0.0,0.1333333333333333,Medium,0,🚀 Fast-Track Performers,0,-1.4864912113750606,1.3664964080568158
43,1,Travel_Frequently,807,Research & Development,17,3,Technical Degree,3,Male,38,2,1,Research Scientist,3,Married,2437,15587,9,Yes,16,3,4,1,6,4,3,1,0,0,0,0.0,0.0,4.0,0.0,0.1666666666666666,Low,0,🚀 Fast-Track Performers,1,-3.65764135216224,1.101459146911269
42,0,Travel_Rarely,855,Research & Development,12,3,Medical,2,Male,57,3,1,Laboratory Technician,2,Divorced,2766,8952,8,No,22,4,2,3,7,6,2,5,3,0,4,0.0,0.6,1.2,0.8,0.1428571428571428,Medium,1,🟠 Promotion-Stalled,0,-0.8715192638216276,-0.42652148271297535
55,0,Travel_Rarely,478,Research & Development,2,3,Medical,3,Male,60,2,5,Research Director,1,Married,19038,19805,8,No,12,3,2,3,34,2,3,1,0,0,0,0.0,0.0,2.0,0.0,0.1470588235294117,Low,0,🚀 Fast-Track Performers,1,-1.8174379350505652,1.4006225119087246
33,0,Non-Travel,775,Research & Development,4,3,Technical Degree,4,Male,90,3,2,Research Scientist,2,Divorced,3055,6194,5,No,15,3,4,2,11,2,2,9,8,1,7,0.1111111111111111,0.8888888888888888,0.2222222222222222,0.7777777777777778,0.1818181818181818,Medium,1,🟠 Promotion-Stalled,0,1.1585883189737758,-1.199875758614846
41,0,Travel_Rarely,548,Research & Development,9,4,Life Sciences,3,Male,94,3,1,Laboratory Technician,1,Divorced,2289,20520,1,No,20,4,2,2,5,2,3,5,3,0,4,0.0,0.6,0.4,0.8,0.2,Medium,1,🟠 Promotion-Stalled,0,-0.29601540163758167,-1.777457089181039
34,0,Non-Travel,1375,Sales,10,3,Life Sciences,4,Male,87,3,2,Sales Executive,3,Divorced,4001,12313,1,Yes,14,3,3,1,15,3,3,15,14,0,7,0.0,0.9333333333333332,0.2,0.4666666666666667,0.1333333333333333,Medium,1,🟠 Promotion-Stalled,0,1.4343648127224842,-0.6798000962474526
53,0,Non-Travel,661,Research & Development,1,4,Medical,1,Female,60,2,4,Manufacturing Director,3,Married,12965,22308,4,Yes,20,4,4,3,27,2,2,3,2,0,2,0.0,0.6666666666666666,0.6666666666666666,0.6666666666666666,0.1481481481481481,Medium,1,🟠 Promotion-Stalled,0,0.10639747046284828,-0.619135796423758
43,0,Travel_Rarely,244,Human Resources,2,3,Life Sciences,2,Male,97,3,1,Human Resources,4,Single,3539,5033,0,No,13,3,2,0,10,5,3,9,7,1,8,0.1111111111111111,0.7777777777777778,0.5555555555555556,0.8888888888888888,0.1,Medium,1,🟠 Promotion-Stalled,0,0.5733479415731997,-0.660706084872109
34,0,Travel_Rarely,511,Sales,3,2,Life Sciences,4,Female,32,1,2,Sales Executive,4,Single,6029,25353,5,No,12,3,1,0,6,3,3,2,2,2,2,1.0,1.0,1.5,1.0,0.3333333333333333,High,1,🟠 Promotion-Stalled,0,0.8254167769576094,0.012873287563889946
21,1,Travel_Rarely,337,Sales,7,1,Marketing,2,Male,31,3,1,Sales Representative,2,Single,2679,4567,1,No,13,3,2,0,1,3,3,1,0,1,0,1.0,0.0,3.0,0.0,1.0,Medium,0,🚀 Fast-Track Performers,1,-3.4278369228449685,2.1367655872080316
38,0,Travel_Rarely,1153,Research & Development,6,2,Other,4,Female,40,2,1,Laboratory Technician,3,Married,3702,16376,1,No,11,3,2,1,5,3,3,5,4,0,4,0.0,0.8,0.6,0.8,0.2,Medium,1,🟠 Promotion-Stalled,0,-0.050707128591042074,-1.4530860506387642
22,1,Travel_Rarely,1294,Research & Development,8,1,Medical,3,Female,79,3,1,Laboratory Technician,1,Married,2398,15999,1,Yes,17,3,3,0,1,6,3,1,0,0,0,0.0,0.0,6.0,0.0,1.0,Low,0,🚀 Fast-Track Performers,1,-5.8586299953801655,2.736628434922798
31,0,Travel_Rarely,196,Sales,29,4,Marketing,1,Female,91,2,2,Sales Executive,4,Married,5468,13402,1,No,14,3,1,2,13,3,3,12,7,5,7,0.4166666666666667,0.5833333333333334,0.25,0.5833333333333334,0.1538461538461538,Medium,1,🟠 Promotion-Stalled,0,1.1738385018864606,0.4555847862780561
51,0,Travel_Rarely,942,Research & Development,3,3,Technical Degree,1,Female,53,3,3,Manager,3,Married,13116,22984,2,No,11,3,4,0,15,2,3,2,2,2,2,1.0,1.0,1.0,1.0,0.2,High,1,🟠 Promotion-Stalled,0,1.514307053518697,-0.1363886991694391
37,0,Travel_Rarely,589,Sales,9,2,Marketing,2,Male,46,2,2,Sales Executive,2,Married,4189,8800,1,No,14,3,1,2,5,2,3,5,2,0,3,0.0,0.4,0.4,0.6,0.4,Low,1,🟠 Promotion-Stalled,0,-0.8875407701753074,-0.8898505371162425
46,0,Travel_Rarely,734,Research & Development,2,4,Medical,3,Male,46,3,5,Research Director,4,Divorced,19328,14218,7,Yes,17,3,3,1,24,3,3,2,1,2,2,1.0,0.5,1.5,1.0,0.2083333333333333,Medium,1,🟠 Promotion-Stalled,0,0.9014065777952947,1.3264097637516306
36,0,Travel_Rarely,1383,Research & Development,10,3,Life Sciences,4,Male,90,3,3,Healthcare Representative,1,Married,8321,25949,7,Yes,13,3,4,1,15,1,3,12,8,5,7,0.4166666666666667,0.6666666666666666,0.0833333333333333,0.5833333333333334,0.2,Medium,1,🟠 Promotion-Stalled,0,1.7602286259014115,0.176630364197671
44,1,Travel_Frequently,429,Research & Development,1,2,Medical,3,Male,99,3,1,Research Scientist,2,Divorced,2342,11092,1,Yes,12,3,3,3,6,2,2,5,3,2,3,0.4,0.6,0.4,0.6,0.1666666666666666,Medium,1,🟠 Promotion-Stalled,0,0.1747240029290591,-0.7984927231647283
37,0,Travel_Rarely,1239,Human Resources,8,2,Other,3,Male,89,3,2,Human Resources,2,Divorced,4071,12832,2,No,13,3,3,0,19,4,2,10,0,4,7,0.4,0.0,0.4,0.7,0.1052631578947368,Medium,1,🟠 Promotion-Stalled,0,-0.41276052885092823,0.7101115944914717
35,1,Travel_Rarely,303,Sales,27,3,Life Sciences,3,Male,84,3,2,Sales Executive,4,Single,5813,13492,1,Yes,18,3,4,0,10,2,3,10,7,7,7,0.7,0.7,0.2,0.7,0.2,High,1,🟠 Promotion-Stalled,0,1.8908945187129569,0.48919163613646394
33,0,Travel_Rarely,867,Research & Development,8,4,Life Sciences,4,Male,90,4,1,Research Scientist,1,Married,3143,6076,6,No,19,3,2,1,14,1,3,10,8,7,6,0.7,0.8,0.1,0.6,0.0714285714285714,High,1,🟠 Promotion-Stalled,0,2.1274675492545057,-0.21733071617149616
28,0,Travel_Rarely,1181,Research & Development,1,3,Life Sciences,3,Male,82,3,1,Research Scientist,4,Married,2044,5531,1,No,11,3,3,1,5,6,4,5,3,0,3,0.0,0.6,1.2,0.6,0.2,Medium,1,🟠 Promotion-Stalled,0,-1.0766298808582597,-0.05162976265116945
39,0,Travel_Rarely,1253,Research & Development,10,1,Medical,3,Male,65,3,3,Research Director,3,Single,13464,7914,7,No,21,4,3,0,9,3,3,4,3,2,2,0.5,0.75,0.75,0.5,0.3333333333333333,Medium,1,🟠 Promotion-Stalled,0,0.20968382141858496,0.3732176194475767
46,0,Non-Travel,849,Sales,26,2,Life Sciences,2,Male,98,2,2,Sales Executive,2,Single,7991,25166,8,No,15,3,3,0,6,3,3,2,2,2,2,1.0,1.0,1.5,1.0,0.3333333333333333,High,1,🟠 Promotion-Stalled,0,0.8054137643304539,-0.021690673844318824
40,0,Travel_Rarely,616,Research & Development,2,2,Life Sciences,3,Female,99,3,1,Laboratory Technician,1,Married,3377,25605,4,No,17,3,4,1,7,5,2,4,3,0,2,0.0,0.75,1.25,0.5,0.1428571428571428,Medium,1,🟠 Promotion-Stalled,0,-0.9007904431089185,-0.45474429578369474
42,0,Travel_Rarely,1128,Research & Development,13,3,Medical,2,Male,95,4,2,Healthcare Representative,1,Married,5538,5696,5,No,18,3,3,2,10,2,2,0,0,0,0,0.0,0.0,2.0,0.0,0.2,Low,0,🚀 Fast-Track Performers,1,-2.545632456922789,0.2997811408365116
35,0,Non-Travel,1180,Research & Development,2,2,Medical,2,Male,90,3,2,Manufacturing Director,4,Divorced,5762,24442,2,No,14,3,3,1,15,6,3,7,7,1,7,0.1428571428571428,1.0,0.8571428571428571,1.0,0.1333333333333333,Medium,1,🟠 Promotion-Stalled,0,0.9033669771166246,-0.1932672199760571
38,0,Non-Travel,1336,Human Resources,2,3,Human Resources,1,Male,100,3,1,Human Resources,2,Divorced,2592,7129,5,No,13,3,4,3,13,3,3,11,10,3,8,0.2727272727272727,0.9090909090909092,0.2727272727272727,0.7272727272727273,0.0769230769230769,Medium,1,🟠 Promotion-Stalled,0,1.6026831725050428,-0.7015779632206323
34,1,Travel_Frequently,234,Research & Development,9,4,Life Sciences,4,Male,93,3,2,Laboratory Technician,1,Married,5346,6208,4,No,17,3,3,1,11,3,2,7,1,0,7,0.0,0.1428571428571428,0.4285714285714285,1.0,0.1818181818181818,Low,1,🟠 Promotion-Stalled,0,-0.7013712221154984,-0.9993722506290983
37,1,Travel_Rarely,370,Research & Development,10,4,Medical,4,Male,58,3,2,Manufacturing Director,1,Single,4213,4992,1,No,15,3,2,0,10,4,1,10,3,0,8,0.0,0.3,0.4,0.8,0.2,Low,1,🟠 Promotion-Stalled,0,-0.5581260307727888,-0.522912963115005
39,0,Travel_Frequently,766,Sales,20,3,Life Sciences,3,Male,83,3,2,Sales Executive,4,Divorced,4127,19188,2,No,18,3,4,1,7,6,3,2,1,2,2,1.0,0.5,3.0,1.0,0.2857142857142857,Medium,1,🟠 Promotion-Stalled,0,-0.6782510550206713,1.6060154828780566
43,0,Non-Travel,343,Research & Development,9,3,Life Sciences,1,Male,52,3,1,Research Scientist,3,Single,2438,24978,4,No,13,3,3,0,7,2,2,3,2,1,2,0.3333333333333333,0.6666666666666666,0.6666666666666666,0.6666666666666666,0.1428571428571428,Medium,1,🟠 Promotion-Stalled,0,-0.05704298510660088,-1.1357409786083246
41,0,Travel_Rarely,447,Research & Development,5,3,Life Sciences,2,Male,85,4,2,Healthcare Representative,2,Single,6870,15530,3,No,12,3,1,0,11,3,1,3,2,1,2,0.3333333333333333,0.6666666666666666,1.0,0.6666666666666666,0.1818181818181818,Medium,1,🟠 Promotion-Stalled,0,-0.11958989399469215,-0.3573976590666846
41,0,Travel_Rarely,796,Sales,4,1,Marketing,3,Female,81,3,3,Sales Executive,3,Divorced,10447,26458,0,Yes,13,3,4,1,23,3,4,22,14,13,5,0.5909090909090909,0.6363636363636364,0.1363636363636363,0.2272727272727272,0.1304347826086956,Medium,1,🟠 Promotion-Stalled,0,3.093200691296421,2.820035001572041
30,0,Travel_Rarely,1092,Research & Development,10,3,Medical,1,Female,64,3,3,Manufacturing Director,3,Single,9667,2739,9,No,14,3,2,0,9,3,3,7,7,0,2,0.0,1.0,0.4285714285714285,0.2857142857142857,0.3333333333333333,Medium,1,🟠 Promotion-Stalled,0,0.2996053571963133,-0.2563283015821369
26,1,Travel_Rarely,920,Human Resources,20,2,Medical,4,Female,69,3,1,Human Resources,2,Married,2148,6889,0,Yes,11,3,3,0,6,3,3,5,1,1,4,0.2,0.2,0.6,0.8,0.1666666666666666,Low,1,🟠 Promotion-Stalled,0,-0.7607075904517007,-0.732863027777456
46,1,Travel_Rarely,261,Research & Development,21,2,Medical,4,Female,66,3,2,Healthcare Representative,2,Married,8926,10842,4,No,22,4,4,1,13,2,4,9,7,3,7,0.3333333333333333,0.7777777777777778,0.2222222222222222,0.7777777777777778,0.1538461538461538,Medium,1,🟠 Promotion-Stalled,0,1.3211902284867028,-0.7116763223902183
40,0,Travel_Rarely,1194,Research & Development,1,3,Life Sciences,3,Female,52,3,2,Healthcare Representative,4,Divorced,6513,9060,4,No,17,3,4,1,12,3,3,5,3,0,3,0.0,0.6,0.6,0.6,0.1666666666666666,Medium,1,🟠 Promotion-Stalled,0,-0.3796583498414169,-0.8420367644076294
34,0,Travel_Rarely,810,Sales,8,2,Technical Degree,2,Male,92,4,2,Sales Executive,3,Married,6799,22128,1,No,21,4,3,2,10,5,3,10,8,4,8,0.4,0.8,0.5,0.8,0.2,Medium,1,🟠 Promotion-Stalled,0,1.2446632611903081,0.5095503517378328
58,0,Non-Travel,350,Sales,2,3,Medical,2,Male,52,3,4,Manager,2,Divorced,16291,22577,4,No,22,4,4,1,37,0,2,16,9,14,14,0.875,0.5625,0.0,0.875,0.1081081081081081,Medium,1,🟠 Promotion-Stalled,0,3.8568398698985265,1.7432413624665377
35,0,Travel_Rarely,185,Research & Development,23,4,Medical,2,Male,91,1,1,Laboratory Technician,3,Married,2705,9696,0,No,16,3,2,1,6,2,4,5,4,0,3,0.0,0.8,0.4,0.6,0.1666666666666666,Medium,1,🟠 Promotion-Stalled,0,-0.06814413827568336,-1.6681245351313303
47,0,Travel_Rarely,1001,Research & Development,4,3,Life Sciences,3,Female,92,2,3,Manufacturing Director,2,Divorced,10333,19271,8,Yes,12,3,3,1,28,4,3,22,11,14,10,0.6363636363636364,0.5,0.1818181818181818,0.4545454545454545,0.1071428571428571,Medium,1,🟠 Promotion-Stalled,0,2.8906442839877946,3.0927568127775724
40,0,Travel_Rarely,750,Research & Development,12,3,Life Sciences,2,Female,47,3,2,Healthcare Representative,1,Divorced,4448,10748,2,No,12,3,2,1,15,3,3,7,4,7,7,1.0,0.5714285714285714,0.4285714285714285,1.0,0.1333333333333333,Medium,1,🟠 Promotion-Stalled,0,1.8878873430805267,0.8333901987916479
54,0,Travel_Rarely,431,Research & Development,7,4,Medical,4,Female,68,3,2,Research Scientist,4,Married,6854,15696,4,No,15,3,2,1,14,2,2,7,1,1,7,0.1428571428571428,0.1428571428571428,0.2857142857142857,1.0,0.1428571428571428,Low,1,🟠 Promotion-Stalled,0,-0.2585444238924948,-1.0418698330973106
31,0,Travel_Frequently,1125,Sales,7,4,Marketing,1,Female,68,3,3,Sales Executive,1,Married,9637,8277,2,No,14,3,4,2,9,3,3,3,2,2,2,0.6666666666666666,0.6666666666666666,1.0,0.6666666666666666,0.3333333333333333,High,1,🟠 Promotion-Stalled,0,0.24067878818406704,0.5327044942740138
28,0,Travel_Rarely,1217,Research & Development,1,3,Medical,3,Female,67,3,1,Research Scientist,1,Married,3591,12719,1,No,25,4,3,1,3,3,3,3,2,1,2,0.3333333333333333,0.6666666666666666,1.0,0.6666666666666666,0.3333333333333333,Medium,1,🟠 Promotion-Stalled,0,-0.6322144704101446,-0.7717329621830236
38,0,Travel_Rarely,723,Sales,2,4,Marketing,2,Female,77,1,2,Sales Representative,4,Married,5405,4244,2,Yes,20,4,1,2,20,4,2,4,2,0,3,0.0,0.5,1.0,0.75,0.1,Medium,1,🟠 Promotion-Stalled,0,-0.632551491358486,-0.6211012268173295
26,0,Travel_Rarely,572,Sales,10,3,Medical,3,Male,46,3,2,Sales Executive,4,Single,4684,9125,1,No,13,3,1,0,5,4,3,5,3,1,2,0.2,0.6,0.8,0.4,0.4,Medium,1,🟠 Promotion-Stalled,0,-0.7701402513255206,0.2547312370838978
58,0,Travel_Frequently,1216,Research & Development,15,4,Life Sciences,1,Male,87,3,4,Research Director,3,Married,15787,21624,2,Yes,14,3,2,0,23,3,3,2,2,2,2,1.0,1.0,1.5,1.0,0.1739130434782608,High,1,🟠 Promotion-Stalled,0,1.4531191093578306,0.6040675011269737
18,0,Non-Travel,1431,Research & Development,14,3,Medical,2,Female,33,3,1,Research Scientist,3,Single,1514,8018,1,No,16,3,3,0,0,4,1,0,0,0,0,0.0,0.0,4.0,0.0,0.0,Low,0,🚀 Fast-Track Performers,1,-3.4129369251651163,1.002672418196393
31,1,Travel_Rarely,359,Human Resources,18,5,Human Resources,4,Male,89,4,1,Human Resources,1,Married,2956,21495,0,No,17,3,3,0,2,4,3,1,0,0,0,0.0,0.0,4.0,0.0,0.5,Low,0,🚀 Fast-Track Performers,1,-4.153717877032206,1.287511283871618
29,1,Travel_Rarely,350,Human Resources,13,3,Human Resources,1,Male,56,2,1,Human Resources,1,Divorced,2335,3157,4,Yes,15,3,4,3,4,3,3,2,2,2,0,1.0,1.0,1.5,0.0,0.25,High,1,🟠 Promotion-Stalled,0,-0.24850198712874966,0.6459890044655562
45,0,Non-Travel,589,Sales,2,4,Life Sciences,3,Female,67,3,2,Sales Executive,3,Married,5154,19665,4,No,22,4,2,2,10,3,4,8,7,5,7,0.625,0.875,0.375,0.875,0.2,High,1,🟠 Promotion-Stalled,0,1.787858819321093,0.061385351041180584
36,0,Travel_Rarely,430,Research & Development,2,4,Other,4,Female,73,3,2,Research Scientist,2,Married,6962,19573,4,Yes,22,4,4,1,15,2,3,1,0,0,0,0.0,0.0,2.0,0.0,0.1333333333333333,Low,0,🚀 Fast-Track Performers,1,-2.4744213696268136,0.21418116747294935
43,0,Travel_Frequently,1422,Sales,2,4,Life Sciences,1,Male,92,3,2,Sales Executive,4,Married,5675,19246,1,No,20,4,3,1,7,5,3,7,7,7,7,1.0,1.0,0.7142857142857143,1.0,0.2857142857142857,High,1,🟠 Promotion-Stalled,0,2.1814465242584764,1.2529020541506615
27,0,Travel_Frequently,1297,Research & Development,5,2,Life Sciences,4,Female,53,3,1,Laboratory Technician,4,Single,2379,19826,0,Yes,14,3,3,0,6,3,2,5,4,0,2,0.0,0.8,0.6,0.4,0.1666666666666666,Medium,1,🟠 Promotion-Stalled,0,-0.41088192778838833,-1.0788324391119732
29,0,Travel_Frequently,574,Research & Development,20,1,Medical,4,Male,40,3,1,Laboratory Technician,4,Married,3812,7003,1,No,13,3,2,0,11,3,4,11,8,3,10,0.2727272727272727,0.7272727272727273,0.2727272727272727,0.9090909090909092,0.0909090909090909,Medium,1,🟠 Promotion-Stalled,0,1.311089863236135,-0.8079711000382467
32,0,Travel_Frequently,1318,Sales,10,4,Marketing,4,Male,79,3,2,Sales Executive,4,Single,4648,26075,8,No,13,3,3,0,4,2,4,0,0,0,0,0.0,0.0,2.0,0.0,0.5,Low,0,🚀 Fast-Track Performers,1,-2.9527620711390186,0.535203854870303
42,0,Non-Travel,355,Research & Development,10,4,Technical Degree,3,Male,38,3,1,Research Scientist,3,Married,2936,6161,3,No,22,4,2,2,10,1,2,6,3,3,3,0.5,0.5,0.1666666666666666,0.5,0.1,Medium,1,🟠 Promotion-Stalled,0,0.36925304212743093,-0.8697704883552184
47,0,Travel_Rarely,207,Research & Development,9,4,Life Sciences,2,Female,64,3,1,Laboratory Technician,3,Single,2105,5411,4,No,12,3,3,0,7,2,3,2,2,2,0,1.0,1.0,1.0,0.0,0.1428571428571428,High,1,🟠 Promotion-Stalled,0,0.21178379333621528,0.1809290334414605
46,0,Travel_Rarely,706,Research & Development,2,2,Life Sciences,4,Male,82,3,3,Manufacturing Director,4,Divorced,8578,19989,3,No,14,3,3,1,12,4,2,9,8,4,7,0.4444444444444444,0.8888888888888888,0.4444444444444444,0.7777777777777778,0.25,Medium,1,🟠 Promotion-Stalled,0,1.6399573467145871,0.6531866048269898
28,0,Non-Travel,280,Human Resources,1,2,Life Sciences,3,Male,43,3,1,Human Resources,4,Divorced,2706,10494,1,No,15,3,2,1,3,2,3,3,2,2,2,0.6666666666666666,0.6666666666666666,0.6666666666666666,0.6666666666666666,0.3333333333333333,High,1,🟠 Promotion-Stalled,0,0.042535779753389936,-0.5769100777774876
29,0,Travel_Rarely,726,Research & Development,29,1,Life Sciences,4,Male,93,1,2,Healthcare Representative,3,Divorced,6384,21143,8,No,17,3,4,2,11,3,3,7,0,1,6,0.1428571428571428,0.0,0.4285714285714285,0.8571428571428571,0.1818181818181818,Low,1,🟠 Promotion-Stalled,0,-0.888899516315588,-0.46932429850712387
42,0,Travel_Rarely,1142,Research & Development,8,3,Life Sciences,4,Male,81,3,1,Laboratory Technician,3,Single,3968,13624,4,No,13,3,4,0,8,3,3,0,0,0,0,0.0,0.0,3.0,0.0,0.125,Low,0,🚀 Fast-Track Performers,1,-3.0910628141075103,0.5349479436874831
32,1,Travel_Rarely,414,Sales,2,4,Marketing,3,Male,82,2,2,Sales Executive,2,Single,9907,26186,7,Yes,12,3,3,0,7,3,2,2,2,2,2,1.0,1.0,1.5,1.0,0.2857142857142857,High,1,🟠 Promotion-Stalled,0,0.895332327528216,-0.015351492068931764
46,0,Travel_Rarely,1319,Sales,3,3,Technical Degree,1,Female,45,4,4,Sales Executive,1,Divorced,13225,7739,2,No,12,3,4,1,25,5,3,19,17,2,8,0.1052631578947368,0.8947368421052632,0.2631578947368421,0.4210526315789473,0.16,Medium,1,🟠 Promotion-Stalled,0,2.2232737831106837,1.2869398682228113
27,0,Travel_Rarely,728,Sales,23,1,Medical,2,Female,36,2,2,Sales Representative,3,Married,3540,7018,1,No,21,4,4,1,9,5,3,9,8,5,8,0.5555555555555556,0.8888888888888888,0.5555555555555556,0.8888888888888888,0.2222222222222222,Medium,1,🟠 Promotion-Stalled,0,1.62059882044401,0.6739236864861043
29,0,Travel_Rarely,352,Human Resources,6,1,Medical,4,Male,87,2,1,Human Resources,2,Married,2804,15434,1,No,11,3,4,0,1,3,3,1,0,0,0,0.0,0.0,3.0,0.0,1.0,Low,0,🚀 Fast-Track Performers,1,-4.362425714090973,1.076620910379388
43,0,Travel_Rarely,823,Research & Development,6,3,Medical,1,Female,81,2,5,Manager,3,Married,19392,22539,7,No,13,3,4,0,21,2,3,16,12,6,14,0.375,0.75,0.125,0.875,0.238095238095238,Medium,1,🟠 Promotion-Stalled,0,2.9579696347830104,1.1006014341651762
48,0,Travel_Rarely,1224,Research & Development,10,3,Life Sciences,4,Male,91,2,5,Research Director,2,Married,19665,13583,4,No,12,3,4,0,29,3,3,22,10,12,9,0.5454545454545454,0.4545454545454545,0.1363636363636363,0.4090909090909091,0.1724137931034483,Medium,1,🟠 Promotion-Stalled,0,2.778205799429939,3.17482657214671
29,1,Travel_Frequently,459,Research & Development,24,2,Life Sciences,4,Male,73,2,1,Research Scientist,4,Single,2439,14753,1,Yes,24,4,2,0,1,3,2,1,0,1,0,1.0,0.0,3.0,0.0,1.0,Medium,0,🚀 Fast-Track Performers,1,-3.5011813024778724,2.0100310620445994
46,1,Travel_Rarely,1254,Sales,10,3,Life Sciences,3,Female,64,3,3,Sales Executive,2,Married,7314,14011,5,No,21,4,3,3,14,2,3,8,7,0,7,0.0,0.875,0.25,0.875,0.2142857142857142,Medium,1,🟠 Promotion-Stalled,0,1.0130403400876167,-1.2803490591743585
27,0,Travel_Frequently,1131,Research & Development,15,3,Life Sciences,4,Female,77,2,1,Research Scientist,1,Married,4774,23844,0,No,19,3,4,1,8,2,2,7,6,7,3,1.0,0.8571428571428571,0.2857142857142857,0.4285714285714285,0.125,High,1,🟠 Promotion-Stalled,0,1.7973996293541274,0.5027540894492459
39,0,Travel_Rarely,835,Research & Development,19,4,Other,4,Male,41,3,2,Research Scientist,4,Divorced,3902,5141,8,No,14,3,2,3,7,2,3,2,2,2,2,1.0,1.0,1.0,1.0,0.2857142857142857,High,1,🟠 Promotion-Stalled,0,1.164969764830723,-0.4745123112661934
55,0,Travel_Rarely,836,Research & Development,2,4,Technical Degree,2,Male,98,2,1,Research Scientist,4,Married,2662,7975,8,No,20,4,2,1,19,2,4,5,2,0,4,0.0,0.4,0.4,0.8,0.0526315789473684,Low,1,🟠 Promotion-Stalled,0,-0.42646120189505804,-1.7335225131471195
28,0,Travel_Rarely,1172,Sales,3,3,Medical,2,Female,78,3,1,Sales Representative,2,Married,2856,3692,1,No,19,3,4,1,1,3,3,1,0,0,0,0.0,0.0,3.0,0.0,1.0,Low,0,🚀 Fast-Track Performers,1,-4.415767081096721,0.9844503466241646
30,1,Travel_Rarely,945,Sales,9,3,Medical,2,Male,89,3,1,Sales Representative,4,Single,1081,16019,1,No,13,3,3,0,1,3,2,1,0,0,0,0.0,0.0,3.0,0.0,1.0,Low,0,🚀 Fast-Track Performers,1,-4.37576105584241,1.0535782694405822
22,1,Travel_Rarely,391,Research & Development,7,1,Life Sciences,4,Male,75,3,1,Research Scientist,2,Single,2472,26092,1,Yes,23,4,1,0,1,2,3,1,0,0,0,0.0,0.0,2.0,0.0,1.0,Low,0,🚀 Fast-Track Performers,1,-3.957038345921302,0.3619865822932771
36,0,Travel_Rarely,1266,Sales,10,4,Technical Degree,2,Female,63,2,2,Sales Executive,3,Married,5673,6060,1,Yes,13,3,1,1,10,4,3,10,9,1,7,0.1,0.9,0.4,0.7,0.2,Medium,1,🟠 Promotion-Stalled,0,0.9613459167336121,-0.4247086877687778
31,0,Travel_Rarely,311,Research & Development,20,3,Life Sciences,2,Male,89,3,2,Laboratory Technician,3,Divorced,4197,18624,1,No,11,3,1,1,10,2,3,10,8,0,2,0.0,0.8,0.2,0.2,0.2,Medium,1,🟠 Promotion-Stalled,0,0.2979470822260643,-0.7201035108716687
34,0,Travel_Rarely,1480,Sales,4,3,Life Sciences,3,Male,64,3,3,Sales Executive,4,Married,9713,24444,2,Yes,13,3,4,3,9,3,3,5,3,1,0,0.2,0.6,0.6,0.0,0.3333333333333333,Medium,1,🟠 Promotion-Stalled,0,-0.6963680721832258,0.6461937225619834
29,0,Travel_Rarely,592,Research & Development,7,3,Life Sciences,4,Male,59,3,1,Laboratory Technician,1,Single,2062,19384,3,No,14,3,2,0,11,2,3,3,2,1,2,0.3333333333333333,0.6666666666666666,0.6666666666666666,0.6666666666666666,0.0909090909090909,Medium,1,🟠 Promotion-Stalled,0,0.01256085373106973,-1.1780529677680784
37,0,Travel_Rarely,783,Research & Development,7,4,Medical,4,Male,78,3,2,Research Scientist,1,Married,4284,13588,5,Yes,22,4,3,1,16,2,3,5,3,0,4,0.0,0.6,0.4,0.8,0.125,Medium,1,🟠 Promotion-Stalled,0,0.0042525337934134705,-1.4905895040139143
35,0,Travel_Rarely,219,Research & Development,16,2,Other,4,Female,44,2,2,Manufacturing Director,2,Married,4788,25388,0,Yes,11,3,4,0,4,2,3,3,2,0,2,0.0,0.6666666666666666,0.6666666666666666,0.6666666666666666,0.5,Medium,1,🟠 Promotion-Stalled,0,-0.7571642964948436,-1.0156226596340872
45,0,Travel_Rarely,556,Research & Development,25,2,Life Sciences,2,Female,93,2,2,Manufacturing Director,4,Married,5906,23888,0,No,13,3,4,2,10,2,2,9,8,3,8,0.3333333333333333,0.8888888888888888,0.2222222222222222,0.8888888888888888,0.2,Medium,1,🟠 Promotion-Stalled,0,1.6682362207024053,-0.7566313886987601
36,0,Travel_Frequently,1213,Human Resources,2,1,Human Resources,2,Male,94,2,2,Human Resources,4,Single,3886,4223,1,No,21,4,4,0,10,2,2,10,1,0,8,0.0,0.1,0.2,0.8,0.2,Low,1,🟠 Promotion-Stalled,0,-0.8244725224147603,-1.144533420598207
40,0,Travel_Rarely,1137,Research & Development,1,4,Life Sciences,1,Male,98,3,4,Manager,1,Divorced,16823,18991,2,No,11,3,1,1,22,3,3,19,7,11,16,0.5789473684210527,0.3684210526315789,0.1578947368421052,0.8421052631578947,0.1818181818181818,Medium,1,🟠 Promotion-Stalled,0,2.4313382287530625,2.212789603970215
26,0,Travel_Rarely,482,Research & Development,1,2,Life Sciences,2,Female,90,2,1,Research Scientist,3,Married,2933,14908,1,Yes,13,3,3,1,1,3,2,1,0,1,0,1.0,0.0,3.0,0.0,1.0,Medium,0,🚀 Fast-Track Performers,1,-3.4278369228449685,2.1367655872080316
27,0,Travel_Rarely,511,Sales,2,2,Medical,1,Female,89,4,2,Sales Executive,3,Single,6500,26997,0,No,14,3,2,0,9,5,2,8,7,0,7,0.0,0.875,0.625,0.875,0.2222222222222222,Medium,1,🟠 Promotion-Stalled,0,0.4511167614151064,-0.5565910896403364
48,0,Travel_Frequently,117,Research & Development,22,3,Medical,4,Female,58,3,4,Manager,4,Divorced,17174,2437,3,No,11,3,2,1,24,3,3,22,17,4,7,0.1818181818181818,0.7727272727272727,0.1363636363636363,0.3181818181818182,0.1666666666666666,Medium,1,🟠 Promotion-Stalled,0,2.4886843180464853,1.2816391035667276
44,0,Travel_Rarely,170,Research & Development,1,4,Life Sciences,2,Male,78,4,2,Healthcare Representative,1,Married,5033,9364,2,No,15,3,4,1,10,5,3,2,0,2,2,1.0,0.0,2.5,1.0,0.2,Medium,1,🟠 Promotion-Stalled,0,-0.9340862924452238,1.5357970256767681
34,1,Non-Travel,967,Research & Development,16,4,Technical Degree,4,Male,85,1,1,Research Scientist,1,Married,2307,14460,1,Yes,23,4,2,1,5,2,3,5,2,3,0,0.6,0.4,0.4,0.0,0.2,Medium,1,🟠 Promotion-Stalled,0,-0.5965395564289621,0.21480716118823007
56,1,Travel_Rarely,1162,Research & Development,24,2,Life Sciences,1,Male,97,3,1,Laboratory Technician,4,Single,2587,10261,1,No,16,3,4,0,5,3,3,4,2,1,0,0.25,0.5,0.75,0.0,0.2,Medium,1,🟠 Promotion-Stalled,0,-1.1808587189079656,-0.040320403956040037
36,0,Travel_Rarely,335,Sales,17,2,Marketing,3,Male,33,2,2,Sales Executive,2,Married,5507,16822,2,No,16,3,3,2,12,1,1,4,2,1,3,0.25,0.5,0.25,0.75,0.1666666666666666,Medium,1,🟠 Promotion-Stalled,0,0.16467362995175328,-1.241267520514686
41,0,Travel_Rarely,337,Sales,8,3,Marketing,3,Female,54,3,2,Sales Executive,2,Married,4393,26841,5,No,21,4,3,1,14,3,3,5,4,1,4,0.2,0.8,0.6,0.8,0.1428571428571428,Medium,1,🟠 Promotion-Stalled,0,0.4515078524433651,-0.9016728925320175
42,0,Travel_Rarely,1396,Research & Development,6,3,Medical,3,Male,83,3,3,Research Director,1,Married,13348,14842,9,No,13,3,2,1,18,3,4,13,7,5,7,0.3846153846153846,0.5384615384615384,0.2307692307692307,0.5384615384615384,0.1666666666666666,Medium,1,🟠 Promotion-Stalled,0,1.252072734595954,0.8797439855003113
31,0,Travel_Rarely,1079,Sales,10,2,Medical,3,Female,86,3,2,Sales Executive,4,Divorced,6583,20115,2,Yes,11,3,4,1,8,2,3,5,2,1,4,0.2,0.4,0.4,0.8,0.25,Low,1,🟠 Promotion-Stalled,0,-0.17124069319279486,-0.8123502465578725
34,0,Travel_Rarely,735,Sales,3,1,Medical,4,Female,75,2,2,Sales Executive,4,Married,8103,16495,3,Yes,12,3,3,0,9,3,2,4,2,0,1,0.0,0.5,0.75,0.25,0.2222222222222222,Medium,1,🟠 Promotion-Stalled,0,-1.063291418204212,-0.28675643981810744
31,0,Travel_Rarely,471,Research & Development,4,3,Medical,1,Female,62,4,1,Laboratory Technician,3,Divorced,3978,16031,8,No,12,3,2,1,4,0,2,2,2,2,2,1.0,1.0,0.0,1.0,0.25,High,1,🟠 Promotion-Stalled,0,1.593201042584277,-1.6992388655965405
26,0,Travel_Frequently,1096,Research & Development,6,3,Other,3,Male,61,4,1,Laboratory Technician,4,Married,2544,7102,0,No,18,3,1,1,8,3,3,7,7,7,7,1.0,1.0,0.4285714285714285,1.0,0.125,High,1,🟠 Promotion-Stalled,0,2.504025208510802,0.15445731641961474
45,0,Travel_Frequently,1297,Research & Development,1,4,Medical,2,Male,44,3,2,Healthcare Representative,3,Single,5399,14511,4,No,12,3,3,0,12,3,3,4,2,0,3,0.0,0.5,0.75,0.75,0.1666666666666666,Medium,1,🟠 Promotion-Stalled,0,-0.495332435909818,-0.8554039977372018
33,0,Travel_Rarely,217,Sales,10,4,Marketing,2,Male,43,3,2,Sales Executive,3,Single,5487,10410,1,No,14,3,2,0,10,2,2,10,4,0,9,0.0,0.4,0.2,0.9,0.2,Low,1,🟠 Promotion-Stalled,0,0.022084443352557243,-1.3140189096895034
28,0,Travel_Frequently,783,Sales,1,2,Life Sciences,3,Male,42,2,2,Sales Executive,4,Married,6834,19255,1,Yes,12,3,3,1,7,2,3,7,7,0,7,0.0,1.0,0.2857142857142857,1.0,0.2857142857142857,Medium,1,🟠 Promotion-Stalled,0,1.0125963437526386,-1.7171192957766035
29,1,Travel_Frequently,746,Sales,24,3,Technical Degree,3,Male,45,4,1,Sales Representative,1,Single,1091,10642,1,No,17,3,4,0,1,3,3,1,0,0,0,0.0,0.0,3.0,0.0,1.0,Low,0,🚀 Fast-Track Performers,1,-4.4024317393452845,1.0074929875629706
39,0,Non-Travel,1251,Sales,21,4,Life Sciences,1,Female,32,1,2,Sales Executive,3,Married,5736,3987,6,No,19,3,3,1,10,1,3,3,2,1,2,0.3333333333333333,0.6666666666666666,0.3333333333333333,0.6666666666666666,0.2,Medium,1,🟠 Promotion-Stalled,0,0.23803584650058027,-1.2059996553645806
27,0,Travel_Rarely,1354,Research & Development,2,4,Technical Degree,2,Male,41,3,1,Research Scientist,2,Married,2226,6073,1,No,11,3,3,1,6,3,2,5,3,1,2,0.2,0.6,0.6,0.4,0.1666666666666666,Medium,1,🟠 Promotion-Stalled,0,-0.4561882015325022,-0.5668537919473114
34,0,Travel_Frequently,735,Research & Development,22,4,Other,3,Male,86,2,2,Research Scientist,4,Married,5747,26496,1,Yes,15,3,2,0,16,3,3,15,10,6,11,0.4,0.6666666666666666,0.2,0.7333333333333333,0.125,Medium,1,🟠 Promotion-Stalled,0,1.9353095243591922,0.43692066542628427
28,1,Travel_Rarely,1475,Sales,13,2,Marketing,4,Female,84,3,2,Sales Executive,3,Single,9854,23352,3,Yes,11,3,4,0,6,0,3,2,0,2,2,1.0,0.0,0.0,1.0,0.3333333333333333,Medium,1,🟠 Promotion-Stalled,0,0.31168474472967145,-0.5196792007659984
47,0,Non-Travel,1169,Research & Development,14,4,Technical Degree,3,Male,64,3,2,Research Scientist,2,Married,5467,2125,8,No,18,3,3,1,16,4,4,8,7,1,7,0.125,0.875,0.5,0.875,0.125,Medium,1,🟠 Promotion-Stalled,0,0.917373240191054,-0.7141920196826188
56,0,Travel_Rarely,1443,Sales,11,5,Marketing,4,Female,89,2,2,Sales Executive,1,Married,5380,20328,4,No,16,3,3,1,6,3,3,0,0,0,0,0.0,0.0,3.0,0.0,0.3333333333333333,Low,0,🚀 Fast-Track Performers,1,-3.213460075447344,0.9782316472004938
39,0,Travel_Rarely,867,Research & Development,9,2,Medical,1,Male,87,3,2,Manufacturing Director,1,Married,5151,12315,1,No,25,4,4,1,10,3,3,10,0,7,9,0.7,0.0,0.3,0.9,0.2,Medium,1,🟠 Promotion-Stalled,0,0.278333787375208,0.8518105413987094
38,0,Travel_Frequently,1394,Research & Development,8,3,Medical,4,Female,58,2,2,Research Scientist,2,Divorced,2133,18115,1,Yes,16,3,3,1,20,3,3,20,11,0,7,0.0,0.55,0.15,0.35,0.1,Medium,1,🟠 Promotion-Stalled,0,0.5802714477834581,-0.39895144781442676
58,0,Travel_Rarely,605,Sales,21,3,Life Sciences,4,Female,72,3,4,Manager,4,Married,17875,11761,4,Yes,13,3,3,1,29,2,2,1,0,0,0,0.0,0.0,2.0,0.0,0.1379310344827586,Low,0,🚀 Fast-Track Performers,1,-2.014190228629539,1.029326710889787
32,1,Travel_Frequently,238,Research & Development,5,2,Life Sciences,1,Female,47,4,1,Research Scientist,3,Single,2432,15318,3,Yes,14,3,1,0,8,2,3,4,1,0,3,0.0,0.25,0.5,0.75,0.125,Low,1,🟠 Promotion-Stalled,0,-0.8723416920963947,-1.450403172692128
38,0,Travel_Rarely,1206,Research & Development,9,2,Life Sciences,2,Male,71,3,1,Research Scientist,4,Divorced,4771,14293,2,No,19,3,4,2,10,0,4,5,2,0,3,0.0,0.4,0.0,0.6,0.1,Low,1,🟠 Promotion-Stalled,0,-0.36086385043413494,-2.1835614966607864
49,0,Travel_Frequently,1064,Research & Development,2,1,Life Sciences,2,Male,42,3,5,Research Director,4,Married,19161,13738,3,No,15,3,4,0,28,3,3,5,4,4,3,0.8,0.8,0.6,0.6,0.1785714285714285,High,1,🟠 Promotion-Stalled,0,1.6994999661055061,1.5043993694284903
42,0,Travel_Rarely,419,Sales,12,4,Marketing,2,Male,77,3,2,Sales Executive,4,Divorced,5087,2900,3,Yes,12,3,3,2,14,4,3,0,0,0,0,0.0,0.0,4.0,0.0,0.1428571428571428,Low,0,🚀 Fast-Track Performers,1,-3.392526608340336,1.4877962930000943
27,1,Travel_Frequently,1337,Human Resources,22,3,Human Resources,1,Female,58,2,1,Human Resources,2,Married,2863,19555,1,No,12,3,1,0,1,2,3,1,0,0,0,0.0,0.0,2.0,0.0,1.0,Low,0,🚀 Fast-Track Performers,1,-3.8836939662883982,0.4887211074567093
35,0,Travel_Rarely,682,Sales,18,4,Medical,2,Male,71,3,2,Sales Executive,1,Married,5561,15975,0,No,16,3,4,1,6,2,1,5,3,0,4,0.0,0.6,0.4,0.8,0.3333333333333333,Medium,1,🟠 Promotion-Stalled,0,-0.2616219746986801,-1.297978170303902
28,0,Non-Travel,1103,Research & Development,16,3,Medical,3,Male,49,3,1,Research Scientist,3,Single,2144,2122,1,No,14,3,3,0,5,3,2,5,3,1,4,0.2,0.6,0.6,0.8,0.2,Medium,1,🟠 Promotion-Stalled,0,-0.13601942758946706,-1.0102353262905202
31,0,Non-Travel,976,Research & Development,3,2,Medical,3,Male,48,3,1,Research Scientist,1,Divorced,3065,3995,1,Yes,13,3,4,1,4,3,4,4,2,2,3,0.5,0.5,0.75,0.75,0.25,Medium,1,🟠 Promotion-Stalled,0,-0.18152294355601134,-0.3875005850323525
36,0,Non-Travel,1351,Research & Development,9,4,Life Sciences,1,Male,66,4,1,Laboratory Technician,2,Married,2810,9238,1,No,22,4,2,0,5,3,3,5,4,0,2,0.0,0.8,0.6,0.4,0.2,Medium,1,🟠 Promotion-Stalled,0,-0.5131641801935614,-1.1512456571242211
34,0,Travel_Rarely,937,Sales,1,3,Marketing,1,Male,32,3,3,Sales Executive,4,Single,9888,6770,1,No,21,4,1,0,14,3,2,14,8,2,1,0.1428571428571428,0.5714285714285714,0.2142857142857142,0.0714285714285714,0.2142857142857142,Medium,1,🟠 Promotion-Stalled,0,0.29378402158039185,0.6116190485535096
34,0,Travel_Rarely,1239,Sales,13,4,Medical,4,Male,39,3,3,Sales Executive,3,Divorced,8628,22914,1,No,18,3,3,1,9,2,2,8,7,1,1,0.125,0.875,0.25,0.125,0.3333333333333333,Medium,1,🟠 Promotion-Stalled,0,0.3476983302067103,-0.0946122824648776
26,0,Travel_Rarely,157,Research & Development,1,3,Medical,3,Male,95,3,1,Laboratory Technician,1,Single,2867,20006,0,No,13,3,4,0,8,6,2,7,7,7,6,1.0,1.0,0.8571428571428571,0.8571428571428571,0.125,High,1,🟠 Promotion-Stalled,0,1.9832477849334489,1.3729231297952311
29,0,Travel_Rarely,136,Research & Development,1,3,Life Sciences,1,Male,89,3,2,Healthcare Representative,1,Married,5373,6225,0,No,12,3,1,1,6,5,2,5,3,0,2,0.0,0.6,1.0,0.4,0.3333333333333333,Medium,1,🟠 Promotion-Stalled,0,-1.1086143490034244,0.23256801747637662
32,0,Non-Travel,1146,Research & Development,15,4,Medical,3,Female,34,3,2,Healthcare Representative,4,Divorced,6667,16542,5,No,18,3,2,1,9,6,3,5,1,1,2,0.2,0.2,1.2,0.4,0.2222222222222222,Low,0,🚀 Fast-Track Performers,0,-1.559126201687997,1.0582417984386405
31,0,Travel_Frequently,1125,Research & Development,1,3,Life Sciences,4,Male,48,1,2,Research Scientist,1,Married,5003,5771,1,No,21,4,2,0,10,6,3,10,8,8,7,0.8,0.8,0.6,0.7,0.2,High,1,🟠 Promotion-Stalled,0,1.8191719076738386,1.9566036569226208
28,1,Travel_Rarely,1404,Research & Development,17,3,Technical Degree,3,Male,32,2,1,Laboratory Technician,4,Divorced,2367,18779,5,No,12,3,1,1,6,2,2,4,1,0,3,0.0,0.25,0.5,0.75,0.1666666666666666,Low,1,🟠 Promotion-Stalled,0,-0.9201824570942385,-1.4026638495746033
38,0,Travel_Rarely,1404,Sales,1,3,Life Sciences,1,Male,59,2,1,Sales Representative,1,Single,2858,11473,4,No,14,3,1,0,20,3,2,1,0,0,0,0.0,0.0,3.0,0.0,0.05,Low,0,🚀 Fast-Track Performers,1,-2.987613492834523,0.4789725952963858
35,0,Travel_Rarely,1224,Sales,7,4,Life Sciences,3,Female,55,3,2,Sales Executive,4,Married,5204,13586,1,Yes,11,3,4,0,10,2,3,10,8,0,9,0.0,0.8,0.2,0.9,0.2,Medium,1,🟠 Promotion-Stalled,0,0.9788942581728916,-1.4701096185581253
27,0,Travel_Rarely,954,Sales,9,3,Marketing,4,Male,44,3,2,Sales Executive,4,Single,4105,5099,1,No,14,3,1,0,7,5,3,7,7,0,7,0.0,1.0,0.7142857142857143,1.0,0.2857142857142857,Medium,1,🟠 Promotion-Stalled,0,0.5841140354629756,-0.7323651966432273
32,0,Travel_Rarely,1373,Research & Development,5,4,Life Sciences,4,Male,56,2,2,Manufacturing Director,4,Single,9679,10138,8,No,24,4,2,0,8,1,3,1,0,0,0,0.0,0.0,1.0,0.0,0.25,Low,0,🚀 Fast-Track Performers,1,-2.1736503915979437,-0.3160892458187191
31,1,Travel_Frequently,754,Sales,26,4,Marketing,1,Male,63,3,2,Sales Executive,4,Married,5617,21075,1,Yes,11,3,3,0,10,4,3,10,7,0,8,0.0,0.7,0.4,0.8,0.2,Medium,1,🟠 Promotion-Stalled,0,0.40535145492326397,-0.6674823515142239
53,1,Travel_Rarely,1168,Sales,24,4,Life Sciences,1,Male,66,3,3,Sales Executive,1,Single,10448,5843,6,Yes,13,3,2,0,15,2,2,2,2,2,2,1.0,1.0,1.0,1.0,0.2,High,1,🟠 Promotion-Stalled,0,1.50097171176726,-0.15943134010824495
54,0,Travel_Rarely,155,Research & Development,9,2,Life Sciences,1,Female,67,3,2,Research Scientist,3,Married,2897,22474,3,No,11,3,3,2,9,6,2,4,3,2,3,0.5,0.75,1.5,0.75,0.2222222222222222,Medium,1,🟠 Promotion-Stalled,0,-0.06607242793750513,0.8983135052801338
33,0,Travel_Frequently,1303,Research & Development,7,2,Life Sciences,4,Male,36,3,2,Healthcare Representative,3,Divorced,5968,18079,1,No,20,4,3,3,9,2,3,9,7,2,8,0.2222222222222222,0.7777777777777778,0.2222222222222222,0.8888888888888888,0.2222222222222222,Medium,1,🟠 Promotion-Stalled,0,1.1347604962433482,-1.0313911729981915
43,0,Travel_Rarely,574,Research & Development,11,3,Life Sciences,1,Male,30,3,3,Healthcare Representative,3,Married,7510,16873,1,No,17,3,2,1,10,1,3,10,9,0,9,0.0,0.9,0.1,0.9,0.3,Medium,1,🟠 Promotion-Stalled,0,1.3507850296567916,-1.4971748525898003
38,0,Travel_Frequently,1444,Human Resources,1,4,Other,4,Male,88,3,1,Human Resources,2,Married,2991,5224,0,Yes,11,3,2,1,7,2,3,6,2,1,2,0.1666666666666666,0.3333333333333333,0.3333333333333333,0.3333333333333333,0.1428571428571428,Low,1,🟠 Promotion-Stalled,0,-0.7472351659265485,-0.7238820856843339
55,0,Travel_Rarely,189,Human Resources,26,4,Human Resources,3,Male,71,4,5,Manager,2,Married,19636,25811,4,Yes,18,3,1,1,35,0,3,10,9,1,4,0.1,0.9,0.0,0.4,0.1428571428571428,Medium,1,🟠 Promotion-Stalled,0,1.814656443581573,-0.4273008141942231
31,0,Travel_Rarely,1276,Research & Development,2,1,Medical,4,Female,59,1,1,Laboratory Technician,4,Divorced,1129,17536,1,Yes,11,3,3,3,1,4,3,1,0,0,0,0.0,0.0,4.0,0.0,1.0,Low,0,🚀 Fast-Track Performers,1,-4.847825132769267,1.652999392832664
39,0,Travel_Rarely,119,Sales,15,4,Marketing,2,Male,77,3,4,Sales Executive,1,Single,13341,25098,0,No,12,3,1,0,21,3,3,20,8,11,10,0.55,0.4,0.15,0.5,0.1904761904761904,Medium,1,🟠 Promotion-Stalled,0,2.21539712060566,2.5536094445405237
42,0,Non-Travel,335,Research & Development,23,2,Life Sciences,4,Male,37,2,2,Research Scientist,3,Single,4332,14811,1,No,12,3,4,0,20,2,3,20,9,3,7,0.15,0.45,0.1,0.35,0.1,Medium,1,🟠 Promotion-Stalled,0,0.8216023144273765,-0.02724007994575059
31,0,Non-Travel,697,Research & Development,10,3,Medical,3,Female,40,3,3,Research Director,3,Married,11031,26862,4,No,20,4,3,1,13,2,4,11,7,4,8,0.3636363636363636,0.6363636363636364,0.1818181818181818,0.7272727272727273,0.2307692307692307,Medium,1,🟠 Promotion-Stalled,0,1.3731915629054692,0.062139356825908154
54,0,Travel_Rarely,157,Research & Development,10,3,Medical,3,Female,77,3,2,Manufacturing Director,1,Single,4440,25198,6,Yes,19,3,4,0,9,3,3,5,2,1,4,0.2,0.4,0.6,0.8,0.2222222222222222,Low,1,🟠 Promotion-Stalled,0,-0.34531478431169,-0.5690232693573446
24,0,Travel_Rarely,771,Research & Development,1,2,Life Sciences,2,Male,45,2,2,Healthcare Representative,3,Single,4617,14120,1,No,12,3,2,0,4,2,2,4,3,1,2,0.25,0.75,0.5,0.5,0.5,Medium,1,🟠 Promotion-Stalled,0,-0.3198962243699361,-0.5368538592238108
23,0,Travel_Rarely,571,Research & Development,12,2,Other,4,Male,78,3,1,Laboratory Technician,4,Single,2647,13672,1,No,13,3,3,0,5,6,4,5,2,1,4,0.2,0.4,1.2,0.8,0.2,Low,1,🟠 Promotion-Stalled,0,-0.9607181729961585,0.18845482282748974
40,0,Travel_Frequently,692,Research & Development,11,3,Technical Degree,4,Female,73,3,2,Laboratory Technician,3,Married,6323,26849,1,No,11,3,1,1,10,2,4,10,9,9,4,0.9,0.9,0.2,0.4,0.2,High,1,🟠 Promotion-Stalled,0,2.510546252877564,1.3039445535986973
40,0,Travel_Rarely,444,Sales,2,2,Marketing,2,Female,92,3,2,Sales Executive,2,Married,5677,4258,3,No,14,3,3,1,15,4,3,11,8,5,10,0.4545454545454545,0.7272727272727273,0.3636363636363636,0.9090909090909092,0.1333333333333333,Medium,1,🟠 Promotion-Stalled,0,1.7095323859641365,0.3726258533838273
25,0,Travel_Rarely,309,Human Resources,2,3,Human Resources,3,Female,82,3,1,Human Resources,2,Married,2187,19655,4,No,14,3,3,0,6,3,3,2,0,1,2,0.5,0.0,1.5,1.0,0.1666666666666666,Medium,1,🟠 Promotion-Stalled,0,-1.0474317280156704,-0.3215672570119695
30,0,Travel_Rarely,911,Research & Development,1,2,Medical,4,Male,76,3,1,Laboratory Technician,2,Married,3748,4077,1,No,13,3,3,0,12,6,2,12,8,1,7,0.0833333333333333,0.6666666666666666,0.5,0.5833333333333334,0.0833333333333333,Medium,1,🟠 Promotion-Stalled,0,0.2158460918103081,0.04034575202941995
25,0,Travel_Rarely,977,Research & Development,2,1,Other,4,Male,57,3,1,Laboratory Technician,3,Divorced,3977,7298,6,Yes,19,3,3,1,7,2,2,2,2,0,2,0.0,1.0,1.0,1.0,0.1428571428571428,Medium,1,🟠 Promotion-Stalled,0,0.07506524729072081,-2.216212800280556
47,0,Travel_Rarely,1180,Research & Development,25,3,Medical,1,Male,84,3,3,Healthcare Representative,3,Single,8633,13084,2,No,23,4,2,0,25,3,3,17,14,12,11,0.7058823529411765,0.8235294117647058,0.1764705882352941,0.6470588235294118,0.12,High,1,🟠 Promotion-Stalled,0,3.6256157137433904,2.047665874018064
33,0,Non-Travel,1313,Research & Development,1,2,Medical,2,Male,59,2,1,Laboratory Technician,3,Divorced,2008,20439,1,No,12,3,3,3,1,2,2,1,1,0,0,0.0,1.0,2.0,0.0,1.0,Medium,0,🚀 Fast-Track Performers,1,-2.6359632966750923,-0.31151512480486704
38,0,Travel_Rarely,1321,Sales,1,4,Life Sciences,4,Male,86,3,2,Sales Executive,2,Married,4440,7636,0,No,15,3,1,2,16,3,3,15,13,5,8,0.3333333333333333,0.8666666666666667,0.2,0.5333333333333333,0.125,Medium,1,🟠 Promotion-Stalled,0,2.1603067808707355,0.3685470304856374
31,0,Travel_Rarely,1154,Sales,2,2,Life Sciences,1,Male,54,3,1,Sales Representative,3,Married,3067,6393,0,No,19,3,3,1,3,1,3,2,2,1,2,0.5,1.0,0.5,1.0,0.3333333333333333,Medium,1,🟠 Promotion-Stalled,0,0.6097890889819895,-1.9169042131370961
38,0,Travel_Frequently,508,Research & Development,6,4,Life Sciences,1,Male,72,2,2,Manufacturing Director,3,Married,5321,14284,2,No,11,3,4,1,10,1,3,8,3,7,7,0.875,0.375,0.125,0.875,0.2,Medium,1,🟠 Promotion-Stalled,0,1.5121478932590375,0.3546136075074982
42,0,Travel_Rarely,557,Research & Development,18,4,Life Sciences,4,Male,35,3,2,Research Scientist,1,Divorced,5410,11189,6,Yes,17,3,3,1,9,3,2,4,3,1,2,0.25,0.75,0.75,0.5,0.2222222222222222,Medium,1,🟠 Promotion-Stalled,0,-0.12715332632842496,-0.39311698326790634
41,0,Travel_Rarely,642,Research & Development,1,3,Life Sciences,4,Male,76,3,1,Research Scientist,4,Married,2782,21412,3,No,22,4,1,1,12,3,3,5,3,1,0,0.2,0.6,0.6,0.0,0.0833333333333333,Medium,1,🟠 Promotion-Stalled,0,-0.7962930396364596,-0.3144067627902064
47,0,Non-Travel,1162,Research & Development,1,1,Medical,3,Female,98,3,3,Research Director,2,Married,11957,17231,0,No,18,3,1,2,14,3,1,13,8,5,12,0.3846153846153846,0.6153846153846154,0.2307692307692307,0.9230769230769232,0.2142857142857142,Medium,1,🟠 Promotion-Stalled,0,1.7311794078821154,0.40990395968532833
35,0,Travel_Rarely,1490,Research & Development,11,4,Medical,4,Male,43,3,1,Laboratory Technician,3,Married,2660,20232,7,Yes,11,3,3,1,5,3,3,2,2,2,2,1.0,1.0,1.5,1.0,0.2,High,1,🟠 Promotion-Stalled,0,0.8243617043973005,-0.40899902896623264
22,0,Travel_Rarely,581,Research & Development,1,2,Life Sciences,4,Male,63,3,1,Research Scientist,3,Single,3375,17624,0,No,12,3,4,0,4,2,4,3,2,1,2,0.3333333333333333,0.6666666666666666,0.6666666666666666,0.6666666666666666,0.25,Medium,1,🟠 Promotion-Stalled,0,-0.20768530301474777,-1.0607139039650728
35,0,Travel_Rarely,1395,Research & Development,9,4,Medical,2,Male,48,3,2,Research Scientist,3,Single,5098,18698,1,No,19,3,2,0,10,5,3,10,7,0,8,0.0,0.7,0.5,0.8,0.2,Medium,1,🟠 Promotion-Stalled,0,0.2309786205630515,-0.4357429803668474
33,0,Travel_Rarely,501,Research & Development,15,2,Medical,2,Female,95,3,2,Healthcare Representative,4,Married,4878,21653,0,Yes,13,3,1,1,10,6,3,9,7,8,1,0.8888888888888888,0.7777777777777778,0.6666666666666666,0.1111111111111111,0.2,High,1,🟠 Promotion-Stalled,0,1.2000963326924547,2.7629546986880418
32,0,Travel_Rarely,267,Research & Development,29,4,Life Sciences,3,Female,49,2,1,Laboratory Technician,2,Single,2837,15919,1,No,13,3,3,0,6,3,3,6,2,4,1,0.6666666666666666,0.3333333333333333,0.5,0.1666666666666666,0.1666666666666666,Medium,1,🟠 Promotion-Stalled,0,-0.34446219031779785,0.7346354535892516
40,0,Travel_Rarely,543,Research & Development,1,4,Life Sciences,1,Male,83,3,1,Laboratory Technician,4,Married,2406,4060,8,No,19,3,3,2,8,3,2,1,0,0,0,0.0,0.0,3.0,0.0,0.125,Low,0,🚀 Fast-Track Performers,1,-3.1310688393618213,0.4658200208710655
32,0,Travel_Rarely,234,Sales,1,4,Medical,2,Male,68,2,1,Sales Representative,2,Married,2269,18024,0,No,14,3,2,1,3,2,3,2,2,2,2,1.0,1.0,1.0,1.0,0.3333333333333333,High,1,🟠 Promotion-Stalled,0,0.8915679292263899,-0.8006517856609963
39,0,Travel_Rarely,116,Research & Development,24,1,Life Sciences,1,Male,52,3,2,Research Scientist,4,Single,4108,5340,7,No,13,3,1,0,18,2,3,7,7,1,7,0.1428571428571428,1.0,0.2857142857142857,1.0,0.1111111111111111,Medium,1,🟠 Promotion-Stalled,0,1.4961911936429275,-1.5386464500982138
38,0,Travel_Rarely,201,Research & Development,10,3,Medical,2,Female,99,1,3,Research Director,3,Married,13206,3376,3,No,12,3,1,1,20,3,3,18,16,1,11,0.0555555555555555,0.8888888888888888,0.1666666666666666,0.6111111111111112,0.15,Medium,1,🟠 Promotion-Stalled,0,2.135029325639817,-0.1345009067430207
32,0,Travel_Rarely,801,Sales,1,4,Marketing,3,Female,48,3,3,Sales Executive,4,Married,10422,24032,1,No,19,3,3,2,14,3,3,14,10,5,7,0.3571428571428571,0.7142857142857143,0.2142857142857142,0.5,0.2142857142857142,Medium,1,🟠 Promotion-Stalled,0,1.651290001300423,0.8109588277073966
37,0,Travel_Rarely,161,Research & Development,10,3,Life Sciences,3,Female,42,4,3,Research Director,4,Married,13744,15471,1,Yes,25,4,1,1,16,2,3,16,11,6,8,0.375,0.6875,0.125,0.5,0.1875,Medium,1,🟠 Promotion-Stalled,0,1.9885058298794376,0.641723715751513
25,0,Travel_Rarely,1382,Sales,8,2,Other,1,Female,85,3,2,Sales Executive,3,Divorced,4907,13684,0,Yes,22,4,2,1,6,3,2,5,3,0,4,0.0,0.6,0.6,0.8,0.3333333333333333,Medium,1,🟠 Promotion-Stalled,0,-0.46314479523232555,-1.0151440973787555
52,0,Non-Travel,585,Sales,29,4,Life Sciences,1,Male,40,3,1,Sales Representative,4,Divorced,3482,19788,2,No,15,3,2,2,16,3,2,9,8,0,0,0.0,0.8888888888888888,0.3333333333333333,0.0,0.0625,Medium,1,🟠 Promotion-Stalled,0,0.040689979888850765,-0.7288321713162869
44,0,Travel_Rarely,1037,Research & Development,1,3,Medical,2,Male,42,3,1,Research Scientist,4,Single,2436,13422,6,Yes,12,3,3,0,6,2,3,4,3,1,2,0.25,0.75,0.5,0.5,0.1666666666666666,Medium,1,🟠 Promotion-Stalled,0,-0.03397365540941485,-1.0887915706811875
21,0,Travel_Rarely,501,Sales,5,1,Medical,3,Male,58,3,1,Sales Representative,1,Single,2380,25479,1,Yes,11,3,4,0,2,6,3,2,2,1,2,0.5,1.0,3.0,1.0,0.5,Medium,1,🟠 Promotion-Stalled,0,-0.9964378662791064,0.45464397062528256
39,0,Non-Travel,105,Research & Development,9,3,Life Sciences,4,Male,87,3,5,Manager,4,Single,19431,15302,2,No,13,3,3,0,21,3,2,6,0,1,3,0.1666666666666666,0.0,0.5,0.5,0.238095238095238,Low,1,🟠 Promotion-Stalled,0,-0.6909037156260703,1.0978398417104474
23,1,Travel_Frequently,638,Sales,9,3,Marketing,4,Male,33,3,1,Sales Representative,1,Married,1790,26956,1,No,19,3,1,1,1,3,2,1,0,1,0,1.0,0.0,3.0,0.0,1.0,Medium,0,🚀 Fast-Track Performers,1,-3.4678429480992796,2.067637664391614
36,0,Travel_Rarely,557,Sales,3,3,Medical,1,Female,94,2,3,Sales Executive,4,Married,7644,12695,0,No,19,3,3,2,10,2,3,9,7,3,4,0.3333333333333333,0.7777777777777778,0.2222222222222222,0.4444444444444444,0.3,Medium,1,🟠 Promotion-Stalled,0,1.0058320071138889,0.12102602071440882
36,0,Travel_Frequently,688,Research & Development,4,2,Life Sciences,4,Female,97,3,2,Manufacturing Director,2,Divorced,5131,9192,7,No,13,3,2,3,18,3,3,4,2,0,2,0.0,0.5,0.75,0.5,0.1111111111111111,Medium,1,🟠 Promotion-Stalled,0,-0.6636273844341717,-0.6319949036044954
56,0,Non-Travel,667,Research & Development,1,4,Life Sciences,3,Male,57,3,2,Healthcare Representative,3,Divorced,6306,26236,1,No,21,4,1,1,13,2,2,13,12,1,9,0.0769230769230769,0.9230769230769232,0.1538461538461538,0.6923076923076923,0.1538461538461538,Medium,1,🟠 Promotion-Stalled,0,1.6005608429770461,-1.1294521549988596
29,1,Travel_Rarely,1092,Research & Development,1,4,Medical,1,Male,36,3,1,Research Scientist,4,Married,4787,26124,9,Yes,14,3,2,3,4,3,4,2,2,2,2,1.0,1.0,1.5,1.0,0.25,High,1,🟠 Promotion-Stalled,0,0.7309473636710077,-0.4139269717599786
42,0,Travel_Rarely,300,Research & Development,2,3,Life Sciences,1,Male,56,3,5,Manager,3,Married,18880,17312,5,No,11,3,1,0,24,2,2,22,6,4,14,0.1818181818181818,0.2727272727272727,0.0909090909090909,0.6363636363636364,0.2083333333333333,Low,1,🟠 Promotion-Stalled,0,1.1389317745021845,1.0337646619672831
56,1,Travel_Rarely,310,Research & Development,7,2,Technical Degree,4,Male,72,3,1,Laboratory Technician,3,Married,2339,3666,8,No,11,3,4,1,14,4,1,10,9,9,8,0.9,0.9,0.4,0.8,0.0714285714285714,High,1,🟠 Promotion-Stalled,0,2.6428816916451625,1.0926183456896787
41,0,Travel_Rarely,582,Research & Development,28,4,Life Sciences,1,Female,60,2,4,Manufacturing Director,2,Married,13570,5640,0,No,23,4,3,1,21,3,3,20,7,0,10,0.0,0.35,0.15,0.5,0.1904761904761904,Low,1,🟠 Promotion-Stalled,0,0.24206988522438025,0.14545562632053805
34,0,Travel_Rarely,704,Sales,28,3,Marketing,4,Female,95,2,2,Sales Executive,3,Married,6712,8978,1,No,21,4,4,2,8,2,3,8,7,1,7,0.125,0.875,0.25,0.875,0.25,Medium,1,🟠 Promotion-Stalled,0,0.9761475059874193,-1.3365118347793523
36,0,Non-Travel,301,Sales,15,4,Marketing,4,Male,88,1,2,Sales Executive,4,Divorced,5406,10436,1,No,24,4,1,1,15,4,2,15,12,11,11,0.7333333333333333,0.8,0.2666666666666666,0.7333333333333333,0.1333333333333333,High,1,🟠 Promotion-Stalled,0,3.0010419845096443,1.7295924734919976
41,0,Travel_Rarely,930,Sales,3,3,Life Sciences,3,Male,57,2,2,Sales Executive,2,Divorced,8938,12227,2,No,11,3,3,1,14,5,3,5,4,0,4,0.0,0.8,1.0,0.8,0.1428571428571428,Medium,1,🟠 Promotion-Stalled,0,-0.086355773431256,-0.42866754068739793
32,0,Travel_Rarely,529,Research & Development,2,3,Technical Degree,4,Male,78,3,1,Research Scientist,1,Single,2439,11288,1,No,14,3,4,0,4,4,3,4,2,1,2,0.25,0.5,1.0,0.5,0.25,Medium,1,🟠 Promotion-Stalled,0,-0.9363033245354156,-0.1573723665891944
35,0,Travel_Rarely,1146,Human Resources,26,4,Life Sciences,3,Female,31,3,3,Human Resources,4,Single,8837,16642,1,Yes,16,3,3,0,9,2,3,9,0,1,7,0.1111111111111111,0.0,0.2222222222222222,0.7777777777777778,0.3333333333333333,Low,1,🟠 Promotion-Stalled,0,-0.840766867826281,-0.3115892129519213
38,0,Travel_Rarely,345,Sales,10,2,Life Sciences,1,Female,100,3,2,Sales Executive,4,Married,5343,5982,1,No,11,3,3,1,10,1,3,10,7,1,9,0.1,0.7,0.1,0.9,0.2,Medium,1,🟠 Promotion-Stalled,0,1.063928595436661,-1.492355975738344
50,1,Travel_Frequently,878,Sales,1,4,Life Sciences,2,Male,94,3,2,Sales Executive,3,Divorced,6728,14255,7,No,12,3,4,2,12,3,3,6,3,0,1,0.0,0.5,0.5,0.1666666666666666,0.1666666666666666,Medium,1,🟠 Promotion-Stalled,0,-0.8399877254011503,-0.26457355381039804
36,0,Travel_Rarely,1120,Sales,11,4,Marketing,2,Female,100,2,2,Sales Executive,4,Married,6652,14369,4,No,13,3,1,1,8,2,2,6,3,0,0,0.0,0.5,0.3333333333333333,0.0,0.25,Medium,1,🟠 Promotion-Stalled,0,-0.9831162037917263,-0.3907399359351157
45,0,Travel_Rarely,374,Sales,20,3,Life Sciences,4,Female,50,3,2,Sales Executive,3,Single,4850,23333,8,No,15,3,3,0,8,3,3,5,3,0,1,0.0,0.6,0.6,0.2,0.25,Medium,1,🟠 Promotion-Stalled,0,-0.8777878935581572,-0.3410258404334104
40,0,Travel_Rarely,1322,Research & Development,2,4,Life Sciences,3,Male,52,2,1,Research Scientist,3,Single,2809,2725,2,No,14,3,4,0,8,2,3,2,2,2,2,1.0,1.0,1.0,1.0,0.125,High,1,🟠 Promotion-Stalled,0,1.1974484629727946,-0.9241351965545913
35,0,Travel_Frequently,1199,Research & Development,18,4,Life Sciences,3,Male,80,3,2,Healthcare Representative,3,Married,5689,24594,1,Yes,14,3,4,2,10,2,4,10,2,0,2,0.0,0.2,0.2,0.2,0.2,Low,1,🟠 Promotion-Stalled,0,-1.1272661336908594,-0.4686854668646314
40,0,Travel_Rarely,1194,Research & Development,2,4,Medical,3,Female,98,3,1,Research Scientist,3,Married,2001,12549,2,No,14,3,2,3,20,2,3,5,3,0,2,0.0,0.6,0.4,0.4,0.05,Medium,1,🟠 Promotion-Stalled,0,-0.4248880640554746,-1.368662303530035
35,0,Travel_Rarely,287,Research & Development,1,4,Life Sciences,3,Female,62,1,1,Research Scientist,4,Married,2977,8952,1,No,12,3,4,1,4,5,3,4,3,1,1,0.25,0.75,1.25,0.25,0.25,Medium,1,🟠 Promotion-Stalled,0,-0.9447996666142943,0.32642519633312267
29,0,Travel_Rarely,1378,Research & Development,13,2,Other,4,Male,46,2,2,Laboratory Technician,2,Married,4025,23679,4,Yes,13,3,1,1,10,2,3,4,3,0,3,0.0,0.75,0.5,0.75,0.2,Medium,1,🟠 Promotion-Stalled,0,0.03394166244927111,-1.3862484269759445
29,0,Travel_Rarely,468,Research & Development,28,4,Medical,4,Female,73,2,1,Research Scientist,1,Single,3785,8489,1,No,14,3,2,0,5,3,1,5,4,0,4,0.0,0.8,0.6,0.8,0.2,Medium,1,🟠 Promotion-Stalled,0,-0.07071014121819763,-1.4876500120469731
50,1,Travel_Rarely,410,Sales,28,3,Marketing,4,Male,39,2,3,Sales Executive,1,Divorced,10854,16586,4,Yes,13,3,2,1,20,3,3,3,2,2,0,0.6666666666666666,0.6666666666666666,1.0,0.0,0.15,High,1,🟠 Promotion-Stalled,0,-0.13199979119273744,1.1498519442870117
39,0,Travel_Rarely,722,Sales,24,1,Marketing,2,Female,60,2,4,Sales Executive,4,Married,12031,8828,0,No,11,3,1,1,21,2,2,20,9,9,6,0.45,0.45,0.1,0.3,0.1904761904761904,Medium,1,🟠 Promotion-Stalled,0,1.9930848271891772,2.0478123530969587
31,0,Non-Travel,325,Research & Development,5,3,Medical,2,Male,74,3,2,Manufacturing Director,1,Single,9936,3787,0,No,19,3,2,0,10,2,3,9,4,1,7,0.1111111111111111,0.4444444444444444,0.2222222222222222,0.7777777777777778,0.2,Medium,1,🟠 Promotion-Stalled,0,0.11836499159087585,-1.0073655589052453
26,0,Travel_Rarely,1167,Sales,5,3,Other,4,Female,30,2,1,Sales Representative,3,Single,2966,21378,0,No,18,3,4,0,5,2,3,4,2,0,0,0.0,0.5,0.5,0.0,0.2,Medium,1,🟠 Promotion-Stalled,0,-1.33559243229854,-0.8215488824781111
36,0,Travel_Frequently,884,Research & Development,23,2,Medical,3,Male,41,4,2,Laboratory Technician,4,Married,2571,12290,4,No,17,3,3,1,17,3,3,5,2,0,3,0.0,0.4,0.6,0.6,0.1176470588235294,Low,1,🟠 Promotion-Stalled,0,-0.6545024899925522,-0.7398088431939717
39,0,Travel_Rarely,613,Research & Development,6,1,Medical,4,Male,42,2,3,Healthcare Representative,1,Married,9991,21457,4,No,15,3,1,1,9,5,3,7,7,1,7,0.1428571428571428,1.0,0.7142857142857143,1.0,0.3333333333333333,Medium,1,🟠 Promotion-Stalled,0,0.9449226010574925,-0.06781245865071145
27,0,Travel_Rarely,155,Research & Development,4,3,Life Sciences,2,Male,87,4,2,Manufacturing Director,2,Married,6142,5174,1,Yes,20,4,2,1,6,0,3,6,2,0,3,0.0,0.3333333333333333,0.0,0.5,0.3333333333333333,Low,1,🟠 Promotion-Stalled,0,-0.6789858219952458,-1.539527297329106
49,0,Travel_Frequently,1023,Sales,2,3,Medical,4,Male,63,2,2,Sales Executive,2,Married,5390,13243,2,No,14,3,4,0,17,3,2,9,6,0,8,0.0,0.6666666666666666,0.3333333333333333,0.8888888888888888,0.1176470588235294,Medium,1,🟠 Promotion-Stalled,0,0.5411415780773409,-1.1687391459832026
34,0,Travel_Rarely,628,Research & Development,8,3,Medical,2,Male,82,4,2,Laboratory Technician,3,Married,4404,10228,2,No,12,3,1,0,6,3,4,4,3,1,2,0.25,0.75,0.75,0.5,0.3333333333333333,Medium,1,🟠 Promotion-Stalled,0,-0.2569512566145815,-0.269652561777641
