Age,Attrition,BusinessTravel,DailyRate,Department,DistanceFromHome,Education,EducationField,EnvironmentSatisfaction,Gender,HourlyRate,JobInvolvement,JobLevel,JobRole,JobSatisfaction,MaritalStatus,MonthlyIncome,MonthlyRate,NumCompaniesWorked,OverTime,PercentSalaryHike,PerformanceRating,RelationshipSatisfaction,StockOptionLevel,TotalWorkingYears,TrainingTimesLastYear,WorkLifeBalance,YearsAtCompany,YearsInCurrentRole,YearsSinceLastPromotion,YearsWithCurrManager,Promotion_Gap_Ratio,Role_Stagnation_Index,Training_Intensity_Score,Manager_Stability_Indicator,Career_Growth_Rate,Promotion_Gap_Score,Cluster,Cluster_Label,Cluster_Hierarchical,PCA1,PCA2
41,1,Travel_Rarely,1102,Sales,1,2,Life Sciences,2,Female,94,3,2,Sales Executive,4,Single,5993,19479,8,Yes,11,3,1,0,8,0,1,6,4,0,5,0.0,0.6666666666666666,0.0,0.8333333333333334,0.25,Medium,1,🟠 Promotion-Stalled,0,0.4461918303175367,-2.049194109971575
49,0,Travel_Frequently,279,Research & Development,8,1,Life Sciences,3,Male,61,2,2,Research Scientist,2,Married,5130,24907,1,No,23,4,4,1,10,3,3,10,7,1,7,0.1,0.7,0.3,0.7,0.2,Medium,1,🟠 Promotion-Stalled,0,0.5472972742343024,-0.768504492226987
37,1,Travel_Rarely,1373,Research & Development,2,2,Other,4,Male,92,2,1,Laboratory Technician,3,Single,2090,2396,6,Yes,15,3,2,0,7,3,3,0,0,0,0,0.0,0.0,3.0,0.0,0.1428571428571428,Low,0,🚀 Fast-Track Performers,1,-3.1306164873229267,0.5224895951109891
33,0,Travel_Frequently,1392,Research & Development,3,4,Life Sciences,4,Female,56,3,1,Research Scientist,3,Married,2909,23159,1,Yes,11,3,3,0,8,3,3,8,7,3,0,0.375,0.875,0.375,0.0,0.125,Medium,1,🟠 Promotion-Stalled,0,0.4785897084124727,0.1727434414673409
27,0,Travel_Rarely,591,Research & Development,2,1,Medical,1,Male,40,3,1,Laboratory Technician,2,Married,3468,16632,9,No,12,3,4,1,6,3,3,2,2,2,2,1.0,1.0,1.5,1.0,0.1666666666666666,High,1,🟠 Promotion-Stalled,0,0.8666349189210085,-0.4402776951786522
32,0,Travel_Frequently,1005,Research & Development,2,2,Life Sciences,4,Male,79,3,1,Laboratory Technician,4,Single,3068,11864,0,No,13,3,3,0,8,2,2,7,7,3,6,0.4285714285714285,1.0,0.2857142857142857,0.8571428571428571,0.125,Medium,1,🟠 Promotion-Stalled,0,1.6011550656226212,-1.144745956173578
59,0,Travel_Rarely,1324,Research & Development,3,3,Medical,3,Female,81,4,1,Laboratory Technician,1,Married,2670,9964,4,Yes,20,4,1,3,12,3,2,1,0,0,0,0.0,0.0,3.0,0.0,0.0833333333333333,Low,0,🚀 Fast-Track Performers,1,-3.0765604034882608,0.4296020182229471
30,0,Travel_Rarely,1358,Research & Development,24,1,Life Sciences,4,Male,67,3,1,Laboratory Technician,3,Divorced,2693,13335,1,No,22,4,2,1,1,2,3,1,0,0,0,0.0,0.0,2.0,0.0,1.0,Low,0,🚀 Fast-Track Performers,1,-3.950370675045586,0.3735079027626747
38,0,Travel_Frequently,216,Research & Development,23,3,Life Sciences,4,Male,44,2,3,Manufacturing Director,3,Single,9526,8787,0,No,21,4,2,0,10,2,3,9,7,1,8,0.1111111111111111,0.7777777777777778,0.2222222222222222,0.8888888888888888,0.3,Medium,1,🟠 Promotion-Stalled,0,1.0099233436100403,-0.9066845577683439
36,0,Travel_Rarely,1299,Research & Development,27,3,Medical,3,Male,94,3,2,Healthcare Representative,3,Married,5237,16577,6,No,13,3,2,2,17,3,2,7,7,7,7,1.0,1.0,0.4285714285714285,1.0,0.1176470588235294,High,1,🟠 Promotion-Stalled,0,2.7516456314671127,0.5620699347626911
35,0,Travel_Rarely,809,Research & Development,16,3,Medical,1,Male,84,4,1,Laboratory Technician,2,Married,2426,16479,0,No,13,3,3,1,6,5,3,5,4,0,3,0.0,0.8,1.0,0.6,0.1666666666666666,Medium,1,🟠 Promotion-Stalled,0,-0.5326915114865295,-0.5776745864984381
29,0,Travel_Rarely,153,Research & Development,15,2,Life Sciences,4,Female,49,2,2,Laboratory Technician,3,Single,4193,12682,0,Yes,12,3,4,0,10,3,3,9,5,0,8,0.0,0.5555555555555556,0.3333333333333333,0.8888888888888888,0.2,Medium,1,🟠 Promotion-Stalled,0,0.18684974026599785,-1.0399295522047605
31,0,Travel_Rarely,670,Research & Development,26,1,Life Sciences,1,Male,31,3,1,Research Scientist,3,Divorced,2911,15170,1,No,17,3,4,1,5,1,2,5,2,4,3,0.8,0.4,0.2,0.6,0.2,Medium,1,🟠 Promotion-Stalled,0,0.4701590161322439,-0.3647574454213538
34,0,Travel_Rarely,1346,Research & Development,19,2,Medical,2,Male,93,3,1,Laboratory Technician,4,Divorced,2661,8758,0,No,11,3,3,1,3,2,3,2,2,1,2,0.5,1.0,1.0,1.0,0.3333333333333333,Medium,1,🟠 Promotion-Stalled,0,0.38015767693379576,-1.388615471123443
28,1,Travel_Rarely,103,Research & Development,24,3,Life Sciences,3,Male,50,2,1,Laboratory Technician,3,Single,2028,12947,5,Yes,14,3,2,0,6,4,3,4,2,0,3,0.0,0.5,1.0,0.75,0.1666666666666666,Medium,1,🟠 Promotion-Stalled,0,-0.8939135219367494,-0.8668228665425931
29,0,Travel_Rarely,1389,Research & Development,21,4,Life Sciences,2,Female,51,4,3,Manufacturing Director,1,Divorced,9980,10195,1,No,11,3,3,1,10,1,3,10,9,8,8,0.8,0.9,0.1,0.8,0.3,High,1,🟠 Promotion-Stalled,0,2.8791494505794963,0.711096081121498
32,0,Travel_Rarely,334,Research & Development,5,2,Life Sciences,1,Male,80,4,1,Research Scientist,2,Divorced,3298,15053,0,Yes,12,3,4,2,7,5,2,6,2,0,5,0.0,0.3333333333333333,0.8333333333333334,0.8333333333333334,0.1428571428571428,Low,1,🟠 Promotion-Stalled,0,-0.9653164076213379,-0.5587093277215684
22,0,Non-Travel,1123,Research & Development,16,2,Medical,4,Male,96,4,1,Laboratory Technician,4,Divorced,2935,7324,1,Yes,13,3,2,2,1,2,2,1,0,0,0,0.0,0.0,2.0,0.0,1.0,Low,0,🚀 Fast-Track Performers,1,-3.890361637164119,0.4771997869873034
53,0,Travel_Rarely,1219,Sales,2,4,Life Sciences,1,Female,78,2,4,Manager,4,Married,15427,22021,2,No,16,3,3,0,31,3,3,25,8,3,7,0.12,0.32,0.12,0.28,0.1290322580645161,Low,1,🟠 Promotion-Stalled,0,0.7095636943362524,1.0741898935122043
38,0,Travel_Rarely,371,Research & Development,2,3,Life Sciences,4,Male,45,3,1,Research Scientist,4,Single,3944,4306,5,Yes,11,3,3,0,6,3,3,3,2,1,2,0.3333333333333333,0.6666666666666666,1.0,0.6666666666666666,0.1666666666666666,Medium,1,🟠 Promotion-Stalled,0,-0.2941626511529604,-0.7092212043262708
24,0,Non-Travel,673,Research & Development,11,2,Other,1,Female,96,4,2,Manufacturing Director,3,Divorced,4011,8232,0,No,18,3,4,1,5,5,2,4,2,1,3,0.25,0.5,1.25,0.75,0.4,Medium,1,🟠 Promotion-Stalled,0,-0.9182857465627341,0.33794336339150277
36,1,Travel_Rarely,1218,Sales,9,4,Life Sciences,3,Male,82,2,1,Sales Representative,1,Single,3407,6986,7,No,23,4,2,0,10,4,3,5,3,0,3,0.0,0.6,0.8,0.6,0.1,Medium,1,🟠 Promotion-Stalled,0,-0.6867856846099385,-0.9530816369960625
34,0,Travel_Rarely,419,Research & Development,7,4,Life Sciences,1,Female,53,3,3,Research Director,2,Single,11994,21293,0,No,11,3,3,0,13,4,3,12,6,2,11,0.1666666666666666,0.5,0.3333333333333333,0.9166666666666666,0.2307692307692307,Medium,1,🟠 Promotion-Stalled,0,0.7259686719231605,0.16998907759342194
21,0,Travel_Rarely,391,Research & Development,15,2,Life Sciences,3,Male,96,3,1,Research Scientist,4,Single,1232,19281,1,No,14,3,4,0,0,6,3,0,0,0,0,0.0,0.0,6.0,0.0,0.0,Low,0,🚀 Fast-Track Performers,1,-4.3704004207702685,2.1784720240417337
34,1,Travel_Rarely,699,Research & Development,6,1,Medical,2,Male,83,3,1,Research Scientist,1,Single,2960,17102,2,No,11,3,3,0,8,2,3,4,2,1,3,0.25,0.5,0.5,0.75,0.125,Medium,1,🟠 Promotion-Stalled,0,-0.12605765319586779,-1.1967338282129725
53,0,Travel_Rarely,1282,Research & Development,5,3,Other,3,Female,58,3,5,Manager,3,Divorced,19094,10735,4,No,11,3,4,1,26,3,2,14,13,4,8,0.2857142857142857,0.9285714285714286,0.2142857142857142,0.5714285714285714,0.1923076923076923,Medium,1,🟠 Promotion-Stalled,0,2.6450316434683687,1.2233059171651801
32,1,Travel_Frequently,1125,Research & Development,16,1,Life Sciences,2,Female,72,1,1,Research Scientist,1,Single,3919,4681,1,Yes,22,4,2,0,10,5,3,10,2,6,7,0.6,0.2,0.5,0.7,0.1,Medium,1,🟠 Promotion-Stalled,0,0.07525273111216386,0.9855182954029468
42,0,Travel_Rarely,691,Sales,8,4,Marketing,3,Male,48,3,2,Sales Executive,2,Married,6825,21173,0,No,11,3,4,1,10,2,3,9,7,4,2,0.4444444444444444,0.7777777777777778,0.2222222222222222,0.2222222222222222,0.2,Medium,1,🟠 Promotion-Stalled,0,0.9937964061603904,0.30189426198506947
44,0,Travel_Rarely,477,Research & Development,7,4,Medical,1,Female,42,2,3,Healthcare Representative,4,Married,10248,2094,3,No,14,3,4,1,24,4,3,22,6,5,17,0.2272727272727272,0.2727272727272727,0.1818181818181818,0.7727272727272727,0.125,Low,1,🟠 Promotion-Stalled,0,0.9218303513540147,0.9159374917242119
46,0,Travel_Rarely,705,Sales,2,4,Marketing,2,Female,83,3,5,Manager,1,Single,18947,22822,3,No,12,3,4,0,22,2,2,2,2,2,1,1.0,1.0,1.0,0.5,0.2272727272727272,High,1,🟠 Promotion-Stalled,0,1.388178570148883,1.1127022378263096
33,0,Travel_Rarely,924,Research & Development,2,3,Medical,3,Male,78,3,1,Laboratory Technician,4,Single,2496,6670,4,No,11,3,4,0,7,3,3,1,1,0,0,0.0,1.0,3.0,0.0,0.1428571428571428,Medium,0,🚀 Fast-Track Performers,1,-1.856215134206744,-0.23166135527298537
44,0,Travel_Rarely,1459,Research & Development,10,4,Other,4,Male,41,3,2,Healthcare Representative,4,Married,6465,19121,2,Yes,13,3,4,0,9,5,4,4,2,1,3,0.25,0.5,1.25,0.75,0.2222222222222222,Medium,1,🟠 Promotion-Stalled,0,-0.6239293367205424,0.2901774551093207
30,0,Travel_Rarely,125,Research & Development,9,2,Medical,4,Male,83,2,1,Laboratory Technician,3,Single,2206,16117,1,No,13,3,1,0,10,5,3,10,0,1,8,0.1,0.0,0.5,0.8,0.1,Low,1,🟠 Promotion-Stalled,0,-1.2268863163985524,-0.1926057656693587
39,1,Travel_Rarely,895,Sales,5,3,Technical Degree,4,Male,56,3,2,Sales Representative,4,Married,2086,3335,3,No,14,3,3,1,19,6,4,1,0,0,0,0.0,0.0,6.0,0.0,0.1052631578947368,Low,0,🚀 Fast-Track Performers,1,-4.321464300155778,2.5952278962050745
24,1,Travel_Rarely,813,Research & Development,1,3,Medical,2,Male,61,3,1,Research Scientist,4,Married,2293,3020,2,Yes,16,3,1,1,6,2,2,2,0,2,0,1.0,0.0,1.0,0.0,0.1666666666666666,Medium,0,🚀 Fast-Track Performers,0,-1.2191627057174539,0.9132368673563268
43,0,Travel_Rarely,1273,Research & Development,2,2,Medical,4,Female,72,4,1,Research Scientist,3,Divorced,2645,21923,1,No,12,3,4,2,6,3,2,5,3,1,4,0.2,0.6,0.6,0.8,0.1666666666666666,Medium,1,🟠 Promotion-Stalled,0,-0.07374320043860375,-1.0069500310946975
50,1,Travel_Rarely,869,Sales,3,2,Marketing,1,Male,86,2,1,Sales Representative,3,Married,2683,3810,1,Yes,14,3,3,0,3,2,3,3,2,0,2,0.0,0.6666666666666666,0.6666666666666666,0.6666666666666666,0.3333333333333333,Medium,1,🟠 Promotion-Stalled,0,-0.7359491671586004,-1.5033376037847994
35,0,Travel_Rarely,890,Sales,2,3,Marketing,4,Female,97,3,1,Sales Representative,4,Married,2014,9687,1,No,13,3,1,0,2,3,3,2,2,2,2,1.0,1.0,1.5,1.0,0.5,High,1,🟠 Promotion-Stalled,0,0.37055839405104174,-0.25422555821830917
36,0,Travel_Rarely,852,Research & Development,5,4,Life Sciences,2,Female,82,2,1,Research Scientist,1,Married,3419,13072,9,Yes,14,3,4,1,6,3,4,1,1,0,0,0.0,1.0,3.0,0.0,0.1666666666666666,Medium,0,🚀 Fast-Track Performers,1,-1.9111759221192033,-0.2521129268647846
33,0,Travel_Frequently,1141,Sales,1,3,Life Sciences,3,Female,42,4,2,Sales Executive,1,Married,5376,3193,2,No,19,3,1,2,10,3,3,5,3,1,3,0.2,0.6,0.6,0.6,0.2,Medium,1,🟠 Promotion-Stalled,0,-0.16042783291914062,-0.499190215270922
35,0,Travel_Rarely,464,Research & Development,4,2,Other,3,Male,75,3,1,Laboratory Technician,4,Divorced,1951,10910,1,No,12,3,3,1,1,3,3,1,0,0,0,0.0,0.0,3.0,0.0,1.0,Low,0,🚀 Fast-Track Performers,1,-4.369093384966694,1.0650995899099744
27,0,Travel_Rarely,1240,Research & Development,2,4,Life Sciences,4,Female,33,3,1,Laboratory Technician,1,Divorced,2341,19715,1,No,13,3,4,1,1,6,3,1,0,0,0,0.0,0.0,6.0,0.0,1.0,Low,0,🚀 Fast-Track Performers,1,-5.831959311877293,2.7827137168003753
26,1,Travel_Rarely,1357,Research & Development,25,3,Life Sciences,1,Male,48,1,1,Laboratory Technician,3,Single,2293,10558,1,No,12,3,3,0,1,2,2,1,0,0,1,0.0,0.0,2.0,1.0,1.0,Low,0,🚀 Fast-Track Performers,1,-2.910912286364359,-0.5827161892382493
27,0,Travel_Frequently,994,Sales,8,3,Life Sciences,4,Male,37,3,3,Sales Executive,3,Single,8726,2975,1,No,15,3,4,0,9,0,3,9,8,1,7,0.1111111111111111,0.8888888888888888,0.0,0.7777777777777778,0.3333333333333333,Medium,1,🟠 Promotion-Stalled,0,1.390675708257907,-1.4097590486764267
30,0,Travel_Frequently,721,Research & Development,1,2,Medical,3,Female,58,3,2,Laboratory Technician,4,Single,4011,10781,1,No,23,4,4,0,12,2,3,12,8,3,7,0.25,0.6666666666666666,0.1666666666666666,0.5833333333333334,0.1666666666666666,Medium,1,🟠 Promotion-Stalled,0,1.056080855099585,-0.4707590244174031
41,1,Travel_Rarely,1360,Research & Development,12,3,Technical Degree,2,Female,49,3,5,Research Director,3,Married,19545,16280,1,No,12,3,4,0,23,0,3,22,15,15,8,0.6818181818181818,0.6818181818181818,0.0,0.3636363636363636,0.217391304347826,High,1,🟠 Promotion-Stalled,0,4.28697653303648,2.925333260340157
34,0,Non-Travel,1065,Sales,23,4,Marketing,2,Male,72,3,2,Sales Executive,3,Single,4568,10034,0,No,20,4,3,0,10,2,3,9,5,8,7,0.8888888888888888,0.5555555555555556,0.2222222222222222,0.7777777777777778,0.2,Medium,1,🟠 Promotion-Stalled,0,1.8106342972671914,0.7738159758395488
37,0,Travel_Rarely,408,Research & Development,19,2,Life Sciences,2,Male,73,3,1,Research Scientist,2,Married,3022,10227,4,No,21,4,1,0,8,1,3,1,0,0,0,0.0,0.0,1.0,0.0,0.125,Low,0,🚀 Fast-Track Performers,1,-2.173605343756673,-0.7099795849742738
46,0,Travel_Frequently,1211,Sales,5,4,Marketing,1,Male,98,3,2,Sales Executive,4,Single,5772,20445,4,Yes,21,4,3,0,14,4,3,9,6,0,8,0.0,0.6666666666666666,0.4444444444444444,0.8888888888888888,0.1428571428571428,Medium,1,🟠 Promotion-Stalled,0,0.3319239298154498,-0.9074190283238014
35,0,Travel_Rarely,1229,Research & Development,8,1,Life Sciences,4,Male,36,4,1,Laboratory Technician,4,Married,2269,4892,1,No,19,3,4,0,1,2,3,1,0,0,1,0.0,0.0,2.0,1.0,1.0,Low,0,🚀 Fast-Track Performers,1,-2.957585982494389,-0.6633654325240717
48,1,Travel_Rarely,626,Research & Development,1,2,Life Sciences,1,Male,98,2,3,Laboratory Technician,3,Single,5381,19294,9,Yes,13,3,4,0,23,2,3,1,0,0,0,0.0,0.0,2.0,0.0,0.1304347826086956,Low,0,🚀 Fast-Track Performers,1,-2.206670317546455,0.6705192756606196
28,1,Travel_Rarely,1434,Research & Development,5,4,Technical Degree,3,Male,50,3,1,Laboratory Technician,3,Single,3441,11179,1,Yes,13,3,3,0,2,3,2,2,2,2,2,1.0,1.0,1.5,1.0,0.5,High,1,🟠 Promotion-Stalled,0,0.37055839405104174,-0.25422555821830917
44,0,Travel_Rarely,1488,Sales,1,5,Marketing,2,Female,75,3,2,Sales Executive,1,Divorced,5454,4009,5,Yes,21,4,3,1,9,2,2,4,3,1,3,0.25,0.75,0.5,0.75,0.2222222222222222,Medium,1,🟠 Promotion-Stalled,0,0.27113086939148107,-1.073049615480301
35,0,Non-Travel,1097,Research & Development,11,2,Medical,3,Male,79,2,3,Healthcare Representative,1,Married,9884,8302,2,Yes,13,3,3,1,10,3,3,4,0,2,3,0.5,0.0,0.75,0.75,0.3,Medium,1,🟠 Promotion-Stalled,0,-0.6542080923726231,0.697048798339898
26,0,Travel_Rarely,1443,Sales,23,3,Marketing,3,Female,47,2,2,Sales Executive,4,Married,4157,21436,7,Yes,19,3,3,1,5,2,2,2,2,0,0,0.0,1.0,1.0,0.0,0.4,Medium,1,🟠 Promotion-Stalled,0,-1.0717741206808682,-0.6379974395407486
33,0,Travel_Frequently,515,Research & Development,1,2,Life Sciences,1,Female,98,3,3,Research Director,4,Single,13458,15146,1,Yes,12,3,3,0,15,1,3,15,14,8,12,0.5333333333333333,0.9333333333333332,0.0666666666666666,0.8,0.2,Medium,1,🟠 Promotion-Stalled,0,3.4561353787951896,0.5371713521411546
35,0,Travel_Frequently,853,Sales,18,5,Life Sciences,2,Male,71,3,3,Sales Executive,1,Married,9069,11031,1,No,22,4,4,1,9,3,2,9,8,1,8,0.1111111111111111,0.8888888888888888,0.3333333333333333,0.8888888888888888,0.3333333333333333,Medium,1,🟠 Promotion-Stalled,0,1.0754993540810873,-0.6283763888298
35,0,Travel_Rarely,1142,Research & Development,23,4,Medical,3,Female,30,3,1,Laboratory Technician,1,Married,4014,16002,3,Yes,15,3,3,1,4,3,3,2,2,2,2,1.0,1.0,1.5,1.0,0.25,High,1,🟠 Promotion-Stalled,0,0.7242796927952906,-0.42544829222942515
31,0,Travel_Rarely,655,Research & Development,7,4,Life Sciences,4,Male,48,3,2,Laboratory Technician,4,Divorced,5915,9528,3,No,22,4,4,1,10,3,2,7,7,1,7,0.1428571428571428,1.0,0.4285714285714285,1.0,0.2,Medium,1,🟠 Promotion-Stalled,0,1.1672908058502551,-1.2537198323175178
37,0,Travel_Rarely,1115,Research & Development,1,4,Life Sciences,1,Male,51,2,2,Manufacturing Director,3,Divorced,5993,2689,1,No,18,3,3,1,7,2,4,7,5,0,7,0.0,0.7142857142857143,0.2857142857142857,1.0,0.2857142857142857,Medium,1,🟠 Promotion-Stalled,0,0.40766034891935793,-1.6192463058648536
32,0,Travel_Rarely,427,Research & Development,1,3,Medical,1,Male,33,3,2,Manufacturing Director,4,Married,6162,10877,1,Yes,22,4,2,1,9,3,3,9,8,7,8,0.7777777777777778,0.8888888888888888,0.3333333333333333,0.8888888888888888,0.2222222222222222,High,1,🟠 Promotion-Stalled,0,2.2799115588680663,0.5368222883712525
38,0,Travel_Frequently,653,Research & Development,29,5,Life Sciences,4,Female,50,3,2,Laboratory Technician,4,Single,2406,5456,1,No,11,3,4,0,10,2,3,10,3,9,9,0.9,0.3,0.2,0.9,0.2,Medium,1,🟠 Promotion-Stalled,0,1.591726889549815,1.0542079106664612
50,0,Travel_Rarely,989,Research & Development,7,2,Medical,2,Female,43,2,5,Research Director,3,Divorced,18740,16701,5,Yes,12,3,4,1,29,2,2,27,3,13,8,0.4814814814814814,0.1111111111111111,0.074074074074074,0.2962962962962963,0.1724137931034483,Medium,1,🟠 Promotion-Stalled,0,1.5979891044617673,3.1207643186839857
59,0,Travel_Rarely,1435,Sales,25,3,Life Sciences,1,Female,99,3,3,Sales Executive,1,Single,7637,2354,7,No,11,3,4,0,28,3,2,21,16,7,9,0.3333333333333333,0.7619047619047619,0.1428571428571428,0.4285714285714285,0.1071428571428571,Medium,1,🟠 Promotion-Stalled,0,2.8144960808715576,1.3738318470929405
36,0,Travel_Rarely,1223,Research & Development,8,3,Technical Degree,3,Female,59,3,3,Healthcare Representative,3,Divorced,10096,8202,1,No,13,3,2,3,17,2,3,17,14,12,8,0.7058823529411765,0.8235294117647058,0.1176470588235294,0.4705882352941176,0.1764705882352941,High,1,🟠 Promotion-Stalled,0,3.5420744878109423,2.07306843047746
55,0,Travel_Rarely,836,Research & Development,8,3,Medical,4,Female,33,3,4,Manager,3,Divorced,14756,19730,2,Yes,14,3,3,3,21,2,3,5,0,0,2,0.0,0.0,0.4,0.4,0.1904761904761904,Low,1,🟠 Promotion-Stalled,0,-1.0611281744708077,0.17154208274144125
36,0,Travel_Frequently,1195,Research & Development,11,3,Life Sciences,2,Male,95,2,2,Manufacturing Director,2,Single,6499,22656,1,No,13,3,3,0,6,3,3,6,5,0,3,0.0,0.8333333333333334,0.5,0.5,0.3333333333333333,Medium,1,🟠 Promotion-Stalled,0,-0.14854342234123957,-0.74127347807459
45,0,Travel_Rarely,1339,Research & Development,7,3,Life Sciences,2,Male,59,3,3,Research Scientist,1,Divorced,9724,18787,2,No,17,3,3,1,25,2,3,1,0,0,0,0.0,0.0,2.0,0.0,0.12,Low,0,🚀 Fast-Track Performers,1,-2.2180203760547266,0.6182490855504236
35,0,Travel_Frequently,664,Research & Development,1,3,Medical,2,Male,79,3,1,Research Scientist,1,Married,2194,5868,4,No,13,3,4,1,5,2,2,3,2,1,2,0.3333333333333333,0.6666666666666666,0.6666666666666666,0.6666666666666666,0.2,Medium,1,🟠 Promotion-Stalled,0,-0.14094164579132815,-1.1018712430489472
36,1,Travel_Rarely,318,Research & Development,9,3,Medical,4,Male,79,2,1,Research Scientist,3,Married,3388,21777,0,Yes,17,3,1,1,2,0,2,1,0,0,0,0.0,0.0,0.0,0.0,0.5,Low,0,🚀 Fast-Track Performers,1,-2.2121202023190336,-1.0180026459414644
59,0,Travel_Frequently,1225,Sales,1,1,Life Sciences,1,Female,57,2,2,Sales Executive,3,Single,5473,24668,7,No,11,3,4,0,20,2,2,4,3,1,3,0.25,0.75,0.5,0.75,0.1,Medium,1,🟠 Promotion-Stalled,0,0.5172574912798907,-1.0302800118438429
29,0,Travel_Rarely,1328,Research & Development,2,3,Life Sciences,3,Male,76,3,1,Research Scientist,2,Married,2703,4956,0,No,23,4,4,1,6,3,3,5,4,0,4,0.0,0.8,0.6,0.8,0.1666666666666666,Medium,1,🟠 Promotion-Stalled,0,-0.08177829370023763,-1.6110992420145813
31,0,Travel_Rarely,1082,Research & Development,1,4,Medical,3,Male,87,3,1,Research Scientist,2,Single,2501,18775,1,No,17,3,2,0,1,4,3,1,1,1,0,1.0,1.0,4.0,0.0,1.0,High,0,🚀 Fast-Track Performers,1,-2.692176355412832,1.8668225555220632
32,0,Travel_Rarely,548,Research & Development,1,3,Life Sciences,2,Male,66,3,2,Research Scientist,2,Married,6220,7346,1,No,17,3,2,2,10,3,3,10,4,0,9,0.0,0.4,0.3,0.9,0.2,Low,1,🟠 Promotion-Stalled,0,-0.11895003662906173,-1.0246729361951066
36,0,Travel_Rarely,132,Research & Development,6,3,Life Sciences,2,Female,55,4,1,Laboratory Technician,4,Married,3038,22002,3,No,12,3,2,0,5,3,3,1,0,0,0,0.0,0.0,3.0,0.0,0.2,Low,0,🚀 Fast-Track Performers,1,-3.1945121353804993,0.5909232920785839
31,0,Travel_Rarely,746,Research & Development,8,4,Life Sciences,3,Female,61,3,2,Manufacturing Director,4,Single,4424,20682,1,No,23,4,4,0,11,2,3,11,7,1,8,0.0909090909090909,0.6363636363636364,0.1818181818181818,0.7272727272727273,0.1818181818181818,Medium,1,🟠 Promotion-Stalled,0,0.6496785588010557,-1.0926759818878258
35,0,Travel_Rarely,776,Sales,1,4,Marketing,3,Male,32,2,2,Sales Executive,1,Single,4312,23016,0,No,14,3,2,0,16,2,3,15,13,2,8,0.1333333333333333,0.8666666666666667,0.1333333333333333,0.5333333333333333,0.125,Medium,1,🟠 Promotion-Stalled,0,1.7631992720353675,-0.6043586932813761
45,0,Travel_Rarely,193,Research & Development,6,4,Other,4,Male,52,3,3,Research Director,1,Married,13245,15067,4,Yes,14,3,2,0,17,3,4,0,0,0,0,0.0,0.0,3.0,0.0,0.1764705882352941,Low,0,🚀 Fast-Track Performers,1,-2.7663283997237134,1.2626627974941171
37,0,Travel_Rarely,397,Research & Development,7,4,Medical,1,Male,30,3,3,Research Director,3,Single,13664,25258,4,No,13,3,1,0,16,3,4,5,2,0,2,0.0,0.4,0.6,0.4,0.1875,Low,1,🟠 Promotion-Stalled,0,-0.7214618011086719,-0.08366858665011145
46,0,Travel_Rarely,945,Human Resources,5,2,Medical,2,Male,80,3,2,Human Resources,2,Divorced,5021,10425,8,Yes,22,4,4,1,16,2,3,4,2,0,2,0.0,0.5,0.5,0.5,0.125,Medium,1,🟠 Promotion-Stalled,0,-0.5622689986569622,-1.09344258659725
30,0,Travel_Rarely,852,Research & Development,1,1,Life Sciences,4,Male,55,2,2,Laboratory Technician,4,Married,5126,15998,1,Yes,12,3,3,2,10,1,2,10,8,3,0,0.3,0.8,0.1,0.0,0.2,Medium,1,🟠 Promotion-Stalled,0,0.8123682540928004,-0.07924757644514212
35,0,Travel_Rarely,1214,Research & Development,1,3,Medical,2,Male,30,2,1,Research Scientist,3,Single,2859,26278,1,No,18,3,1,0,6,3,3,6,4,0,4,0.0,0.6666666666666666,0.5,0.6666666666666666,0.1666666666666666,Medium,1,🟠 Promotion-Stalled,0,-0.28781127524813094,-1.3271941624742563
55,0,Travel_Rarely,111,Sales,1,2,Life Sciences,1,Male,70,3,3,Sales Executive,4,Married,10239,18092,3,No,14,3,4,1,24,4,3,1,0,1,0,1.0,0.0,4.0,0.0,0.125,Medium,0,🚀 Fast-Track Performers,0,-2.228233200596631,2.8917209314940386
38,0,Non-Travel,573,Research & Development,6,3,Medical,2,Female,79,1,2,Research Scientist,4,Divorced,5329,15717,7,Yes,12,3,4,3,17,3,3,13,11,1,9,0.0769230769230769,0.8461538461538461,0.2307692307692307,0.6923076923076923,0.1176470588235294,Medium,1,🟠 Promotion-Stalled,0,1.3938158760540897,-0.7014128943100661
34,0,Travel_Rarely,1153,Research & Development,1,2,Medical,1,Male,94,3,2,Manufacturing Director,2,Married,4325,17736,1,No,15,3,3,0,5,2,3,5,2,1,3,0.2,0.4,0.4,0.6,0.4,Low,1,🟠 Promotion-Stalled,0,-0.6127016969778881,-0.555240013253105
56,0,Travel_Rarely,1400,Research & Development,7,3,Life Sciences,4,Male,49,1,3,Manufacturing Director,4,Single,7260,21698,4,No,11,3,1,0,37,3,2,6,4,0,2,0.0,0.6666666666666666,0.5,0.3333333333333333,0.081081081081081,Medium,1,🟠 Promotion-Stalled,0,-0.03276653894572489,-0.23139896571906626
23,0,Travel_Rarely,541,Sales,2,1,Technical Degree,3,Male,62,3,1,Sales Representative,1,Divorced,2322,9518,3,No,13,3,3,1,3,3,3,0,0,0,0,0.0,0.0,3.0,0.0,0.3333333333333333,Low,0,🚀 Fast-Track Performers,1,-3.396943347853917,0.658431354581079
51,0,Travel_Rarely,432,Research & Development,9,4,Life Sciences,4,Male,96,3,1,Laboratory Technician,4,Married,2075,18725,3,No,23,4,2,2,10,4,3,4,2,0,3,0.0,0.5,1.0,0.75,0.1,Medium,1,🟠 Promotion-Stalled,0,-0.8560407890193669,-1.0100294422531713
30,0,Travel_Rarely,288,Research & Development,2,3,Life Sciences,3,Male,99,2,2,Healthcare Representative,4,Married,4152,15830,1,No,19,3,1,3,11,3,3,11,10,10,8,0.9090909090909092,0.9090909090909092,0.2727272727272727,0.7272727272727273,0.1818181818181818,High,1,🟠 Promotion-Stalled,0,2.9465751721397178,1.3652017920279258
46,1,Travel_Rarely,669,Sales,9,2,Medical,3,Male,64,2,3,Sales Executive,4,Single,9619,13596,1,No,16,3,4,0,9,3,3,9,8,4,7,0.4444444444444444,0.8888888888888888,0.3333333333333333,0.7777777777777778,0.3333333333333333,Medium,1,🟠 Promotion-Stalled,0,1.629799628588483,0.3525104976942472
40,0,Travel_Frequently,530,Research & Development,1,4,Life Sciences,3,Male,78,2,4,Healthcare Representative,2,Married,13503,14115,1,No,22,4,4,1,22,3,2,22,3,11,11,0.5,0.1363636363636363,0.1363636363636363,0.5,0.1818181818181818,Medium,1,🟠 Promotion-Stalled,0,1.2204727923289977,2.424046231444092
51,0,Travel_Rarely,632,Sales,21,4,Marketing,3,Male,71,3,2,Sales Executive,4,Single,5441,8423,0,Yes,22,4,4,0,11,2,1,10,7,1,0,0.1,0.7,0.2,0.0,0.1818181818181818,Medium,1,🟠 Promotion-Stalled,0,0.020744264917342825,-0.34166373301533376
30,0,Travel_Rarely,1334,Sales,4,2,Medical,3,Female,63,2,2,Sales Executive,2,Divorced,5209,19760,1,Yes,12,3,2,3,11,4,2,11,8,2,7,0.1818181818181818,0.7272727272727273,0.3636363636363636,0.6363636363636364,0.1818181818181818,Medium,1,🟠 Promotion-Stalled,0,0.814481954041293,-0.020256215726836682
46,0,Travel_Frequently,638,Research & Development,1,3,Medical,3,Male,40,2,3,Healthcare Representative,1,Married,10673,3142,2,Yes,13,3,3,1,21,5,2,10,9,9,5,0.9,0.9,0.5,0.5,0.1428571428571428,High,1,🟠 Promotion-Stalled,0,2.5187796227735912,2.4659825061664264
32,0,Travel_Rarely,1093,Sales,6,4,Medical,2,Male,87,3,2,Sales Executive,3,Single,5010,24301,1,No,16,3,1,0,12,0,3,11,8,5,7,0.4545454545454545,0.7272727272727273,0.0,0.6363636363636364,0.1666666666666666,Medium,1,🟠 Promotion-Stalled,0,1.851355996279169,-0.6238882602005144
54,0,Travel_Rarely,1217,Research & Development,2,4,Technical Degree,1,Female,60,3,3,Research Director,3,Married,13549,24001,9,No,12,3,1,1,16,5,1,4,3,0,3,0.0,0.75,1.25,0.75,0.1875,Medium,1,🟠 Promotion-Stalled,0,-0.2828299273418061,0.07019222135060613
24,0,Travel_Rarely,1353,Sales,3,2,Other,1,Female,33,3,2,Sales Executive,3,Married,4999,17519,0,No,21,4,1,1,4,2,2,3,2,0,2,0.0,0.6666666666666666,0.6666666666666666,0.6666666666666666,0.5,Medium,1,🟠 Promotion-Stalled,0,-0.8238410052520279,-1.1308358643281171
28,0,Non-Travel,120,Sales,4,3,Medical,2,Male,43,3,2,Sales Executive,3,Married,4221,8863,1,No,15,3,2,0,5,3,4,5,4,0,4,0.0,0.8,0.6,0.8,0.4,Medium,1,🟠 Promotion-Stalled,0,-0.16753683945673678,-1.026263004030902
58,0,Travel_Rarely,682,Sales,10,4,Medical,4,Male,37,3,4,Sales Executive,3,Single,13872,24409,0,No,13,3,3,0,38,1,2,37,10,1,8,0.027027027027027,0.2702702702702703,0.027027027027027,0.2162162162162162,0.1052631578947368,Low,1,🟠 Promotion-Stalled,0,0.7810687650592886,0.24931001833914523
44,0,Non-Travel,489,Research & Development,23,3,Medical,2,Male,67,3,2,Laboratory Technician,2,Married,2042,25043,4,No,12,3,3,1,17,3,4,3,2,1,2,0.3333333333333333,0.6666666666666666,1.0,0.6666666666666666,0.1176470588235294,Medium,1,🟠 Promotion-Stalled,0,-0.025372146701681038,-0.39543319097829926
37,1,Travel_Rarely,807,Human Resources,6,4,Human Resources,3,Male,63,3,1,Human Resources,1,Divorced,2073,23648,4,Yes,22,4,4,0,7,3,3,3,2,0,2,0.0,0.6666666666666666,1.0,0.6666666666666666,0.1428571428571428,Medium,1,🟠 Promotion-Stalled,0,-0.7251255643944157,-1.3190425425444638
32,0,Travel_Rarely,827,Research & Development,1,1,Life Sciences,4,Male,71,3,1,Research Scientist,1,Single,2956,15178,1,No,13,3,4,0,1,2,3,1,0,0,0,0.0,0.0,2.0,0.0,1.0,Low,0,🚀 Fast-Track Performers,1,-3.890361637164119,0.4771997869873034
20,1,Travel_Frequently,871,Research & Development,6,3,Life Sciences,4,Female,66,2,1,Laboratory Technician,4,Single,2926,19783,1,Yes,18,3,2,0,1,5,3,1,0,1,0,1.0,0.0,5.0,0.0,1.0,Medium,0,🚀 Fast-Track Performers,1,-4.431974114580152,3.231915949767515
34,0,Travel_Rarely,665,Research & Development,6,4,Other,1,Female,41,3,2,Research Scientist,3,Single,4809,12482,1,No,14,3,3,0,16,3,3,16,13,2,10,0.125,0.8125,0.1875,0.625,0.125,Medium,1,🟠 Promotion-Stalled,0,1.6819539574778164,-0.35390498047065494
37,0,Non-Travel,1040,Research & Development,2,2,Life Sciences,3,Male,100,2,2,Healthcare Representative,4,Divorced,5163,15850,5,No,14,3,4,1,17,2,4,1,0,0,0,0.0,0.0,2.0,0.0,0.1176470588235294,Low,0,🚀 Fast-Track Performers,1,-2.39804899772722,0.29705415676090946
59,0,Non-Travel,1420,Human Resources,2,4,Human Resources,3,Female,32,2,5,Manager,4,Married,18844,21922,9,No,21,4,4,1,30,3,3,3,2,2,2,0.6666666666666666,0.6666666666666666,1.0,0.6666666666666666,0.1666666666666666,High,1,🟠 Promotion-Stalled,0,0.8456820891186138,1.0619970303285708
50,0,Travel_Frequently,1115,Research & Development,1,3,Life Sciences,1,Female,73,3,5,Research Director,2,Married,18172,9755,3,Yes,19,3,1,0,28,1,2,8,3,0,7,0.0,0.375,0.125,0.875,0.1785714285714285,Low,1,🟠 Promotion-Stalled,0,0.5675165820808532,-0.6263956008856902
25,1,Travel_Rarely,240,Sales,5,3,Marketing,3,Male,46,2,2,Sales Executive,3,Single,5744,26959,1,Yes,11,3,4,0,6,1,3,6,4,0,3,0.0,0.6666666666666666,0.1666666666666666,0.5,0.3333333333333333,Medium,1,🟠 Promotion-Stalled,0,-0.1484426291267502,-1.300043671253914
25,0,Travel_Rarely,1280,Research & Development,7,1,Medical,4,Male,64,2,1,Research Scientist,4,Married,2889,26897,1,No,11,3,3,2,2,2,3,2,2,2,1,1.0,1.0,1.0,0.5,0.5,High,1,🟠 Promotion-Stalled,0,0.18047567489440236,-0.13158244719047524
22,0,Travel_Rarely,534,Research & Development,15,3,Medical,2,Female,59,3,1,Laboratory Technician,4,Single,2871,23785,1,No,15,3,3,0,1,5,3,0,0,0,0,0.0,0.0,5.0,0.0,1.0,Low,0,🚀 Fast-Track Performers,1,-5.359895234950437,2.183292593408301
51,0,Travel_Frequently,1456,Research & Development,1,4,Medical,1,Female,30,2,3,Healthcare Representative,1,Single,7484,25796,3,No,20,4,3,0,23,1,2,13,12,12,8,0.9230769230769232,0.9230769230769232,0.0769230769230769,0.6153846153846154,0.1304347826086956,High,1,🟠 Promotion-Stalled,0,3.8507382466077185,1.5476645343196427
34,1,Travel_Frequently,658,Research & Development,7,3,Life Sciences,1,Male,66,1,2,Laboratory Technician,3,Single,6074,22887,1,Yes,24,4,4,0,9,3,3,9,7,0,6,0.0,0.7777777777777778,0.3333333333333333,0.6666666666666666,0.2222222222222222,Medium,1,🟠 Promotion-Stalled,0,0.3514655339148087,-1.040826030738421
54,0,Non-Travel,142,Human Resources,26,3,Human Resources,4,Female,30,4,4,Manager,4,Single,17328,13871,2,Yes,12,3,3,0,23,3,3,5,3,4,4,0.8,0.6,0.6,0.8,0.1739130434782608,Medium,1,🟠 Promotion-Stalled,0,1.370596563969069,1.0988333391473102
24,0,Travel_Rarely,1127,Research & Development,18,1,Life Sciences,2,Male,52,3,1,Laboratory Technician,3,Married,2774,13257,0,No,12,3,3,1,6,2,3,5,3,1,2,0.2,0.6,0.4,0.4,0.1666666666666666,Medium,1,🟠 Promotion-Stalled,0,-0.301339077128886,-0.9303371081582748
34,0,Travel_Rarely,1031,Research & Development,6,4,Life Sciences,3,Female,45,2,2,Research Scientist,2,Divorced,4505,15000,6,No,15,3,3,1,12,3,3,1,0,0,0,0.0,0.0,3.0,0.0,0.1666666666666666,Low,0,🚀 Fast-Track Performers,1,-2.962087977574504,0.890966238955031
37,0,Travel_Rarely,1189,Sales,3,3,Life Sciences,3,Male,87,3,3,Sales Executive,4,Single,7428,14506,2,No,12,3,1,0,12,3,3,5,3,1,3,0.2,0.6,0.6,0.6,0.25,Medium,1,🟠 Promotion-Stalled,0,0.01632082014547826,-0.0345406993430063
34,0,Travel_Rarely,1354,Research & Development,5,3,Medical,3,Female,45,2,3,Manager,1,Single,11631,5615,2,No,12,3,4,0,14,6,3,11,10,5,8,0.4545454545454545,0.9090909090909092,0.5454545454545454,0.7272727272727273,0.2142857142857142,Medium,1,🟠 Promotion-Stalled,0,1.8438542828223325,1.5554173010675034
36,0,Travel_Frequently,1467,Sales,11,2,Technical Degree,2,Female,92,3,3,Sales Executive,4,Married,9738,22952,0,No,14,3,3,1,10,6,3,9,7,2,8,0.2222222222222222,0.7777777777777778,0.6666666666666666,0.8888888888888888,0.3,Medium,1,🟠 Promotion-Stalled,0,0.7619380587704845,0.7463087994516148
36,0,Travel_Rarely,922,Research & Development,3,2,Life Sciences,1,Female,39,3,1,Laboratory Technician,4,Divorced,2835,2561,5,No,22,4,1,1,7,2,3,1,0,0,0,0.0,0.0,2.0,0.0,0.1428571428571428,Low,0,🚀 Fast-Track Performers,1,-2.691890764774663,-0.13453813062810124
43,0,Travel_Frequently,394,Sales,26,2,Life Sciences,3,Male,92,3,4,Manager,4,Married,16959,19494,1,Yes,12,3,4,2,25,3,4,25,12,4,12,0.16,0.48,0.12,0.48,0.16,Medium,1,🟠 Promotion-Stalled,0,1.7000787292804165,1.1330950241998068
30,0,Travel_Frequently,1312,Research & Development,23,3,Life Sciences,1,Male,96,1,1,Research Scientist,3,Divorced,2613,22310,1,No,25,4,3,3,10,2,2,10,7,0,9,0.0,0.7,0.2,0.9,0.1,Medium,1,🟠 Promotion-Stalled,0,0.5946815365290868,-1.9973807288171073
33,0,Non-Travel,750,Sales,22,2,Marketing,3,Male,95,3,2,Sales Executive,2,Married,6146,15480,0,No,13,3,1,1,8,2,4,7,7,0,7,0.0,1.0,0.2857142857142857,1.0,0.25,Medium,1,🟠 Promotion-Stalled,0,1.0583653358048777,-1.7498092009706194
56,1,Travel_Rarely,441,Research & Development,14,4,Life Sciences,2,Female,72,3,1,Research Scientist,2,Married,4963,4510,9,Yes,18,3,1,3,7,2,3,5,4,4,3,0.8,0.8,0.4,0.6,0.1428571428571428,High,1,🟠 Promotion-Stalled,0,1.0795052715507343,-0.32075218855641535
51,0,Travel_Rarely,684,Research & Development,6,3,Life Sciences,1,Male,51,3,5,Research Director,3,Single,19537,6462,7,No,13,3,3,0,23,5,3,20,18,15,15,0.75,0.9,0.25,0.75,0.217391304347826,High,1,🟠 Promotion-Stalled,0,4.819475353457199,4.037508965040889
31,1,Travel_Rarely,249,Sales,6,4,Life Sciences,2,Male,76,1,2,Sales Executive,3,Married,6172,20739,4,Yes,18,3,2,0,12,3,2,7,7,7,7,1.0,1.0,0.4285714285714285,1.0,0.1666666666666666,High,1,🟠 Promotion-Stalled,0,2.6463353867952484,0.5335182526259318
26,0,Travel_Rarely,841,Research & Development,6,3,Other,3,Female,46,2,1,Research Scientist,2,Married,2368,23300,1,No,19,3,3,0,5,3,2,5,4,4,3,0.8,0.8,0.6,0.6,0.2,High,1,🟠 Promotion-Stalled,0,0.8274221447109529,0.0535582222751266
58,1,Travel_Rarely,147,Research & Development,23,4,Medical,4,Female,94,3,3,Healthcare Representative,4,Married,10312,3465,1,No,12,3,4,1,40,3,2,40,10,15,6,0.375,0.25,0.075,0.15,0.075,Medium,1,🟠 Promotion-Stalled,0,2.259430483677142,3.1683449005517503
19,1,Travel_Rarely,528,Sales,22,1,Marketing,4,Male,50,3,1,Sales Representative,3,Single,1675,26820,1,Yes,19,3,4,0,0,2,2,0,0,0,0,0.0,0.0,2.0,0.0,0.0,Low,0,🚀 Fast-Track Performers,1,-2.462141100435687,-0.18464850811835432
22,0,Travel_Rarely,594,Research & Development,2,1,Technical Degree,3,Male,100,3,1,Laboratory Technician,4,Married,2523,19299,0,No,14,3,3,1,3,2,3,2,1,2,1,1.0,0.5,1.0,0.5,0.3333333333333333,Medium,1,🟠 Promotion-Stalled,0,-0.27948193086837475,0.11720722567448513
49,0,Travel_Rarely,470,Research & Development,20,4,Medical,3,Female,96,3,2,Manufacturing Director,1,Married,6567,5549,1,No,14,3,3,0,16,2,2,15,11,5,11,0.3333333333333333,0.7333333333333333,0.1333333333333333,0.7333333333333333,0.125,Medium,1,🟠 Promotion-Stalled,0,2.075739964611589,-0.10919713710493997
43,0,Travel_Frequently,957,Research & Development,28,3,Medical,2,Female,72,4,1,Research Scientist,3,Single,4739,16090,4,No,12,3,4,0,18,2,3,3,2,1,2,0.3333333333333333,0.6666666666666666,0.6666666666666666,0.6666666666666666,0.0555555555555555,Medium,1,🟠 Promotion-Stalled,0,0.07780319514856462,-1.1759650874657674
50,0,Travel_Frequently,809,Sales,12,3,Marketing,3,Female,77,3,3,Sales Executive,4,Single,9208,6645,4,No,11,3,4,0,16,3,3,2,2,2,1,1.0,1.0,1.5,0.5,0.1875,High,1,🟠 Promotion-Stalled,0,0.763296266527518,0.8280391227828511
31,1,Travel_Rarely,542,Sales,20,3,Life Sciences,2,Female,71,1,2,Sales Executive,3,Married,4559,24788,3,Yes,11,3,3,1,4,2,3,2,2,2,2,1.0,1.0,1.0,1.0,0.5,High,1,🟠 Promotion-Stalled,0,0.8703527998901492,-0.3129368415103218
41,0,Travel_Rarely,802,Sales,9,1,Life Sciences,3,Male,96,3,3,Sales Executive,3,Divorced,8189,21196,3,Yes,13,3,3,1,12,2,3,9,7,0,7,0.0,0.7777777777777778,0.2222222222222222,0.7777777777777778,0.25,Medium,1,🟠 Promotion-Stalled,0,0.8211288178640396,-0.9893382158345742
26,0,Travel_Rarely,1355,Human Resources,25,1,Life Sciences,3,Female,61,3,1,Human Resources,3,Married,2942,8916,1,No,23,4,4,1,8,3,3,8,7,5,7,0.625,0.875,0.375,0.875,0.125,High,1,🟠 Promotion-Stalled,0,1.6878218555603546,-0.34895425137756164
36,0,Travel_Rarely,216,Research & Development,6,2,Medical,2,Male,84,3,2,Manufacturing Director,2,Divorced,4941,2819,6,No,20,4,4,2,7,0,3,3,2,0,1,0.0,0.6666666666666666,0.0,0.3333333333333333,0.2857142857142857,Medium,1,🟠 Promotion-Stalled,0,-0.39581945175827044,-1.667909773695112
51,1,Travel_Frequently,1150,Research & Development,8,4,Life Sciences,1,Male,53,1,3,Manufacturing Director,4,Single,10650,25150,2,No,15,3,4,0,18,2,3,4,2,0,3,0.0,0.5,0.5,0.75,0.1666666666666666,Medium,1,🟠 Promotion-Stalled,0,-0.1300897042614767,-0.901591731278817
39,0,Travel_Rarely,1329,Sales,4,4,Life Sciences,4,Female,47,2,2,Sales Executive,3,Married,5902,14590,4,No,14,3,3,1,17,1,4,15,11,5,9,0.3333333333333333,0.7333333333333333,0.0666666666666666,0.6,0.1176470588235294,Medium,1,🟠 Promotion-Stalled,0,2.0643678822118816,-0.28525631686675973
25,0,Travel_Rarely,959,Sales,28,3,Life Sciences,1,Male,41,2,2,Sales Executive,3,Married,8639,24835,2,No,18,3,4,0,6,3,3,2,2,2,2,1.0,1.0,1.5,1.0,0.3333333333333333,High,1,🟠 Promotion-Stalled,0,0.7854107517032992,-0.05625463525256673
30,0,Travel_Rarely,1240,Human Resources,9,3,Human Resources,3,Male,48,3,2,Human Resources,4,Married,6347,13982,0,Yes,19,3,4,0,12,2,1,11,9,4,7,0.3636363636363636,0.8181818181818182,0.1818181818181818,0.6363636363636364,0.1666666666666666,Medium,1,🟠 Promotion-Stalled,0,1.6299834062673404,-0.3014189307662601
32,1,Travel_Rarely,1033,Research & Development,9,3,Medical,1,Female,41,3,1,Laboratory Technician,1,Single,4200,10224,7,No,22,4,1,0,10,2,4,5,4,0,4,0.0,0.8,0.4,0.8,0.1,Medium,1,🟠 Promotion-Stalled,0,0.1842879432536648,-1.991054608772687
45,0,Travel_Rarely,1316,Research & Development,29,3,Medical,3,Male,83,3,1,Research Scientist,4,Single,3452,9752,5,No,13,3,2,0,9,2,2,6,5,0,3,0.0,0.8333333333333334,0.3333333333333333,0.5,0.1111111111111111,Medium,1,🟠 Promotion-Stalled,0,0.12226454792557723,-1.5699646791839577
38,0,Travel_Rarely,364,Research & Development,3,5,Technical Degree,4,Female,32,3,2,Research Scientist,3,Single,4317,2302,3,Yes,20,4,2,0,19,2,3,3,2,2,2,0.6666666666666666,0.6666666666666666,0.6666666666666666,0.6666666666666666,0.1052631578947368,High,1,🟠 Promotion-Stalled,0,0.5475423999835356,-0.4153342653909289
30,0,Travel_Rarely,438,Research & Development,18,3,Life Sciences,1,Female,75,3,1,Research Scientist,3,Single,2632,23910,1,No,14,3,3,0,5,4,2,5,4,0,4,0.0,0.8,0.8,0.8,0.2,Medium,1,🟠 Promotion-Stalled,0,-0.23222693649753012,-1.1356880163054177
32,0,Travel_Frequently,689,Sales,9,2,Medical,4,Male,35,1,2,Sales Executive,4,Divorced,4668,22812,0,No,17,3,4,3,9,2,4,8,7,0,7,0.0,0.875,0.25,0.875,0.2222222222222222,Medium,1,🟠 Promotion-Stalled,0,0.8245721467949984,-1.5839239013855617
30,0,Travel_Rarely,201,Research & Development,5,3,Technical Degree,4,Female,84,3,1,Research Scientist,1,Divorced,3204,10415,5,No,14,3,4,1,8,3,3,3,2,2,2,0.6666666666666666,0.6666666666666666,1.0,0.6666666666666666,0.125,High,1,🟠 Promotion-Stalled,0,0.13958675186301944,-0.299507424674851
30,0,Travel_Rarely,1427,Research & Development,2,1,Medical,2,Male,35,2,1,Laboratory Technician,4,Single,2720,11162,0,No,13,3,4,0,6,3,3,5,3,1,2,0.2,0.6,0.6,0.4,0.1666666666666666,Medium,1,🟠 Promotion-Stalled,0,-0.46952354328393897,-0.5898964328861179
41,0,Travel_Frequently,857,Research & Development,10,3,Life Sciences,4,Male,91,2,4,Manager,1,Divorced,17181,12888,4,No,13,3,2,1,21,2,2,7,6,7,7,1.0,0.8571428571428571,0.2857142857142857,1.0,0.1904761904761904,High,1,🟠 Promotion-Stalled,0,2.907605873345913,1.0615339625179805
41,0,Travel_Rarely,933,Research & Development,9,4,Life Sciences,3,Male,94,3,1,Laboratory Technician,1,Married,2238,6961,2,No,21,4,4,1,7,2,3,5,0,1,4,0.2,0.0,0.4,0.8,0.1428571428571428,Low,1,🟠 Promotion-Stalled,0,-0.9777257590886551,-1.0828677766055463
19,0,Travel_Rarely,1181,Research & Development,3,1,Medical,2,Female,79,3,1,Laboratory Technician,2,Single,1483,16102,1,No,14,3,4,0,1,3,3,1,0,0,0,0.0,0.0,3.0,0.0,1.0,Low,0,🚀 Fast-Track Performers,1,-4.382428726718131,1.0420569489711682
40,0,Travel_Frequently,1395,Research & Development,26,3,Medical,2,Female,54,3,2,Research Scientist,2,Divorced,5605,8504,1,No,11,3,1,1,20,2,3,20,7,2,13,0.1,0.35,0.1,0.65,0.1,Low,1,🟠 Promotion-Stalled,0,0.6077619344299993,-0.5333757302645945
35,0,Travel_Rarely,662,Sales,1,5,Marketing,3,Male,94,3,3,Sales Executive,2,Married,7295,11439,1,No,13,3,1,2,10,3,3,10,8,0,6,0.0,0.8,0.3,0.6,0.3,Medium,1,🟠 Promotion-Stalled,0,0.609356573925231,-0.434174844329283
53,0,Travel_Rarely,1436,Sales,6,2,Marketing,2,Male,34,3,2,Sales Representative,3,Married,2306,16047,2,Yes,20,4,4,1,13,3,1,7,7,4,5,0.5714285714285714,1.0,0.4285714285714285,0.7142857142857143,0.1538461538461538,Medium,1,🟠 Promotion-Stalled,0,1.672169333648341,-0.07145349993634922
45,0,Travel_Rarely,194,Research & Development,9,3,Life Sciences,2,Male,60,3,2,Laboratory Technician,2,Divorced,2348,10901,8,No,18,3,3,1,20,2,1,17,9,0,15,0.0,0.5294117647058824,0.1176470588235294,0.8823529411764706,0.1,Medium,1,🟠 Promotion-Stalled,0,0.9120835837021309,-1.3520057260473834
32,0,Travel_Frequently,967,Sales,8,3,Marketing,2,Female,43,3,3,Sales Executive,4,Single,8998,15589,1,No,14,3,4,0,9,2,3,9,8,3,7,0.3333333333333333,0.8888888888888888,0.2222222222222222,0.7777777777777778,0.3333333333333333,Medium,1,🟠 Promotion-Stalled,0,1.5612044399378218,-0.2157104836469721
29,0,Non-Travel,1496,Research & Development,1,1,Technical Degree,4,Male,41,3,2,Manufacturing Director,3,Married,4319,26283,1,No,13,3,1,1,10,1,3,10,7,0,9,0.0,0.7,0.1,0.9,0.2,Medium,1,🟠 Promotion-Stalled,0,0.8523886832276257,-1.76939852683031
51,0,Travel_Rarely,1169,Research & Development,7,4,Medical,2,Male,34,2,2,Manufacturing Director,3,Married,6132,13983,2,No,17,3,3,0,10,2,3,1,0,0,0,0.0,0.0,2.0,0.0,0.2,Low,0,🚀 Fast-Track Performers,1,-2.538964786047072,0.31130246130593137
58,0,Travel_Rarely,1145,Research & Development,9,3,Medical,2,Female,75,2,1,Research Scientist,2,Married,3346,11873,4,Yes,20,4,2,1,9,3,2,1,0,0,0,0.0,0.0,3.0,0.0,0.1111111111111111,Low,0,🚀 Fast-Track Performers,1,-3.1173444746544483,0.44606647300875923
40,0,Travel_Rarely,630,Sales,4,4,Marketing,3,Male,67,2,3,Sales Executive,4,Married,10855,8552,7,No,11,3,1,1,15,2,2,12,11,2,11,0.1666666666666666,0.9166666666666666,0.1666666666666666,0.9166666666666666,0.2,Medium,1,🟠 Promotion-Stalled,0,2.076875927059007,-0.6553533481491569
34,0,Travel_Frequently,303,Sales,2,4,Marketing,3,Female,75,3,1,Sales Representative,3,Married,2231,11314,6,No,18,3,4,1,6,3,3,4,3,1,2,0.25,0.75,0.75,0.5,0.1666666666666666,Medium,1,🟠 Promotion-Stalled,0,-0.2557391399054946,-0.7919314673365668
22,0,Travel_Rarely,1256,Research & Development,19,1,Medical,3,Male,80,3,1,Research Scientist,4,Married,2323,11992,1,No,24,4,1,2,2,6,3,2,2,2,2,1.0,1.0,3.0,1.0,0.5,High,1,🟠 Promotion-Stalled,0,-0.5517043227436945,0.9273944513936073
27,0,Non-Travel,691,Research & Development,9,3,Medical,4,Male,57,3,1,Research Scientist,2,Divorced,2024,5970,6,No,18,3,4,1,6,1,1,2,2,2,2,1.0,1.0,0.5,1.0,0.1666666666666666,High,1,🟠 Promotion-Stalled,0,1.3925744517745857,-1.3816419745119726
28,0,Travel_Rarely,440,Research & Development,21,3,Medical,3,Male,42,3,1,Research Scientist,4,Married,2713,6672,1,No,11,3,3,1,5,2,1,5,2,0,2,0.0,0.4,0.4,0.4,0.2,Low,1,🟠 Promotion-Stalled,0,-0.971935066170137,-1.1139074448545125
57,0,Travel_Rarely,334,Research & Development,24,2,Life Sciences,3,Male,83,4,3,Healthcare Representative,4,Divorced,9439,23402,3,Yes,16,3,2,1,12,2,1,5,3,1,4,0.2,0.6,0.4,0.8,0.25,Medium,1,🟠 Promotion-Stalled,0,0.3457232679067469,-0.6468754363011705
27,0,Non-Travel,1450,Research & Development,3,3,Medical,3,Male,79,2,1,Research Scientist,3,Divorced,2566,25326,1,Yes,15,3,4,1,1,2,2,1,1,0,1,0.0,1.0,2.0,1.0,1.0,Medium,1,🟠 Promotion-Stalled,0,-1.6831846293782065,-1.4175163829080462
50,0,Travel_Rarely,1452,Research & Development,11,3,Life Sciences,3,Female,53,3,5,Manager,2,Single,19926,17053,3,No,15,3,2,0,21,5,3,5,4,4,4,0.8,0.8,1.0,0.8,0.238095238095238,High,1,🟠 Promotion-Stalled,0,1.4836282733183865,2.0293168761136506
41,0,Travel_Rarely,465,Research & Development,14,3,Life Sciences,1,Male,56,3,1,Research Scientist,3,Divorced,2451,4609,4,No,12,3,1,1,13,2,3,9,8,1,8,0.1111111111111111,0.8888888888888888,0.2222222222222222,0.8888888888888888,0.0769230769230769,Medium,1,🟠 Promotion-Stalled,0,1.2372016791210596,-1.7008981053806675
30,0,Travel_Rarely,1339,Sales,5,3,Life Sciences,2,Female,41,3,3,Sales Executive,4,Married,9419,8053,2,No,12,3,3,1,12,2,3,10,9,7,4,0.7,0.9,0.2,0.4,0.25,High,1,🟠 Promotion-Stalled,0,2.2375443980212344,1.168423685465041
38,0,Travel_Rarely,702,Sales,1,4,Life Sciences,1,Female,59,2,2,Sales Executive,4,Single,8686,12930,4,No,22,4,3,0,12,2,4,8,3,0,7,0.0,0.375,0.25,0.875,0.1666666666666666,Low,1,🟠 Promotion-Stalled,0,-0.17661919734051146,-1.4001855691726617
32,0,Travel_Rarely,120,Research & Development,6,5,Life Sciences,3,Male,43,3,1,Research Scientist,3,Single,3038,12430,3,No,20,4,1,0,8,2,3,5,4,1,4,0.2,0.8,0.4,0.8,0.125,Medium,1,🟠 Promotion-Stalled,0,0.4424243650286707,-1.6070621141941177
27,0,Travel_Rarely,1157,Research & Development,17,3,Technical Degree,3,Male,51,3,1,Research Scientist,2,Married,3058,13364,0,Yes,16,3,4,1,6,3,2,5,2,1,1,0.2,0.4,0.6,0.2,0.1666666666666666,Low,1,🟠 Promotion-Stalled,0,-1.0308989223403102,-0.2788900935314197
19,1,Travel_Frequently,602,Sales,1,1,Technical Degree,3,Female,100,1,1,Sales Representative,1,Single,2325,20989,0,No,21,4,1,0,1,5,4,0,0,0,0,0.0,0.0,5.0,0.0,1.0,Low,0,🚀 Fast-Track Performers,1,-5.399901260204748,2.114164670591882
36,0,Travel_Frequently,1480,Research & Development,3,2,Medical,4,Male,30,3,1,Laboratory Technician,2,Single,2088,15062,4,No,12,3,3,0,13,3,2,8,7,7,2,0.875,0.875,0.375,0.25,0.0769230769230769,High,1,🟠 Promotion-Stalled,0,1.6618257284436404,0.9729981998715684
30,0,Non-Travel,111,Research & Development,9,3,Medical,3,Male,66,3,2,Laboratory Technician,1,Divorced,3072,11012,1,No,11,3,3,2,12,4,3,12,9,6,10,0.5,0.75,0.3333333333333333,0.8333333333333334,0.1666666666666666,Medium,1,🟠 Promotion-Stalled,0,1.919115770319218,0.7203133046769769
45,0,Travel_Rarely,1268,Sales,4,2,Life Sciences,3,Female,30,3,2,Sales Executive,1,Divorced,5006,6319,4,Yes,11,3,1,1,9,3,4,5,4,0,3,0.0,0.8,0.6,0.6,0.2222222222222222,Medium,1,🟠 Promotion-Stalled,0,-0.07440443647507199,-0.8712627734434959
56,0,Travel_Rarely,713,Research & Development,8,3,Life Sciences,3,Female,67,3,1,Research Scientist,1,Divorced,4257,13939,4,Yes,18,3,3,1,19,3,3,2,2,2,2,1.0,1.0,1.5,1.0,0.0526315789473684,High,1,🟠 Promotion-Stalled,0,0.9940582384542029,-0.5769965376420898
33,0,Travel_Rarely,134,Research & Development,2,3,Life Sciences,3,Male,90,3,1,Research Scientist,4,Single,2500,10515,0,No,14,3,1,0,4,2,4,3,1,0,2,0.0,0.3333333333333333,0.6666666666666666,0.6666666666666666,0.25,Low,1,🟠 Promotion-Stalled,0,-1.1105654239659293,-1.309955894912041
19,1,Travel_Rarely,303,Research & Development,2,3,Life Sciences,2,Male,47,2,1,Laboratory Technician,4,Single,1102,9241,1,No,22,4,3,0,1,3,2,1,0,1,0,1.0,0.0,3.0,0.0,1.0,Medium,0,🚀 Fast-Track Performers,1,-3.4878459607264394,2.0330737029833665
46,0,Travel_Rarely,526,Sales,1,2,Marketing,2,Female,92,3,3,Sales Executive,1,Divorced,10453,2137,1,No,25,4,3,3,24,2,3,24,13,15,7,0.625,0.5416666666666666,0.0833333333333333,0.2916666666666667,0.125,Medium,1,🟠 Promotion-Stalled,0,3.2157985424778115,2.697203697600472
38,0,Travel_Rarely,1380,Research & Development,9,2,Life Sciences,3,Female,75,3,1,Laboratory Technician,4,Single,2288,6319,1,No,12,3,3,0,2,3,3,2,2,2,1,1.0,1.0,1.5,0.5,0.5,High,1,🟠 Promotion-Stalled,0,-0.10916477503526024,0.2930144105985721
31,0,Travel_Rarely,140,Research & Development,12,1,Medical,3,Female,95,3,1,Research Scientist,4,Married,3929,6984,8,Yes,23,4,3,1,7,0,3,4,2,0,2,0.0,0.5,0.0,0.5,0.1428571428571428,Medium,1,🟠 Promotion-Stalled,0,-0.4351223675468458,-2.180719921054061
34,0,Travel_Rarely,629,Research & Development,27,2,Medical,4,Female,95,3,1,Research Scientist,2,Single,2311,5711,2,No,15,3,4,0,9,3,3,3,2,1,2,0.3333333333333333,0.6666666666666666,1.0,0.6666666666666666,0.1111111111111111,Medium,1,🟠 Promotion-Stalled,0,-0.23926519232346005,-0.7882353957755079
41,1,Travel_Rarely,1356,Sales,20,2,Marketing,2,Female,70,3,1,Sales Representative,2,Single,3140,21728,1,Yes,22,4,4,0,4,5,2,4,3,0,2,0.0,0.75,1.25,0.5,0.25,Medium,1,🟠 Promotion-Stalled,0,-1.091438786271376,-0.4488451439568723
50,0,Travel_Rarely,328,Research & Development,1,3,Medical,3,Male,86,2,1,Laboratory Technician,3,Married,3690,3425,2,No,15,3,4,1,5,2,2,3,2,0,2,0.0,0.6666666666666666,0.6666666666666666,0.6666666666666666,0.2,Medium,1,🟠 Promotion-Stalled,0,-0.5468532964366198,-1.5938883072261012
53,0,Travel_Rarely,1084,Research & Development,13,2,Medical,4,Female,57,4,2,Manufacturing Director,1,Divorced,4450,26250,1,No,11,3,3,2,5,3,3,4,2,1,3,0.25,0.5,0.75,0.75,0.4,Medium,1,🟠 Promotion-Stalled,0,-0.5080931319491655,-0.31338344564475845
33,0,Travel_Rarely,931,Research & Development,14,3,Medical,4,Female,72,3,1,Research Scientist,2,Married,2756,4673,1,No,13,3,4,1,8,5,3,8,7,1,6,0.125,0.875,0.625,0.75,0.125,Medium,1,🟠 Promotion-Stalled,0,0.4944748002097348,-0.5460970591640302
40,0,Travel_Rarely,989,Research & Development,4,1,Medical,4,Female,46,3,5,Manager,3,Married,19033,6499,1,No,14,3,2,1,21,2,3,20,8,9,9,0.45,0.4,0.1,0.45,0.238095238095238,Medium,1,🟠 Promotion-Stalled,0,2.0746752654135068,2.240975911486839
55,0,Travel_Rarely,692,Research & Development,14,4,Medical,3,Male,61,4,5,Research Director,2,Single,18722,13339,8,No,11,3,4,0,36,3,3,24,15,2,15,0.0833333333333333,0.625,0.125,0.625,0.1388888888888889,Medium,1,🟠 Promotion-Stalled,0,2.3146407533187796,0.9247600900295168
34,0,Travel_Frequently,1069,Research & Development,2,1,Life Sciences,4,Male,45,2,2,Manufacturing Director,3,Married,9547,14074,1,No,17,3,3,0,10,2,2,10,9,1,9,0.1,0.9,0.2,0.9,0.2,Medium,1,🟠 Promotion-Stalled,0,1.3712945039244764,-1.3329012987905713
51,0,Travel_Rarely,313,Research & Development,3,3,Medical,4,Female,98,3,4,Healthcare Representative,2,Single,13734,7192,3,No,18,3,3,0,21,6,3,7,7,1,0,0.1428571428571428,1.0,0.8571428571428571,0.0,0.1904761904761904,Medium,1,🟠 Promotion-Stalled,0,0.22698852307243525,1.5746830384559207
52,0,Travel_Rarely,699,Research & Development,1,4,Life Sciences,3,Male,65,2,5,Manager,3,Married,19999,5678,0,No,14,3,1,1,34,5,3,33,18,11,9,0.3333333333333333,0.5454545454545454,0.1515151515151515,0.2727272727272727,0.1470588235294117,Medium,1,🟠 Promotion-Stalled,0,3.2856904822898496,3.7331539384923795
27,0,Travel_Rarely,894,Research & Development,9,3,Medical,4,Female,99,3,1,Research Scientist,2,Single,2279,11781,1,No,16,3,4,0,7,2,2,7,7,0,3,0.0,1.0,0.2857142857142857,0.4285714285714285,0.1428571428571428,Medium,1,🟠 Promotion-Stalled,0,0.43631078125698025,-1.5899932867546183
35,1,Travel_Rarely,556,Research & Development,23,2,Life Sciences,2,Male,50,2,2,Manufacturing Director,3,Married,5916,15497,3,Yes,13,3,1,0,8,1,3,1,0,0,1,0.0,0.0,1.0,1.0,0.25,Low,1,🟠 Promotion-Stalled,0,-1.1275243320410002,-1.2607920173502178
43,0,Non-Travel,1344,Research & Development,7,3,Medical,4,Male,37,4,1,Research Scientist,4,Divorced,2089,5228,4,No,14,3,4,3,7,3,4,5,4,2,2,0.4,0.8,0.6,0.4,0.1428571428571428,Medium,1,🟠 Promotion-Stalled,0,0.18708933564319086,-0.40068114026331597
45,0,Non-Travel,1195,Research & Development,2,2,Medical,1,Male,65,2,4,Manager,4,Married,16792,20462,9,No,23,4,4,1,22,1,3,20,8,11,8,0.55,0.4,0.05,0.4,0.1818181818181818,Medium,1,🟠 Promotion-Stalled,0,2.2590640980499743,1.9091190619653131
37,0,Travel_Rarely,290,Research & Development,21,3,Life Sciences,2,Male,65,4,1,Research Scientist,1,Married,3564,22977,1,Yes,12,3,1,1,8,3,2,8,7,1,7,0.125,0.875,0.375,0.875,0.125,Medium,1,🟠 Promotion-Stalled,0,0.8850457797473223,-1.3303513010061714
35,0,Travel_Frequently,138,Research & Development,2,3,Medical,2,Female,37,3,2,Laboratory Technician,2,Single,4425,15986,5,No,11,3,4,0,10,5,3,6,2,1,2,0.1666666666666666,0.3333333333333333,0.8333333333333334,0.3333333333333333,0.2,Low,1,🟠 Promotion-Stalled,0,-1.0717125994906842,0.692185830288408
42,0,Non-Travel,926,Research & Development,21,2,Medical,3,Female,36,3,2,Manufacturing Director,3,Divorced,5265,16439,2,No,16,3,2,1,11,5,3,5,3,0,2,0.0,0.6,1.0,0.4,0.1818181818181818,Medium,1,🟠 Promotion-Stalled,0,-0.9128264625089132,0.09667661858524382
38,0,Travel_Rarely,1261,Research & Development,2,4,Life Sciences,4,Male,88,3,2,Manufacturing Director,3,Married,6553,7259,9,No,14,3,2,0,14,3,3,1,0,0,0,0.0,0.0,3.0,0.0,0.1428571428571428,Low,0,🚀 Fast-Track Performers,1,-2.9204625314134818,0.8883751696080239
38,0,Travel_Rarely,1084,Research & Development,29,3,Technical Degree,4,Male,54,3,2,Manufacturing Director,4,Married,6261,4185,3,No,18,3,1,1,9,3,1,7,7,1,7,0.1428571428571428,1.0,0.4285714285714285,1.0,0.2222222222222222,Medium,1,🟠 Promotion-Stalled,0,1.1613342324201794,-1.1944629866112555
27,0,Travel_Frequently,472,Research & Development,1,1,Technical Degree,3,Male,60,2,2,Manufacturing Director,1,Married,4298,9679,5,No,19,3,3,1,6,1,3,2,2,2,0,1.0,1.0,0.5,0.0,0.3333333333333333,High,1,🟠 Promotion-Stalled,0,0.3719069590114276,0.13142498445608497
49,0,Non-Travel,1002,Research & Development,18,4,Life Sciences,4,Male,92,3,2,Manufacturing Director,4,Divorced,6804,23793,1,Yes,15,3,1,2,7,0,3,7,7,1,7,0.1428571428571428,1.0,0.0,1.0,0.2857142857142857,Medium,1,🟠 Promotion-Stalled,0,1.5032634774914184,-2.1300627257647897
34,0,Travel_Frequently,878,Research & Development,10,4,Medical,4,Male,43,3,1,Research Scientist,3,Divorced,3815,5972,1,Yes,17,3,4,1,5,4,4,5,3,2,0,0.4,0.6,0.8,0.0,0.2,Medium,1,🟠 Promotion-Stalled,0,-0.8142578353620517,0.5104443897313189
40,0,Travel_Rarely,905,Research & Development,19,2,Medical,3,Male,99,3,2,Laboratory Technician,4,Married,2741,16523,8,Yes,15,3,3,1,15,2,4,7,2,3,7,0.4285714285714285,0.2857142857142857,0.2857142857142857,1.0,0.1333333333333333,Medium,1,🟠 Promotion-Stalled,0,0.5057146750253448,-0.5440451957850162
38,1,Travel_Rarely,1180,Research & Development,29,1,Medical,2,Male,70,3,2,Healthcare Representative,1,Married,6673,11354,7,Yes,19,3,2,0,17,2,3,1,0,0,0,0.0,0.0,2.0,0.0,0.1176470588235294,Low,0,🚀 Fast-Track Performers,1,-2.431387352105813,0.2394475544138934
29,1,Travel_Rarely,121,Sales,27,3,Marketing,2,Female,35,3,3,Sales Executive,4,Married,7639,24525,1,No,22,4,4,3,10,3,2,10,4,1,9,0.1,0.4,0.3,0.9,0.3,Low,1,🟠 Promotion-Stalled,0,0.10257980828539698,-0.4146433371323965
22,0,Travel_Rarely,1136,Research & Development,5,3,Life Sciences,4,Male,60,4,1,Research Scientist,2,Divorced,2328,12392,1,Yes,16,3,1,1,4,2,2,4,2,2,2,0.5,0.5,0.5,0.5,0.25,Medium,1,🟠 Promotion-Stalled,0,-0.2629619169224075,-0.5201932484278815
36,0,Travel_Frequently,635,Research & Development,18,1,Medical,2,Female,73,3,1,Laboratory Technician,4,Single,2153,7703,1,No,13,3,1,0,8,2,3,8,1,1,7,0.125,0.125,0.25,0.875,0.125,Low,1,🟠 Promotion-Stalled,0,-0.5646007899266519,-1.2613848053906016
40,0,Non-Travel,1151,Research & Development,9,5,Life Sciences,4,Male,63,2,2,Healthcare Representative,4,Married,4876,14242,9,No,14,3,4,1,5,5,1,3,2,0,2,0.0,0.6666666666666666,1.6666666666666667,0.6666666666666666,0.4,Medium,1,🟠 Promotion-Stalled,0,-1.2768363504612068,0.05863557230931552
46,0,Travel_Rarely,644,Research & Development,1,4,Medical,4,Male,97,3,3,Healthcare Representative,1,Divorced,9396,12368,7,No,16,3,3,1,17,3,3,4,2,0,3,0.0,0.5,0.75,0.75,0.1764705882352941,Medium,1,🟠 Promotion-Stalled,0,-0.33291121243761906,-0.541314041545127
32,1,Travel_Rarely,1045,Sales,4,4,Medical,4,Male,32,1,3,Sales Executive,4,Married,10400,25812,1,No,11,3,3,0,14,2,2,14,8,9,8,0.6428571428571429,0.5714285714285714,0.1428571428571428,0.5714285714285714,0.2142857142857142,Medium,1,🟠 Promotion-Stalled,0,2.1771434470762188,1.468954047236383
30,0,Non-Travel,829,Research & Development,1,1,Life Sciences,3,Male,88,2,3,Manufacturing Director,3,Single,8474,20925,1,No,22,4,3,0,12,2,3,11,8,5,8,0.4545454545454545,0.7272727272727273,0.1818181818181818,0.7272727272727273,0.25,Medium,1,🟠 Promotion-Stalled,0,1.7462167747396184,0.2560575398667018
27,0,Travel_Frequently,1242,Sales,20,3,Life Sciences,4,Female,90,3,2,Sales Executive,3,Single,9981,12916,1,No,14,3,4,0,7,2,3,7,7,0,7,0.0,1.0,0.2857142857142857,1.0,0.2857142857142857,Medium,1,🟠 Promotion-Stalled,0,0.9992610020012038,-1.740161936715407
51,0,Travel_Rarely,1469,Research & Development,8,4,Life Sciences,2,Male,81,2,3,Research Director,2,Married,12490,15736,5,No,16,3,4,2,16,5,1,10,9,4,7,0.4,0.9,0.5,0.7,0.1875,Medium,1,🟠 Promotion-Stalled,0,1.636764265183302,0.9735922655591411
30,1,Travel_Rarely,1005,Research & Development,3,3,Technical Degree,4,Female,88,3,1,Research Scientist,1,Single,2657,8556,5,Yes,11,3,3,0,8,5,3,5,2,0,4,0.0,0.4,1.0,0.8,0.125,Low,1,🟠 Promotion-Stalled,0,-0.9572557878898179,-0.5310504042295079
41,0,Travel_Rarely,896,Sales,6,3,Life Sciences,4,Female,75,3,3,Manager,4,Single,13591,14674,3,Yes,18,3,3,0,16,3,3,1,0,0,0,0.0,0.0,3.0,0.0,0.1875,Low,0,🚀 Fast-Track Performers,1,-2.809192758542574,1.2231148726638121
30,1,Travel_Frequently,334,Sales,26,4,Marketing,3,Female,52,2,2,Sales Executive,1,Single,6696,22967,5,No,15,3,3,0,9,5,2,6,3,0,1,0.0,0.5,0.8333333333333334,0.1666666666666666,0.2222222222222222,Medium,1,🟠 Promotion-Stalled,0,-1.2376022523027699,0.4190140119435121
29,1,Travel_Rarely,992,Research & Development,1,3,Technical Degree,3,Male,85,3,1,Research Scientist,3,Single,2058,19757,0,No,14,3,4,0,7,1,2,6,2,1,5,0.1666666666666666,0.3333333333333333,0.1666666666666666,0.8333333333333334,0.1428571428571428,Low,1,🟠 Promotion-Stalled,0,-0.13282565262063903,-1.6367760042352517
45,0,Non-Travel,1052,Sales,6,3,Medical,4,Female,57,2,3,Sales Executive,4,Single,8865,16840,6,No,12,3,4,0,23,2,3,19,7,12,8,0.631578947368421,0.3684210526315789,0.1052631578947368,0.4210526315789473,0.1304347826086956,Medium,1,🟠 Promotion-Stalled,0,2.1476343109960117,2.1673158863462034
54,0,Travel_Rarely,1147,Sales,3,3,Marketing,4,Female,52,3,2,Sales Executive,1,Married,5940,17011,2,No,14,3,4,1,16,4,3,6,2,0,5,0.0,0.3333333333333333,0.6666666666666666,0.8333333333333334,0.125,Low,1,🟠 Promotion-Stalled,0,-0.6009254469040268,-0.5805833157902898
36,0,Travel_Rarely,1396,Research & Development,5,2,Life Sciences,4,Male,62,3,2,Laboratory Technician,2,Single,5914,9945,8,No,16,3,4,0,16,3,4,13,11,3,7,0.2307692307692307,0.8461538461538461,0.2307692307692307,0.5384615384615384,0.125,Medium,1,🟠 Promotion-Stalled,0,1.5646526728807844,-0.11282604182566472
33,0,Travel_Rarely,147,Research & Development,4,4,Medical,3,Female,47,2,1,Research Scientist,2,Married,2622,13248,6,No,21,4,4,0,7,3,3,3,2,1,1,0.3333333333333333,0.6666666666666666,1.0,0.3333333333333333,0.1428571428571428,Medium,1,🟠 Promotion-Stalled,0,-0.6501421445995229,-0.4814010332717278
37,0,Travel_Frequently,663,Research & Development,11,3,Other,2,Male,47,3,3,Research Director,4,Divorced,12185,10056,1,Yes,14,3,3,3,10,1,3,10,8,0,7,0.0,0.8,0.1,0.7,0.3,Medium,1,🟠 Promotion-Stalled,0,0.9420300057508456,-1.2006597642733745
38,0,Travel_Rarely,119,Sales,3,3,Life Sciences,1,Male,76,3,3,Sales Executive,3,Divorced,10609,9647,0,No,12,3,3,2,17,6,2,16,10,5,13,0.3125,0.625,0.375,0.8125,0.1764705882352941,Medium,1,🟠 Promotion-Stalled,0,1.6130380418364485,1.5005570604790106
31,0,Non-Travel,979,Research & Development,1,4,Medical,3,Male,90,1,2,Manufacturing Director,3,Married,4345,4381,0,No,12,3,4,1,6,2,3,5,4,1,4,0.2,0.8,0.4,0.8,0.3333333333333333,Medium,1,🟠 Promotion-Stalled,0,0.3933714833217404,-1.0370438855176694
59,0,Travel_Rarely,142,Research & Development,3,3,Life Sciences,3,Male,70,2,1,Research Scientist,4,Married,2177,8456,3,No,17,3,1,1,7,6,3,1,0,0,0,0.0,0.0,6.0,0.0,0.1428571428571428,Low,0,🚀 Fast-Track Performers,1,-4.600150085109245,2.2285824015319866
37,0,Travel_Frequently,319,Sales,4,4,Marketing,1,Male,41,3,1,Sales Representative,4,Divorced,2793,2539,4,No,17,3,3,1,13,2,3,9,8,5,8,0.5555555555555556,0.8888888888888888,0.2222222222222222,0.8888888888888888,0.0769230769230769,Medium,1,🟠 Promotion-Stalled,0,2.033704794846437,-0.7015575408130618
29,0,Travel_Frequently,1413,Sales,1,1,Medical,2,Female,42,3,3,Sales Executive,4,Married,7918,6599,1,No,14,3,4,1,11,5,3,11,10,4,1,0.3636363636363636,0.9090909090909092,0.4545454545454545,0.0909090909090909,0.2727272727272727,Medium,1,🟠 Promotion-Stalled,0,1.0523899428331405,1.6818538693389389
35,0,Travel_Frequently,944,Sales,1,3,Marketing,3,Female,92,3,3,Sales Executive,3,Single,8789,9096,1,No,14,3,1,0,10,3,4,10,7,0,8,0.0,0.7,0.3,0.8,0.3,Medium,1,🟠 Promotion-Stalled,0,0.5630435384860258,-0.6123199565684693
29,1,Travel_Rarely,896,Research & Development,18,1,Medical,3,Male,86,2,1,Research Scientist,4,Single,2389,14961,1,Yes,13,3,3,0,4,3,2,4,3,0,1,0.0,0.75,0.75,0.25,0.25,Medium,1,🟠 Promotion-Stalled,0,-0.9111062498873806,-0.8092699878805881
52,0,Travel_Rarely,1323,Research & Development,2,3,Life Sciences,3,Female,89,2,1,Laboratory Technician,4,Single,3212,3300,7,No,15,3,2,0,6,3,2,2,2,2,2,1.0,1.0,1.5,1.0,0.1666666666666666,High,1,🟠 Promotion-Stalled,0,0.8466319062938529,-0.4748416565868617
42,0,Travel_Rarely,532,Research & Development,4,2,Technical Degree,3,Male,58,3,5,Manager,4,Married,19232,4933,1,No,11,3,4,0,22,3,3,22,17,11,15,0.5,0.7727272727272727,0.1363636363636363,0.6818181818181818,0.2272727272727272,Medium,1,🟠 Promotion-Stalled,0,4.026295116270233,2.7085351370799087
59,0,Travel_Rarely,818,Human Resources,6,2,Medical,2,Male,52,3,1,Human Resources,3,Married,2267,25657,8,No,17,3,4,0,7,2,2,2,2,2,2,1.0,1.0,1.0,1.0,0.1428571428571428,High,1,🟠 Promotion-Stalled,0,1.1512271188816634,-0.9481148656005292
50,0,Travel_Rarely,854,Sales,1,4,Medical,4,Female,68,3,5,Manager,4,Divorced,19517,24118,3,No,11,3,3,1,32,3,2,7,0,0,6,0.0,0.0,0.4285714285714285,0.8571428571428571,0.15625,Low,1,🟠 Promotion-Stalled,0,-0.4348002542801546,0.35425657934469235
33,1,Travel_Rarely,813,Research & Development,14,3,Medical,3,Male,58,3,1,Laboratory Technician,4,Married,2436,22149,5,Yes,13,3,3,1,8,2,1,5,4,0,4,0.0,0.8,0.4,0.8,0.125,Medium,1,🟠 Promotion-Stalled,0,0.2075913170855631,-1.8725447152408274
43,0,Travel_Rarely,1034,Sales,16,3,Marketing,4,Female,80,3,4,Manager,4,Married,16064,7744,5,Yes,22,4,3,1,22,3,3,17,13,1,9,0.0588235294117647,0.7647058823529411,0.1764705882352941,0.5294117647058824,0.1818181818181818,Medium,1,🟠 Promotion-Stalled,0,1.6397901456191364,0.21278048885963974
33,1,Travel_Rarely,465,Research & Development,2,2,Life Sciences,1,Female,39,3,1,Laboratory Technician,1,Married,2707,21509,7,No,20,4,1,0,13,3,4,9,7,1,7,0.1111111111111111,0.7777777777777778,0.3333333333333333,0.7777777777777778,0.0769230769230769,Medium,1,🟠 Promotion-Stalled,0,0.703529217796438,-1.2900385631764637
52,0,Non-Travel,771,Sales,2,4,Life Sciences,1,Male,79,2,5,Manager,3,Single,19068,21030,1,Yes,18,3,4,0,33,2,4,33,7,15,12,0.4545454545454545,0.2121212121212121,0.0606060606060606,0.3636363636363636,0.1515151515151515,Medium,1,🟠 Promotion-Stalled,0,2.4670946018968962,3.321598112711001
32,0,Travel_Rarely,1401,Sales,4,2,Life Sciences,3,Female,56,3,1,Sales Representative,2,Married,3931,20990,2,No,11,3,1,1,6,5,3,4,3,1,2,0.25,0.75,1.25,0.5,0.1666666666666666,Medium,1,🟠 Promotion-Stalled,0,-0.5725843622590034,0.020693828271339063
32,1,Travel_Rarely,515,Research & Development,1,3,Life Sciences,4,Male,62,2,1,Laboratory Technician,3,Single,3730,9571,0,Yes,14,3,4,0,4,2,1,3,2,1,2,0.3333333333333333,0.6666666666666666,0.6666666666666666,0.6666666666666666,0.25,Medium,1,🟠 Promotion-Stalled,0,-0.2210206447661838,-1.0837565449038884
39,0,Travel_Rarely,1431,Research & Development,1,4,Medical,3,Female,96,3,1,Laboratory Technician,3,Divorced,2232,15417,7,No,14,3,3,3,7,1,3,3,2,1,2,0.3333333333333333,0.6666666666666666,0.3333333333333333,0.6666666666666666,0.1428571428571428,Medium,1,🟠 Promotion-Stalled,0,0.15178657653017602,-1.53662704260458
32,0,Non-Travel,976,Sales,26,4,Marketing,3,Male,100,3,2,Sales Executive,4,Married,4465,12069,0,No,18,3,1,0,4,2,3,3,2,2,2,0.6666666666666666,0.6666666666666666,0.6666666666666666,0.6666666666666666,0.5,High,1,🟠 Promotion-Stalled,0,-0.018685374837163087,-0.15832305644321248
41,0,Travel_Rarely,1411,Research & Development,19,2,Life Sciences,3,Male,36,3,2,Research Scientist,1,Divorced,3072,19877,2,No,16,3,1,2,17,2,2,1,0,0,0,0.0,0.0,2.0,0.0,0.1176470588235294,Low,0,🚀 Fast-Track Performers,1,-2.4113843394786576,0.274011515822103
40,0,Travel_Rarely,1300,Research & Development,24,2,Technical Degree,1,Male,62,3,2,Research Scientist,4,Divorced,3319,24447,1,No,17,3,1,2,9,3,3,9,8,4,7,0.4444444444444444,0.8888888888888888,0.3333333333333333,0.7777777777777778,0.2222222222222222,Medium,1,🟠 Promotion-Stalled,0,1.5827819573437878,-0.07923289594603625
45,0,Travel_Rarely,252,Research & Development,1,3,Other,3,Male,70,4,5,Manager,4,Married,19202,15970,0,No,11,3,3,1,25,2,3,24,0,1,7,0.0416666666666666,0.0,0.0833333333333333,0.2916666666666667,0.2,Low,1,🟠 Promotion-Stalled,0,-0.6791914946385279,0.7936123838042924
31,0,Travel_Frequently,1327,Research & Development,3,4,Medical,2,Male,73,3,3,Research Director,3,Divorced,13675,13523,9,No,12,3,1,1,9,3,3,2,2,2,2,1.0,1.0,1.5,1.0,0.3333333333333333,High,1,🟠 Promotion-Stalled,0,1.028903061991337,0.36723754159148386
33,0,Travel_Rarely,832,Research & Development,5,4,Life Sciences,3,Female,63,2,1,Research Scientist,4,Married,2911,14776,1,No,13,3,3,1,2,2,2,2,2,0,2,0.0,1.0,1.0,1.0,0.5,Medium,1,🟠 Promotion-Stalled,0,-0.4092953567345163,-1.9353990302179929
34,0,Travel_Rarely,470,Research & Development,2,4,Life Sciences,4,Male,84,2,2,Manufacturing Director,1,Married,5957,23687,6,No,13,3,2,1,13,3,3,11,9,5,9,0.4545454545454545,0.8181818181818182,0.2727272727272727,0.8181818181818182,0.1538461538461538,Medium,1,🟠 Promotion-Stalled,0,1.938962907918596,0.13228725902780972
37,0,Travel_Rarely,1017,Research & Development,1,2,Medical,3,Female,83,2,1,Research Scientist,1,Married,3920,18697,2,No,14,3,1,1,17,2,2,3,1,0,2,0.0,0.3333333333333333,0.6666666666666666,0.6666666666666666,0.0588235294117647,Low,1,🟠 Promotion-Stalled,0,-0.8298750518221695,-1.4232700837320424
45,0,Travel_Frequently,1199,Research & Development,7,4,Life Sciences,1,Male,77,4,2,Manufacturing Director,3,Married,6434,5118,4,No,17,3,4,1,9,1,3,3,2,0,2,0.0,0.6666666666666666,0.3333333333333333,0.6666666666666666,0.2222222222222222,Medium,1,🟠 Promotion-Stalled,0,-0.17383237757478617,-1.6387598738354707
37,1,Travel_Frequently,504,Research & Development,10,3,Medical,1,Male,61,3,3,Manufacturing Director,3,Divorced,10048,22573,6,No,11,3,2,2,17,5,3,1,0,0,0,0.0,0.0,5.0,0.0,0.1764705882352941,Low,0,🚀 Fast-Track Performers,1,-3.717124224453145,2.449983723808863
39,0,Travel_Frequently,505,Research & Development,2,4,Technical Degree,3,Female,64,3,3,Healthcare Representative,3,Single,10938,6420,0,No,25,4,4,0,20,1,3,19,6,11,8,0.5789473684210527,0.3157894736842105,0.0526315789473684,0.4210526315789473,0.15,Medium,1,🟠 Promotion-Stalled,0,1.7944789077943624,1.5162094241394197
29,0,Travel_Rarely,665,Research & Development,15,3,Life Sciences,3,Male,60,3,1,Research Scientist,4,Single,2340,22673,1,No,19,3,1,0,6,1,3,6,5,1,5,0.1666666666666666,0.8333333333333334,0.1666666666666666,0.8333333333333334,0.1666666666666666,Medium,1,🟠 Promotion-Stalled,0,0.7267119791525743,-1.9904995671828984
42,0,Travel_Rarely,916,Research & Development,17,2,Life Sciences,4,Female,82,4,2,Research Scientist,1,Single,6545,23016,3,Yes,13,3,3,0,10,1,3,3,2,0,2,0.0,0.6666666666666666,0.3333333333333333,0.6666666666666666,0.2,Medium,1,🟠 Promotion-Stalled,0,-0.11453443713896219,-1.6058461557865078
29,0,Travel_Rarely,1247,Sales,20,2,Marketing,4,Male,45,3,2,Sales Executive,4,Divorced,6931,10732,2,No,14,3,4,1,10,2,3,3,2,0,2,0.0,0.6666666666666666,0.6666666666666666,0.6666666666666666,0.2,Medium,1,🟠 Promotion-Stalled,0,-0.33669934052717504,-1.2280027327290663
25,0,Travel_Rarely,685,Research & Development,1,3,Life Sciences,1,Female,62,3,2,Manufacturing Director,3,Married,4898,7505,0,No,12,3,4,2,5,3,3,4,2,1,2,0.25,0.5,0.75,0.5,0.4,Medium,1,🟠 Promotion-Stalled,0,-0.7579562228058945,-0.05704544194042263
42,0,Travel_Rarely,269,Research & Development,2,3,Medical,4,Female,56,2,1,Laboratory Technician,1,Divorced,2593,8007,0,Yes,11,3,3,1,10,4,3,9,6,7,8,0.7777777777777778,0.6666666666666666,0.4444444444444444,0.8888888888888888,0.1,High,1,🟠 Promotion-Stalled,0,1.7102609217344038,0.6776851627736481
40,0,Travel_Rarely,1416,Research & Development,2,2,Medical,1,Male,49,3,5,Research Director,3,Divorced,19436,5949,0,No,19,3,4,1,22,5,3,21,7,3,9,0.1428571428571428,0.3333333333333333,0.238095238095238,0.4285714285714285,0.2272727272727272,Low,1,🟠 Promotion-Stalled,0,0.5969001111587812,1.891832238331865
51,0,Travel_Rarely,833,Research & Development,1,3,Life Sciences,3,Male,96,3,1,Research Scientist,4,Married,2723,23231,1,No,11,3,2,0,1,0,2,1,0,0,0,0.0,0.0,0.0,0.0,1.0,Low,0,🚀 Fast-Track Performers,1,-2.9062274580560943,-0.652514536980426
31,1,Travel_Frequently,307,Research & Development,29,2,Medical,3,Male,71,2,1,Laboratory Technician,2,Single,3479,11652,0,No,11,3,2,0,6,2,4,5,4,1,4,0.2,0.8,0.4,0.8,0.1666666666666666,Medium,1,🟠 Promotion-Stalled,0,0.4412572961608566,-1.4786735477907706
32,0,Travel_Frequently,1311,Research & Development,7,3,Life Sciences,2,Male,100,4,1,Laboratory Technician,2,Married,2794,26062,1,No,20,4,3,0,5,3,1,5,1,0,3,0.0,0.2,0.6,0.6,0.2,Low,1,🟠 Promotion-Stalled,0,-1.3457205937905377,-0.9486419512526557
38,0,Non-Travel,1327,Sales,2,2,Life Sciences,4,Male,39,2,2,Sales Executive,4,Married,5249,19682,3,No,18,3,4,1,13,0,3,8,7,7,5,0.875,0.875,0.0,0.625,0.1538461538461538,High,1,🟠 Promotion-Stalled,0,2.4706170114337134,-0.09072943072336012
32,0,Travel_Rarely,128,Research & Development,2,1,Technical Degree,4,Male,84,2,2,Laboratory Technician,1,Single,2176,19737,4,No,13,3,4,0,9,5,3,6,2,0,4,0.0,0.3333333333333333,0.8333333333333334,0.6666666666666666,0.2222222222222222,Low,1,🟠 Promotion-Stalled,0,-1.0471539910683485,0.009747788007187482
46,0,Travel_Rarely,488,Sales,2,3,Technical Degree,3,Female,75,1,4,Manager,2,Married,16872,14977,3,Yes,12,3,2,1,28,2,2,7,7,7,7,1.0,1.0,0.2857142857142857,1.0,0.1428571428571428,High,1,🟠 Promotion-Stalled,0,3.2666540795817247,0.9613300469904796
28,1,Travel_Rarely,529,Research & Development,2,4,Life Sciences,1,Male,79,3,1,Laboratory Technician,3,Single,3485,14935,2,No,11,3,3,0,5,5,1,0,0,0,0,0.0,0.0,5.0,0.0,0.2,Low,0,🚀 Fast-Track Performers,1,-4.1586433018613675,1.755201577454523
29,0,Travel_Rarely,1210,Sales,2,3,Medical,1,Male,78,2,2,Sales Executive,2,Married,6644,3687,2,No,19,3,2,2,10,2,3,0,0,0,0,0.0,0.0,2.0,0.0,0.2,Low,0,🚀 Fast-Track Performers,1,-2.552300127798509,0.288259820367125
31,0,Travel_Rarely,1463,Research & Development,23,3,Medical,2,Male,64,2,2,Healthcare Representative,4,Married,5582,14408,0,No,21,4,2,1,10,2,3,9,0,7,8,0.7777777777777778,0.0,0.2222222222222222,0.8888888888888888,0.2,Medium,1,🟠 Promotion-Stalled,0,0.47102109283994825,0.6637827095518168
25,0,Non-Travel,675,Research & Development,5,2,Life Sciences,2,Male,85,4,2,Healthcare Representative,1,Divorced,4000,18384,1,No,12,3,4,2,6,2,3,6,3,1,5,0.1666666666666666,0.5,0.3333333333333333,0.8333333333333334,0.3333333333333333,Medium,1,🟠 Promotion-Stalled,0,-0.03440999360991114,-0.9072684654146385
45,0,Travel_Rarely,1385,Research & Development,20,2,Medical,3,Male,79,3,4,Healthcare Representative,4,Married,13496,7501,0,Yes,14,3,2,0,21,2,3,20,7,4,10,0.2,0.35,0.1,0.5,0.1904761904761904,Low,1,🟠 Promotion-Stalled,0,1.029081661097198,0.7709993783160419
36,0,Travel_Rarely,1403,Research & Development,6,3,Life Sciences,4,Male,47,3,1,Laboratory Technician,4,Married,3210,20251,0,No,11,3,3,1,16,4,3,15,13,10,11,0.6666666666666666,0.8666666666666667,0.2666666666666666,0.7333333333333333,0.0625,High,1,🟠 Promotion-Stalled,0,3.0144612136645397,1.2399411508184202
55,0,Travel_Rarely,452,Research & Development,1,3,Medical,4,Male,81,3,5,Manager,1,Single,19045,18938,0,Yes,14,3,3,0,37,2,3,36,10,4,13,0.1111111111111111,0.2777777777777778,0.0555555555555555,0.3611111111111111,0.1351351351351351,Low,1,🟠 Promotion-Stalled,0,1.406089229790187,1.3152681062903868
47,1,Non-Travel,666,Research & Development,29,4,Life Sciences,1,Male,88,3,3,Manager,2,Married,11849,10268,1,Yes,12,3,4,1,10,2,2,10,7,9,9,0.9,0.7,0.2,0.9,0.3,High,1,🟠 Promotion-Stalled,0,2.5785296497027277,1.265668211176782
28,0,Travel_Rarely,1158,Research & Development,9,3,Medical,4,Male,94,3,1,Research Scientist,4,Married,2070,2613,1,No,23,4,4,1,5,3,2,5,2,0,4,0.0,0.4,0.6,0.8,0.2,Low,1,🟠 Promotion-Stalled,0,-0.8243512399884774,-1.3287762134237735
37,0,Travel_Rarely,228,Sales,6,4,Medical,3,Male,98,3,2,Sales Executive,4,Married,6502,22825,4,No,14,3,2,1,7,5,4,5,4,0,1,0.0,0.8,1.0,0.2,0.2857142857142857,Medium,1,🟠 Promotion-Stalled,0,-0.8997744457246556,0.2643052148198249
21,0,Travel_Rarely,996,Research & Development,3,2,Medical,4,Male,100,2,1,Research Scientist,3,Single,3230,10531,1,No,17,3,1,0,3,4,4,3,2,1,0,0.3333333333333333,0.6666666666666666,1.3333333333333333,0.0,0.3333333333333333,Medium,0,🚀 Fast-Track Performers,0,-1.442891455866251,0.42409387622899847
37,0,Non-Travel,728,Research & Development,1,4,Medical,1,Female,80,3,3,Research Director,4,Divorced,13603,11677,2,Yes,18,3,1,2,15,2,3,5,2,0,2,0.0,0.4,0.4,0.4,0.2,Low,1,🟠 Promotion-Stalled,0,-0.6116361922327145,-0.48582818008507195
35,0,Travel_Rarely,1315,Research & Development,22,3,Life Sciences,2,Female,71,4,3,Manager,2,Divorced,11996,19100,7,No,18,3,2,1,10,6,2,7,7,6,2,0.8571428571428571,1.0,0.8571428571428571,0.2857142857142857,0.3,High,1,🟠 Promotion-Stalled,0,1.3101616045973326,2.446535959678276
38,0,Travel_Rarely,322,Sales,7,2,Medical,1,Female,44,4,2,Sales Executive,1,Divorced,5605,19191,1,Yes,24,4,3,1,8,3,3,8,0,7,7,0.875,0.0,0.375,0.875,0.25,Medium,1,🟠 Promotion-Stalled,0,0.30268539603722655,1.1020237433430389
26,0,Travel_Frequently,1479,Research & Development,1,3,Life Sciences,3,Female,84,3,2,Manufacturing Director,2,Divorced,6397,26767,1,No,20,4,1,1,6,6,1,6,5,1,4,0.1666666666666666,0.8333333333333334,1.0,0.6666666666666666,0.3333333333333333,Medium,1,🟠 Promotion-Stalled,0,-0.22341254352910436,0.3427595218488899
50,0,Travel_Rarely,797,Research & Development,4,1,Life Sciences,1,Male,96,3,5,Research Director,2,Divorced,19144,15815,3,No,14,3,1,2,28,4,2,10,4,1,6,0.1,0.4,0.4,0.6,0.1785714285714285,Low,1,🟠 Promotion-Stalled,0,0.3283124279819684,0.9596236705254823
53,0,Travel_Rarely,1070,Research & Development,3,4,Medical,3,Male,45,3,4,Research Director,3,Married,17584,21016,3,Yes,16,3,4,3,21,5,2,5,3,1,3,0.2,0.6,1.0,0.6,0.1904761904761904,Medium,1,🟠 Promotion-Stalled,0,-0.042502730669079856,0.9423812897491062
42,0,Travel_Rarely,635,Sales,1,1,Life Sciences,2,Male,99,3,2,Sales Executive,3,Married,4907,24532,1,No,25,4,3,0,20,3,3,20,16,11,6,0.55,0.8,0.15,0.3,0.1,Medium,1,🟠 Promotion-Stalled,0,3.083184324055117,1.8089315032848403
29,0,Travel_Frequently,442,Sales,2,2,Life Sciences,2,Male,44,3,2,Sales Executive,4,Single,4554,20260,1,No,18,3,1,0,10,3,2,10,7,0,9,0.0,0.7,0.3,0.9,0.2,Medium,1,🟠 Promotion-Stalled,0,0.5769873941401039,-1.179185259372133
55,0,Travel_Rarely,147,Research & Development,20,2,Technical Degree,2,Male,37,3,2,Laboratory Technician,4,Married,5415,15972,3,Yes,19,3,4,1,12,4,3,10,7,0,8,0.0,0.7,0.4,0.8,0.1666666666666666,Medium,1,🟠 Promotion-Stalled,0,0.40095097331694174,-0.7794102610124188
26,0,Travel_Frequently,496,Research & Development,11,2,Medical,1,Male,60,3,2,Healthcare Representative,1,Married,4741,22722,1,Yes,13,3,3,1,5,3,3,5,3,3,3,0.6,0.6,0.6,0.6,0.4,Medium,1,🟠 Promotion-Stalled,0,0.14894636808489664,0.38074547066840936
37,0,Travel_Rarely,1372,Research & Development,1,3,Life Sciences,4,Female,42,3,1,Research Scientist,4,Single,2115,15881,1,No,12,3,2,0,17,3,3,17,12,5,7,0.2941176470588235,0.7058823529411765,0.1764705882352941,0.4117647058823529,0.0588235294117647,Medium,1,🟠 Promotion-Stalled,0,1.6299307190368681,0.1955361105113884
44,1,Travel_Frequently,920,Research & Development,24,3,Life Sciences,4,Male,43,3,1,Laboratory Technician,3,Divorced,3161,19920,3,Yes,22,4,4,1,19,0,1,1,0,0,0,0.0,0.0,0.0,0.0,0.0526315789473684,Low,0,🚀 Fast-Track Performers,1,-1.5886203579158733,-1.3407736253652451
38,0,Travel_Rarely,688,Research & Development,23,4,Life Sciences,4,Male,82,3,2,Healthcare Representative,4,Divorced,5745,18899,9,No,14,3,2,1,10,2,3,2,2,1,2,0.5,1.0,1.0,1.0,0.2,Medium,1,🟠 Promotion-Stalled,0,0.7594044909380656,-1.1478445614759196
26,1,Travel_Rarely,1449,Research & Development,16,4,Medical,1,Male,45,3,1,Laboratory Technician,2,Divorced,2373,14180,2,Yes,13,3,4,1,5,2,3,3,2,0,2,0.0,0.6666666666666666,0.6666666666666666,0.6666666666666666,0.2,Medium,1,🟠 Promotion-Stalled,0,-0.5335179546851827,-1.5708456662872947
28,0,Travel_Rarely,1117,Research & Development,8,2,Life Sciences,4,Female,66,3,1,Research Scientist,4,Single,3310,4488,1,No,21,4,4,0,5,3,3,5,3,0,2,0.0,0.6,0.6,0.4,0.2,Medium,1,🟠 Promotion-Stalled,0,-0.8533125397622496,-1.008441495230901
49,0,Travel_Frequently,636,Research & Development,10,4,Life Sciences,3,Female,35,3,5,Research Director,1,Single,18665,25594,9,Yes,11,3,4,0,22,4,3,3,2,1,2,0.3333333333333333,0.6666666666666666,1.3333333333333333,0.6666666666666666,0.2272727272727272,Medium,1,🟠 Promotion-Stalled,0,0.21530182847049614,1.1335230021165081
36,0,Travel_Rarely,506,Research & Development,3,3,Technical Degree,3,Male,30,3,2,Research Scientist,2,Single,4485,26285,4,No,12,3,4,0,10,2,3,8,0,7,7,0.875,0.0,0.25,0.875,0.2,Medium,1,🟠 Promotion-Stalled,0,0.5872615739806681,0.879720620249078
31,0,Travel_Frequently,444,Sales,5,3,Marketing,4,Female,84,3,1,Sales Representative,2,Divorced,2789,3909,1,No,11,3,3,1,2,5,2,2,2,2,2,1.0,1.0,2.5,1.0,0.5,High,1,🟠 Promotion-Stalled,0,-0.1820518223054093,0.6410534392373982
26,1,Travel_Rarely,950,Sales,4,4,Marketing,4,Male,48,2,2,Sales Executive,4,Single,5828,8450,1,Yes,12,3,2,0,8,0,3,8,7,7,4,0.875,0.875,0.0,0.5,0.25,High,1,🟠 Promotion-Stalled,0,2.2478496957376404,0.1693204976692785
37,0,Travel_Frequently,889,Research & Development,9,3,Medical,2,Male,53,3,1,Research Scientist,4,Married,2326,11411,1,Yes,12,3,3,3,4,3,2,4,2,1,2,0.25,0.5,0.75,0.5,0.25,Medium,1,🟠 Promotion-Stalled,0,-0.7412085235422091,-0.5003177518114399
42,0,Travel_Frequently,555,Sales,26,3,Marketing,3,Female,77,3,4,Sales Executive,2,Married,13525,14864,5,No,14,3,4,1,23,2,4,20,4,4,8,0.2,0.2,0.1,0.4,0.1739130434782608,Low,1,🟠 Promotion-Stalled,0,0.4224383386764635,0.8858880352562034
18,1,Travel_Rarely,230,Research & Development,3,3,Life Sciences,3,Male,54,3,1,Laboratory Technician,3,Single,1420,25233,1,No,13,3,3,0,0,2,3,0,0,0,0,0.0,0.0,2.0,0.0,0.0,Low,0,🚀 Fast-Track Performers,1,-2.4221350751813757,-0.11552058530193517
35,0,Travel_Rarely,1232,Sales,16,3,Marketing,3,Male,96,3,3,Sales Executive,2,Married,8020,5100,0,No,15,3,3,2,12,3,2,11,9,6,9,0.5454545454545454,0.8181818181818182,0.2727272727272727,0.8181818181818182,0.25,Medium,1,🟠 Promotion-Stalled,0,2.178569865824466,0.7662254953792136
36,0,Travel_Frequently,566,Research & Development,18,4,Life Sciences,3,Male,81,4,1,Laboratory Technician,4,Married,3688,7122,4,No,18,3,4,2,4,2,3,1,0,0,0,0.0,0.0,2.0,0.0,0.25,Low,0,🚀 Fast-Track Performers,1,-2.822530070055654,-0.0249470945766414
51,0,Travel_Rarely,1302,Research & Development,2,3,Medical,4,Male,84,1,2,Manufacturing Director,2,Divorced,5482,16321,5,No,18,3,4,1,13,3,3,4,1,1,2,0.25,0.25,0.75,0.5,0.1538461538461538,Low,1,🟠 Promotion-Stalled,0,-0.8396758281953786,-0.09898133573830648
41,0,Travel_Rarely,334,Sales,2,4,Life Sciences,4,Male,88,3,4,Manager,2,Single,16015,15896,1,No,19,3,2,0,22,2,3,22,10,0,4,0.0,0.4545454545454545,0.0909090909090909,0.1818181818181818,0.1818181818181818,Medium,1,🟠 Promotion-Stalled,0,0.5588956061792142,0.2353333788441679
18,0,Travel_Rarely,812,Sales,10,3,Medical,4,Female,69,2,1,Sales Representative,3,Single,1200,9724,1,No,12,3,1,0,0,2,3,0,0,0,0,0.0,0.0,2.0,0.0,0.0,Low,0,🚀 Fast-Track Performers,1,-2.415467404305657,-0.10399926483253197
28,0,Travel_Rarely,1476,Research & Development,16,2,Medical,2,Male,68,4,2,Healthcare Representative,1,Single,5661,4824,0,No,19,3,3,0,9,2,3,8,3,0,7,0.0,0.375,0.25,0.875,0.2222222222222222,Low,1,🟠 Promotion-Stalled,0,-0.2381843270457306,-1.332692698192828
31,0,Travel_Rarely,218,Sales,7,3,Technical Degree,2,Male,100,4,2,Sales Executive,4,Married,6929,12241,4,No,11,3,2,1,10,3,2,8,7,7,7,0.875,0.875,0.375,0.875,0.2,High,1,🟠 Promotion-Stalled,0,2.2992634266769656,0.7421856636006234
39,0,Travel_Rarely,1132,Research & Development,1,3,Medical,3,Male,48,4,3,Healthcare Representative,4,Divorced,9613,10942,0,No,17,3,1,3,19,5,2,18,10,3,7,0.1666666666666666,0.5555555555555556,0.2777777777777778,0.3888888888888889,0.1578947368421052,Medium,1,🟠 Promotion-Stalled,0,0.8853074665277583,1.162656053433649
36,0,Non-Travel,1105,Research & Development,24,4,Life Sciences,2,Female,47,3,2,Laboratory Technician,2,Married,5674,6927,7,No,15,3,3,1,11,3,3,9,8,0,8,0.0,0.8888888888888888,0.3333333333333333,0.8888888888888888,0.1818181818181818,Medium,1,🟠 Promotion-Stalled,0,0.9336849676487836,-1.2561343083137857
32,0,Travel_Rarely,906,Sales,7,3,Life Sciences,4,Male,91,2,2,Sales Executive,3,Married,5484,16985,1,No,14,3,3,1,13,3,2,13,8,4,8,0.3076923076923077,0.6153846153846154,0.2307692307692307,0.6153846153846154,0.1538461538461538,Medium,1,🟠 Promotion-Stalled,0,1.1648043424756225,0.16273554856493933
38,0,Travel_Rarely,849,Research & Development,25,2,Life Sciences,1,Female,81,2,3,Research Director,2,Married,12061,26707,3,No,17,3,3,1,19,2,3,10,8,0,1,0.0,0.8,0.2,0.1,0.1578947368421052,Medium,1,🟠 Promotion-Stalled,0,0.42596923978076956,-0.3526800972452218
58,0,Non-Travel,390,Research & Development,1,4,Life Sciences,4,Male,32,1,2,Healthcare Representative,3,Divorced,5660,17056,2,Yes,13,3,4,1,12,2,3,5,3,1,2,0.2,0.6,0.4,0.4,0.1666666666666666,Medium,1,🟠 Promotion-Stalled,0,-0.10452046297087829,-0.5874941746000465
31,0,Travel_Rarely,691,Research & Development,5,4,Technical Degree,3,Male,86,3,1,Research Scientist,4,Married,4821,10077,0,Yes,12,3,3,1,6,4,3,5,2,0,3,0.0,0.4,0.8,0.6,0.1666666666666666,Low,1,🟠 Promotion-Stalled,0,-1.0581391062202912,-0.6555495789227616
31,0,Travel_Rarely,106,Human Resources,2,3,Human Resources,1,Male,62,2,2,Human Resources,1,Married,6410,17822,3,No,12,3,4,0,9,1,3,2,2,1,0,0.5,1.0,0.5,0.0,0.2222222222222222,Medium,1,🟠 Promotion-Stalled,0,0.05030367488645548,-0.47631123827195804
45,0,Travel_Frequently,1249,Research & Development,7,3,Life Sciences,1,Male,97,3,3,Laboratory Technician,1,Divorced,5210,20308,1,No,18,3,1,1,24,2,3,24,9,9,11,0.375,0.375,0.0833333333333333,0.4583333333333333,0.125,Medium,1,🟠 Promotion-Stalled,0,1.852892671068384,1.393285631428386
31,0,Travel_Rarely,192,Research & Development,2,4,Life Sciences,3,Male,32,3,1,Research Scientist,4,Divorced,2695,7747,0,Yes,18,3,2,1,3,2,1,2,2,2,2,1.0,1.0,1.0,1.0,0.3333333333333333,High,1,🟠 Promotion-Stalled,0,0.8648972457235172,-0.8467370675386489
33,0,Travel_Frequently,553,Research & Development,5,4,Life Sciences,4,Female,74,3,3,Manager,2,Married,11878,23364,6,No,11,3,2,2,12,2,3,10,6,8,8,0.8,0.6,0.2,0.8,0.25,Medium,1,🟠 Promotion-Stalled,0,2.1289242096792846,1.1483610001172562
39,0,Travel_Rarely,117,Research & Development,10,1,Medical,3,Male,99,3,4,Manager,1,Married,17068,5355,1,Yes,14,3,4,0,21,3,3,21,9,11,10,0.5238095238095238,0.4285714285714285,0.1428571428571428,0.4761904761904761,0.1904761904761904,Medium,1,🟠 Promotion-Stalled,0,2.313737776954808,2.542008018266963
43,0,Travel_Frequently,185,Research & Development,10,4,Life Sciences,3,Female,33,3,1,Laboratory Technician,4,Single,2455,10675,0,No,19,3,1,0,9,5,3,8,7,1,7,0.125,0.875,0.625,0.875,0.1111111111111111,Medium,1,🟠 Promotion-Stalled,0,0.5964585205290225,-0.757386871460225
49,0,Travel_Rarely,1091,Research & Development,1,2,Technical Degree,3,Female,90,2,4,Healthcare Representative,3,Single,13964,17810,7,Yes,12,3,4,0,25,2,3,7,1,0,7,0.0,0.1428571428571428,0.2857142857142857,1.0,0.16,Low,1,🟠 Promotion-Stalled,0,-0.09064394141041991,-0.5819014677674869
52,1,Travel_Rarely,723,Research & Development,8,4,Medical,3,Male,85,2,2,Research Scientist,2,Married,4941,17747,2,No,15,3,1,0,11,3,2,8,2,7,7,0.875,0.25,0.375,0.875,0.1818181818181818,Medium,1,🟠 Promotion-Stalled,0,0.9875113564621627,1.0281659528458131
27,0,Travel_Rarely,1220,Research & Development,5,3,Life Sciences,3,Female,85,3,1,Research Scientist,2,Single,2478,20938,1,Yes,12,3,2,0,4,2,2,4,3,1,2,0.25,0.75,0.5,0.5,0.25,Medium,1,🟠 Promotion-Stalled,0,-0.156325868907976,-1.0393982063237528
32,0,Travel_Rarely,588,Sales,8,2,Technical Degree,3,Female,65,2,2,Sales Executive,2,Married,5228,24624,1,Yes,11,3,4,0,13,2,3,13,12,11,9,0.8461538461538461,0.9230769230769232,0.1538461538461538,0.6923076923076923,0.1538461538461538,High,1,🟠 Promotion-Stalled,0,3.4570474710436017,1.3131479954283671
27,0,Travel_Rarely,1377,Sales,2,3,Life Sciences,4,Male,74,3,2,Sales Executive,3,Single,4478,5242,1,Yes,11,3,1,0,5,3,3,5,4,0,4,0.0,0.8,0.6,0.8,0.4,Medium,1,🟠 Promotion-Stalled,0,-0.14086615595386262,-0.9801777221532889
31,0,Travel_Rarely,691,Sales,7,3,Marketing,4,Male,73,3,2,Sales Executive,4,Divorced,7547,7143,4,No,12,3,4,3,13,3,3,7,7,1,7,0.1428571428571428,1.0,0.4285714285714285,1.0,0.1538461538461538,Medium,1,🟠 Promotion-Stalled,0,1.3017318174681827,-1.1658629524983741
32,0,Travel_Rarely,1018,Research & Development,2,4,Medical,1,Female,74,4,2,Research Scientist,4,Single,5055,10557,7,No,16,3,3,0,10,0,2,7,7,0,7,0.0,1.0,0.0,1.0,0.2,Medium,1,🟠 Promotion-Stalled,0,1.3885382956356767,-2.4858736743747385
28,1,Travel_Rarely,1157,Research & Development,2,4,Medical,1,Male,84,1,1,Research Scientist,4,Married,3464,24737,5,Yes,13,3,4,0,5,4,2,3,2,2,2,0.6666666666666666,0.6666666666666666,1.3333333333333333,0.6666666666666666,0.2,High,1,🟠 Promotion-Stalled,0,-0.17935980192246212,0.14583266724308977
30,0,Travel_Rarely,1275,Research & Development,28,2,Medical,4,Female,64,3,2,Research Scientist,4,Married,5775,11934,1,No,13,3,4,2,11,2,3,10,8,1,9,0.1,0.8,0.2,0.9,0.1818181818181818,Medium,1,🟠 Promotion-Stalled,0,1.190458515278742,-1.2499290833853733
31,0,Travel_Frequently,798,Research & Development,7,2,Life Sciences,3,Female,48,2,3,Manufacturing Director,3,Married,8943,14034,1,No,24,4,1,1,10,2,3,10,9,8,9,0.8,0.9,0.2,0.9,0.3,High,1,🟠 Promotion-Stalled,0,2.7687164298330953,0.7780851202523574
39,0,Travel_Frequently,672,Research & Development,7,2,Medical,3,Male,54,2,5,Manager,4,Married,19272,21141,1,No,15,3,1,1,21,2,3,21,9,13,3,0.6190476190476191,0.4285714285714285,0.0952380952380952,0.1428571428571428,0.238095238095238,Medium,1,🟠 Promotion-Stalled,0,2.525345344707887,3.3724861499163925
39,1,Travel_Rarely,1162,Sales,3,2,Medical,4,Female,41,3,2,Sales Executive,3,Married,5238,17778,4,Yes,18,3,1,0,12,3,2,1,0,0,0,0.0,0.0,3.0,0.0,0.1666666666666666,Low,0,🚀 Fast-Track Performers,1,-2.9820909902016597,0.8564022775468214
33,0,Travel_Frequently,508,Sales,10,3,Marketing,2,Male,46,2,2,Sales Executive,4,Single,4682,4317,3,No,14,3,3,0,9,6,2,7,7,0,1,0.0,1.0,0.8571428571428571,0.1428571428571428,0.2222222222222222,Medium,1,🟠 Promotion-Stalled,0,-0.2948604211286099,0.48430883627559385
47,0,Travel_Rarely,1482,Research & Development,5,5,Life Sciences,4,Male,42,3,5,Research Director,3,Married,18300,16375,4,No,11,3,2,1,21,2,3,3,2,1,1,0.3333333333333333,0.6666666666666666,0.6666666666666666,0.3333333333333333,0.238095238095238,Medium,1,🟠 Promotion-Stalled,0,0.3061458356638481,0.7183540032716271
43,0,Travel_Frequently,559,Research & Development,10,4,Life Sciences,3,Female,82,2,2,Laboratory Technician,3,Divorced,5257,6227,1,No,11,3,2,1,9,3,4,9,7,0,0,0.0,0.7777777777777778,0.3333333333333333,0.0,0.2222222222222222,Medium,1,🟠 Promotion-Stalled,0,-0.21037586465021127,-0.17675733350620862
27,0,Non-Travel,210,Sales,1,1,Marketing,3,Male,73,3,2,Sales Executive,2,Married,6349,22107,0,Yes,13,3,4,1,6,0,3,5,4,1,4,0.2,0.8,0.0,0.8,0.3333333333333333,Medium,1,🟠 Promotion-Stalled,0,0.7097374030046906,-1.7524891974701926
54,0,Travel_Frequently,928,Research & Development,20,4,Life Sciences,4,Female,31,3,2,Research Scientist,3,Single,4869,16885,3,No,12,3,4,0,20,4,2,4,3,0,3,0.0,0.75,1.0,0.75,0.1,Medium,1,🟠 Promotion-Stalled,0,-0.1760869289602729,-0.7020230914133755
43,0,Travel_Rarely,1001,Research & Development,7,3,Life Sciences,3,Female,43,3,3,Healthcare Representative,1,Married,9985,9262,8,No,16,3,1,1,10,1,2,1,0,0,0,0.0,0.0,1.0,0.0,0.3,Low,0,🚀 Fast-Track Performers,1,-1.9902340676576082,0.1600815905786218
45,0,Travel_Rarely,549,Research & Development,8,4,Other,4,Male,75,3,2,Research Scientist,4,Married,3697,9278,9,No,14,3,1,2,12,3,3,10,9,9,8,0.9,0.9,0.3,0.8,0.1666666666666666,High,1,🟠 Promotion-Stalled,0,2.8075653302649846,1.1449582626721222
40,0,Travel_Rarely,1124,Sales,1,2,Medical,2,Male,57,1,2,Sales Executive,4,Married,7457,13273,2,Yes,22,4,3,3,6,2,2,4,3,0,2,0.0,0.75,0.5,0.5,0.3333333333333333,Medium,1,🟠 Promotion-Stalled,0,-0.4650263370109035,-1.1430516040549297
29,1,Travel_Rarely,318,Research & Development,8,4,Other,2,Male,77,1,1,Laboratory Technician,1,Married,2119,4759,1,Yes,11,3,4,0,7,4,2,7,7,0,7,0.0,1.0,0.5714285714285714,1.0,0.1428571428571428,Medium,1,🟠 Promotion-Stalled,0,0.7487597369476364,-1.4727720748518442
29,0,Travel_Rarely,738,Research & Development,9,5,Other,2,Male,30,2,1,Laboratory Technician,4,Single,3983,7621,0,No,17,3,3,0,4,2,3,3,2,2,2,0.6666666666666666,0.6666666666666666,0.6666666666666666,0.6666666666666666,0.25,High,1,🟠 Promotion-Stalled,0,0.15155265150051508,-0.6493460830737504
30,0,Travel_Rarely,570,Sales,5,3,Marketing,4,Female,30,2,2,Sales Executive,3,Divorced,6118,5431,1,No,13,3,3,3,10,2,3,10,9,1,2,0.1,0.9,0.2,0.2,0.2,Medium,1,🟠 Promotion-Stalled,0,0.7170180114805216,-0.5368099092264894
27,0,Travel_Rarely,1130,Sales,8,4,Marketing,2,Female,56,3,2,Sales Executive,2,Married,6214,3415,1,No,18,3,1,1,8,3,3,8,7,0,7,0.0,0.875,0.375,0.875,0.25,Medium,1,🟠 Promotion-Stalled,0,0.6459676054174103,-1.2480578169568153
37,0,Travel_Rarely,1192,Research & Development,5,2,Medical,4,Male,61,3,2,Manufacturing Director,4,Divorced,6347,23177,7,No,16,3,3,2,8,2,2,6,2,0,4,0.0,0.3333333333333333,0.3333333333333333,0.6666666666666666,0.25,Low,1,🟠 Promotion-Stalled,0,-0.6638760169485582,-1.0361856450009266
38,0,Travel_Rarely,343,Research & Development,15,2,Life Sciences,3,Male,92,2,3,Research Director,4,Divorced,11510,15682,0,Yes,14,3,2,1,12,3,3,11,10,2,9,0.1818181818181818,0.9090909090909092,0.2727272727272727,0.8181818181818182,0.25,Medium,1,🟠 Promotion-Stalled,0,1.6466749885604481,-0.2448122277358058
31,0,Travel_Rarely,1232,Research & Development,7,4,Medical,3,Female,39,3,3,Manufacturing Director,4,Single,7143,25713,1,Yes,14,3,3,0,11,2,2,11,9,4,10,0.3636363636363636,0.8181818181818182,0.1818181818181818,0.9090909090909092,0.2727272727272727,Medium,1,🟠 Promotion-Stalled,0,1.976391141206228,-0.11879396430804506
29,0,Travel_Rarely,144,Sales,10,1,Marketing,4,Female,39,2,2,Sales Executive,2,Divorced,8268,11866,1,Yes,14,3,1,2,7,2,3,7,7,1,7,0.1428571428571428,1.0,0.2857142857142857,1.0,0.2857142857142857,Medium,1,🟠 Promotion-Stalled,0,1.2331665040083195,-1.4466769119139384
35,0,Travel_Rarely,1296,Research & Development,5,4,Technical Degree,3,Male,62,3,3,Manufacturing Director,2,Single,8095,18264,0,No,13,3,4,0,17,5,3,16,6,0,13,0.0,0.375,0.3125,0.8125,0.1764705882352941,Low,1,🟠 Promotion-Stalled,0,0.10950325623549374,0.14361906323683873
23,0,Travel_Rarely,1309,Research & Development,26,1,Life Sciences,3,Male,83,3,1,Research Scientist,4,Divorced,2904,16092,1,No,12,3,3,2,4,2,2,4,2,0,2,0.0,0.5,0.5,0.5,0.25,Medium,1,🟠 Promotion-Stalled,0,-0.8826068951813459,-1.2585035893946948
41,0,Travel_Rarely,483,Research & Development,6,3,Medical,4,Male,95,2,2,Manufacturing Director,2,Single,6032,10110,6,Yes,15,3,4,0,8,3,3,5,4,1,2,0.2,0.8,0.6,0.4,0.25,Medium,1,🟠 Promotion-Stalled,0,-0.05490878305580437,-0.34046429686377294
47,0,Travel_Frequently,1309,Sales,4,1,Medical,2,Male,99,3,2,Sales Representative,3,Single,2976,25751,3,No,19,3,1,0,5,3,3,0,0,0,0,0.0,0.0,3.0,0.0,0.4,Low,0,🚀 Fast-Track Performers,1,-3.3313448588733516,0.9831823772782406
42,0,Travel_Rarely,810,Research & Development,23,5,Life Sciences,1,Female,44,3,4,Research Director,4,Single,15992,15901,2,No,14,3,2,0,16,2,3,1,0,0,0,0.0,0.0,2.0,0.0,0.25,Low,0,🚀 Fast-Track Performers,1,-2.185400531451601,1.084230949383866
29,0,Non-Travel,746,Sales,2,3,Life Sciences,4,Male,61,3,2,Sales Executive,3,Married,4649,16928,1,No,14,3,1,1,4,3,2,4,3,0,2,0.0,0.75,0.75,0.5,0.5,Medium,1,🟠 Promotion-Stalled,0,-0.8381488562440487,-0.5861062854237892
42,0,Travel_Rarely,544,Human Resources,2,1,Technical Degree,3,Male,52,3,1,Human Resources,3,Divorced,2696,24017,0,Yes,11,3,3,1,4,5,3,3,2,1,0,0.3333333333333333,0.6666666666666666,1.6666666666666667,0.0,0.25,Medium,0,🚀 Fast-Track Performers,0,-1.496030449625872,0.8331931782148259
32,0,Travel_Rarely,1062,Research & Development,2,3,Medical,3,Female,75,3,1,Laboratory Technician,2,Married,2370,3956,1,No,13,3,3,1,8,4,3,8,0,0,7,0.0,0.0,0.5,0.875,0.125,Low,1,🟠 Promotion-Stalled,0,-1.3082917854818228,-0.8080033378310533
48,0,Travel_Rarely,530,Sales,29,1,Medical,1,Female,91,3,3,Manager,3,Married,12504,23978,3,No,21,4,2,1,15,3,1,0,0,0,0,0.0,0.0,3.0,0.0,0.2,Low,0,🚀 Fast-Track Performers,1,-2.8475486031945136,1.195959915909218
37,0,Travel_Rarely,1319,Research & Development,6,3,Medical,3,Male,51,4,2,Research Scientist,1,Divorced,5974,17001,4,Yes,13,3,1,2,13,2,3,7,7,6,7,0.8571428571428571,1.0,0.2857142857142857,1.0,0.1538461538461538,High,1,🟠 Promotion-Stalled,0,2.602973978807451,-0.04589139565115799
30,0,Non-Travel,641,Sales,25,2,Technical Degree,4,Female,85,3,2,Sales Executive,3,Married,4736,6069,7,Yes,12,3,2,1,4,2,4,2,2,2,2,1.0,1.0,1.0,1.0,0.5,High,1,🟠 Promotion-Stalled,0,0.8636851290144307,-0.324458161979725
26,0,Travel_Rarely,933,Sales,1,3,Life Sciences,3,Male,57,3,2,Sales Executive,3,Married,5296,20156,1,No,17,3,2,1,8,3,3,8,7,7,7,0.875,0.875,0.375,0.875,0.25,High,1,🟠 Promotion-Stalled,0,2.185846073323517,0.7026937593986663
42,0,Travel_Rarely,1332,Research & Development,2,4,Other,1,Male,98,2,2,Healthcare Representative,4,Single,6781,17078,3,No,23,4,2,0,14,6,3,1,0,0,0,0.0,0.0,6.0,0.0,0.1428571428571428,Low,0,🚀 Fast-Track Performers,1,-4.43666982532983,2.5138187327431987
21,1,Travel_Frequently,756,Sales,1,1,Technical Degree,1,Female,99,2,1,Sales Representative,2,Single,2174,9150,1,Yes,11,3,3,0,3,3,3,3,2,1,2,0.3333333333333333,0.6666666666666666,1.0,0.6666666666666666,0.3333333333333333,Medium,1,🟠 Promotion-Stalled,0,-0.5388670781500846,-0.6104344756113977
36,0,Non-Travel,845,Sales,1,5,Medical,4,Female,45,3,2,Sales Executive,4,Single,6653,15276,4,No,15,3,2,0,7,6,3,1,0,0,0,0.0,0.0,6.0,0.0,0.2857142857142857,Low,0,🚀 Fast-Track Performers,1,-4.593075110035902,2.690663635396887
36,0,Travel_Frequently,541,Sales,3,4,Medical,1,Male,48,2,3,Sales Executive,4,Married,9699,7246,4,No,11,3,1,1,16,2,3,13,9,1,12,0.0769230769230769,0.6923076923076923,0.1538461538461538,0.9230769230769232,0.1875,Medium,1,🟠 Promotion-Stalled,0,1.421159111120743,-0.8020813314080758
57,0,Travel_Rarely,593,Research & Development,1,4,Medical,4,Male,88,3,2,Healthcare Representative,3,Married,6755,2967,2,No,11,3,3,0,15,2,3,3,2,1,2,0.3333333333333333,0.6666666666666666,0.6666666666666666,0.6666666666666666,0.1333333333333333,Medium,1,🟠 Promotion-Stalled,0,0.17376175179268485,-0.7639790395684586
40,0,Travel_Rarely,1171,Research & Development,10,4,Life Sciences,4,Female,46,4,1,Laboratory Technician,3,Married,2213,22495,3,Yes,13,3,3,1,10,3,3,7,7,1,7,0.1428571428571428,1.0,0.4285714285714285,1.0,0.1,Medium,1,🟠 Promotion-Stalled,0,1.1706362148962701,-1.5636642393494447
21,0,Non-Travel,895,Sales,9,2,Medical,1,Male,39,3,1,Sales Representative,4,Single,2610,2851,1,No,24,4,3,0,3,3,2,3,2,2,2,0.6666666666666666,0.6666666666666666,1.0,0.6666666666666666,0.3333333333333333,High,1,🟠 Promotion-Stalled,0,-0.2329704906405709,-0.2912372184752915
33,1,Travel_Rarely,350,Sales,5,3,Marketing,4,Female,34,3,1,Sales Representative,3,Single,2851,9150,1,Yes,13,3,2,0,1,2,3,1,0,0,0,0.0,0.0,2.0,0.0,1.0,Low,0,🚀 Fast-Track Performers,1,-3.890361637164119,0.4771997869873034
37,0,Travel_Rarely,921,Research & Development,10,3,Medical,3,Female,98,3,1,Laboratory Technician,1,Married,3452,17663,6,No,20,4,2,1,17,3,3,5,4,0,3,0.0,0.8,0.6,0.6,0.0588235294117647,Medium,1,🟠 Promotion-Stalled,0,-0.09799345841269254,-1.4261686457299456
46,0,Non-Travel,1144,Research & Development,7,4,Medical,3,Female,30,3,2,Manufacturing Director,3,Married,5258,16044,2,No,14,3,3,0,7,2,4,1,0,0,0,0.0,0.0,2.0,0.0,0.2857142857142857,Low,0,🚀 Fast-Track Performers,1,-2.6448097644470088,0.3966710260532184
41,1,Travel_Frequently,143,Sales,4,3,Marketing,1,Male,56,3,2,Sales Executive,2,Single,9355,9558,1,No,18,3,3,0,8,5,3,8,7,7,7,0.875,0.875,0.625,0.875,0.25,High,1,🟠 Promotion-Stalled,0,1.9168728037764344,1.3530183391539379
50,0,Travel_Rarely,1046,Research & Development,10,3,Technical Degree,4,Male,100,2,3,Healthcare Representative,4,Single,10496,2755,6,No,15,3,4,0,20,2,3,4,3,1,3,0.25,0.75,0.5,0.75,0.15,Medium,1,🟠 Promotion-Stalled,0,0.6206617647116055,-0.6923650210793623
40,1,Travel_Rarely,575,Sales,22,2,Marketing,3,Male,68,2,2,Sales Executive,3,Married,6380,6110,2,Yes,12,3,1,2,8,6,3,6,4,1,0,0.1666666666666666,0.6666666666666666,1.0,0.0,0.25,Medium,1,🟠 Promotion-Stalled,0,-1.0055180034531916,1.2032380358489967
31,0,Travel_Rarely,408,Research & Development,9,4,Life Sciences,3,Male,42,2,1,Research Scientist,2,Single,2657,7551,0,Yes,16,3,4,0,3,5,3,2,2,2,2,1.0,1.0,2.5,1.0,0.3333333333333333,High,1,🟠 Promotion-Stalled,0,0.029314250313121914,0.4846601081755092
21,1,Travel_Rarely,156,Sales,12,3,Life Sciences,3,Female,90,4,1,Sales Representative,2,Single,2716,25422,1,No,15,3,4,0,1,0,3,1,0,0,0,0.0,0.0,0.0,0.0,1.0,Low,0,🚀 Fast-Track Performers,1,-2.9328981415589683,-0.6985998188580389
29,0,Travel_Rarely,1283,Research & Development,23,3,Life Sciences,4,Male,54,3,1,Research Scientist,4,Single,2201,18168,9,No,16,3,4,0,6,4,3,3,2,1,2,0.3333333333333333,0.6666666666666666,1.3333333333333333,0.6666666666666666,0.1666666666666666,Medium,1,🟠 Promotion-Stalled,0,-0.5429982380440475,-0.37746306314644207
35,0,Travel_Rarely,755,Research & Development,9,4,Life Sciences,3,Male,97,2,2,Healthcare Representative,2,Single,6540,19394,9,No,19,3,3,0,10,5,3,1,1,0,0,0.0,1.0,5.0,0.0,0.2,Medium,0,🚀 Fast-Track Performers,1,-2.7607677142200817,1.2171590354653417
27,0,Travel_Rarely,1469,Research & Development,1,2,Medical,4,Male,82,3,1,Laboratory Technician,2,Divorced,3816,17881,1,No,11,3,2,1,5,2,3,5,2,0,4,0.0,0.4,0.4,0.8,0.2,Low,1,🟠 Promotion-Stalled,0,-0.5828223942005205,-1.542482363532495
28,0,Travel_Rarely,304,Sales,9,4,Life Sciences,2,Male,92,3,2,Sales Executive,4,Single,5253,20750,1,No,16,3,4,0,7,1,3,7,5,0,7,0.0,0.7142857142857143,0.1428571428571428,1.0,0.2857142857142857,Medium,1,🟠 Promotion-Stalled,0,0.5593780128502037,-1.9321359116167713
49,0,Travel_Rarely,1261,Research & Development,7,3,Other,2,Male,31,2,3,Healthcare Representative,3,Single,10965,12066,8,No,24,4,3,0,26,2,3,5,2,0,0,0.0,0.4,0.4,0.0,0.1153846153846153,Low,1,🟠 Promotion-Stalled,0,-0.9165203342119483,-0.17653444649413658
51,0,Travel_Rarely,1178,Sales,14,2,Life Sciences,3,Female,87,3,2,Sales Executive,4,Married,4936,14862,4,No,11,3,3,1,18,2,2,7,7,0,7,0.0,1.0,0.2857142857142857,1.0,0.1111111111111111,Medium,1,🟠 Promotion-Stalled,0,1.2756210333872513,-1.809088833960874
36,0,Travel_Rarely,329,Research & Development,2,3,Life Sciences,4,Female,96,3,1,Research Scientist,3,Married,2543,11868,4,No,13,3,2,1,6,3,3,2,2,2,2,1.0,1.0,1.5,1.0,0.1666666666666666,High,1,🟠 Promotion-Stalled,0,0.85996724804529,-0.45179901564805536
34,1,Non-Travel,1362,Sales,19,3,Marketing,1,Male,67,4,2,Sales Executive,4,Single,5304,4652,8,Yes,13,3,2,0,9,3,2,5,2,0,4,0.0,0.4,0.6,0.8,0.2222222222222222,Low,1,🟠 Promotion-Stalled,0,-0.5868155031305156,-0.8460271908734601
55,0,Travel_Rarely,1311,Research & Development,2,3,Life Sciences,3,Female,97,3,4,Manager,4,Single,16659,23258,2,Yes,13,3,3,0,30,2,3,5,4,1,2,0.2,0.8,0.4,0.4,0.1333333333333333,Medium,1,🟠 Promotion-Stalled,0,0.6982090229404064,-0.02980585371167482
24,0,Travel_Rarely,1371,Sales,10,4,Marketing,4,Female,77,3,2,Sales Executive,3,Divorced,4260,5915,1,Yes,12,3,4,1,5,2,4,5,2,0,3,0.0,0.4,0.4,0.6,0.4,Low,1,🟠 Promotion-Stalled,0,-0.87420542842387,-0.8668078961774277
30,0,Travel_Rarely,202,Sales,2,1,Technical Degree,3,Male,72,3,1,Sales Representative,2,Married,2476,17434,1,No,18,3,1,1,1,3,3,1,0,0,0,0.0,0.0,3.0,0.0,1.0,Low,0,🚀 Fast-Track Performers,1,-4.409099410221005,0.9959716670935554
26,1,Travel_Frequently,575,Research & Development,3,1,Technical Degree,3,Male,73,3,1,Research Scientist,1,Single,3102,6582,0,No,22,4,3,0,7,2,3,6,4,0,4,0.0,0.6666666666666666,0.3333333333333333,0.6666666666666666,0.1428571428571428,Medium,1,🟠 Promotion-Stalled,0,-0.13150249749465723,-1.7300031429635179
22,0,Travel_Rarely,253,Research & Development,11,3,Medical,1,Female,43,3,1,Research Scientist,2,Married,2244,24440,1,No,13,3,4,1,2,1,3,2,1,1,2,0.5,0.5,0.5,1.0,0.5,Medium,1,🟠 Promotion-Stalled,0,-0.27956833289356636,-1.3668491986177838
36,0,Travel_Rarely,164,Sales,2,2,Medical,2,Male,61,2,3,Sales Executive,3,Married,7596,3809,1,No,13,3,2,2,10,2,3,10,9,9,0,0.9,0.9,0.2,0.0,0.3,High,1,🟠 Promotion-Stalled,0,2.164761867991961,2.123113122594424
30,1,Travel_Frequently,464,Research & Development,4,3,Technical Degree,3,Male,40,3,1,Research Scientist,4,Single,2285,3427,9,Yes,23,4,3,0,3,4,3,1,0,0,0,0.0,0.0,4.0,0.0,0.3333333333333333,Low,0,🚀 Fast-Track Performers,1,-3.9490194752893957,1.119596632340315
37,0,Travel_Rarely,1107,Research & Development,14,3,Life Sciences,4,Female,95,3,1,Laboratory Technician,1,Divorced,3034,26914,1,No,12,3,3,1,18,2,2,18,7,12,17,0.6666666666666666,0.3888888888888889,0.1111111111111111,0.9444444444444444,0.0555555555555555,Medium,1,🟠 Promotion-Stalled,0,2.4096583644629224,0.8702758561250848
40,0,Travel_Rarely,759,Sales,2,2,Marketing,4,Female,46,3,2,Sales Executive,2,Divorced,5715,22553,7,No,12,3,3,2,8,5,3,5,4,1,3,0.2,0.8,1.0,0.6,0.25,Medium,1,🟠 Promotion-Stalled,0,-0.16338302500250926,0.18373619668856542
42,0,Travel_Rarely,201,Research & Development,1,4,Life Sciences,2,Female,95,3,1,Laboratory Technician,1,Divorced,2576,20490,3,No,16,3,2,1,8,5,3,5,2,1,2,0.2,0.4,1.0,0.4,0.125,Low,1,🟠 Promotion-Stalled,0,-1.0982000701648897,0.18604975643399094
37,0,Travel_Rarely,1305,Research & Development,10,4,Life Sciences,3,Male,49,3,2,Manufacturing Director,2,Single,4197,21123,2,Yes,12,3,4,0,18,2,2,1,0,0,1,0.0,0.0,2.0,1.0,0.1111111111111111,Low,1,🟠 Promotion-Stalled,0,-1.4023357240126384,-0.7552144883566076
43,0,Travel_Rarely,982,Research & Development,12,3,Life Sciences,1,Male,59,2,4,Research Director,2,Divorced,14336,4345,1,No,11,3,3,1,25,3,3,25,10,3,9,0.12,0.4,0.12,0.36,0.16,Low,1,🟠 Promotion-Stalled,0,1.1085231270557188,1.069452397139816
40,0,Travel_Rarely,555,Research & Development,2,3,Medical,2,Female,78,2,2,Laboratory Technician,3,Married,3448,13436,6,No,22,4,2,1,20,3,3,1,0,0,0,0.0,0.0,3.0,0.0,0.1,Low,0,🚀 Fast-Track Performers,1,-2.910879902905684,0.7708023041832595
54,0,Travel_Rarely,821,Research & Development,5,2,Medical,1,Male,86,3,5,Research Director,1,Married,19406,8509,4,No,11,3,3,1,24,4,2,4,2,1,2,0.25,0.5,1.0,0.5,0.2083333333333333,Medium,1,🟠 Promotion-Stalled,0,-0.04117906502407389,1.2699519287508125
34,0,Non-Travel,1381,Sales,4,4,Marketing,3,Female,72,3,2,Sales Executive,3,Married,6538,12740,9,No,15,3,1,1,6,3,3,3,2,1,2,0.3333333333333333,0.6666666666666666,1.0,0.6666666666666666,0.3333333333333333,Medium,1,🟠 Promotion-Stalled,0,-0.3620514766192324,-0.3021555034613789
31,0,Travel_Rarely,480,Research & Development,7,2,Medical,2,Female,31,3,2,Manufacturing Director,1,Married,4306,4156,1,No,12,3,2,1,13,5,1,13,10,3,12,0.2307692307692307,0.7692307692307693,0.3846153846153846,0.9230769230769232,0.1538461538461538,Medium,1,🟠 Promotion-Stalled,0,1.4915262900582993,0.20150537508294689
43,0,Travel_Frequently,313,Research & Development,21,3,Medical,4,Male,61,3,1,Laboratory Technician,4,Married,2258,15238,7,No,20,4,1,1,8,1,3,3,2,1,2,0.3333333333333333,0.6666666666666666,0.3333333333333333,0.6666666666666666,0.125,Medium,1,🟠 Promotion-Stalled,0,0.13799888273984223,-1.6163392577833071
43,0,Travel_Rarely,1473,Research & Development,8,4,Other,3,Female,74,3,2,Healthcare Representative,3,Divorced,4522,2227,4,Yes,14,3,4,0,8,3,3,5,2,0,2,0.0,0.4,0.6,0.4,0.25,Low,1,🟠 Promotion-Stalled,0,-1.0233799171420381,-0.41250913787906873
25,0,Travel_Rarely,891,Sales,4,2,Life Sciences,2,Female,99,2,2,Sales Executive,4,Single,4487,12090,1,Yes,11,3,2,0,5,3,3,5,4,1,3,0.2,0.8,0.6,0.6,0.4,Medium,1,🟠 Promotion-Stalled,0,-0.05391574786553357,-0.4197584184817655
37,0,Non-Travel,1063,Research & Development,25,5,Medical,2,Female,72,3,2,Research Scientist,3,Married,4449,23866,3,Yes,15,3,1,2,15,2,3,13,11,10,7,0.7692307692307693,0.8461538461538461,0.1538461538461538,0.5384615384615384,0.1333333333333333,High,1,🟠 Promotion-Stalled,0,2.9236407652950076,1.2153690946914122
31,0,Travel_Rarely,329,Research & Development,1,2,Life Sciences,4,Male,98,2,1,Laboratory Technician,1,Married,2218,16193,1,No,12,3,3,1,4,3,3,4,2,3,2,0.75,0.5,0.75,0.5,0.25,Medium,1,🟠 Promotion-Stalled,0,-0.09489286178039637,0.28407787103298593
39,0,Travel_Frequently,1218,Research & Development,1,1,Life Sciences,2,Male,52,3,5,Manager,3,Divorced,19197,8213,1,Yes,14,3,3,1,21,3,3,21,8,1,6,0.0476190476190476,0.3809523809523809,0.1428571428571428,0.2857142857142857,0.238095238095238,Low,1,🟠 Promotion-Stalled,0,0.5411025351922203,1.0751402386367146
56,0,Travel_Frequently,906,Sales,6,3,Life Sciences,3,Female,86,4,4,Sales Executive,1,Married,13212,18256,9,No,11,3,4,3,36,0,2,7,7,7,7,1.0,1.0,0.0,1.0,0.1111111111111111,High,1,🟠 Promotion-Stalled,0,3.5966967618633316,0.28217035432322163
30,0,Travel_Rarely,1082,Sales,12,3,Technical Degree,2,Female,83,3,2,Sales Executive,3,Single,6577,19558,0,No,11,3,2,0,6,6,3,5,4,4,4,0.8,0.8,1.2,0.8,0.3333333333333333,High,1,🟠 Promotion-Stalled,0,0.5984922052995335,1.420720950915571
41,0,Travel_Rarely,645,Sales,1,3,Marketing,2,Male,49,4,3,Sales Executive,1,Married,8392,19566,1,No,16,3,3,1,10,2,3,10,7,0,7,0.0,0.7,0.2,0.7,0.3,Medium,1,🟠 Promotion-Stalled,0,0.5734614960966492,-0.8521288027403767
28,0,Travel_Rarely,1300,Research & Development,17,2,Medical,3,Male,79,3,2,Laboratory Technician,1,Divorced,4558,13535,1,No,12,3,4,1,10,2,3,10,0,1,8,0.1,0.0,0.2,0.8,0.2,Low,1,🟠 Promotion-Stalled,0,-0.8004606146239882,-0.7391779586511896
25,1,Travel_Rarely,688,Research & Development,3,3,Medical,1,Male,91,3,1,Laboratory Technician,1,Married,4031,9396,5,No,13,3,3,1,6,5,3,2,2,0,2,0.0,1.0,2.5,1.0,0.1666666666666666,Medium,1,🟠 Promotion-Stalled,0,-0.7688048399021007,-0.8246179528723878
52,0,Travel_Rarely,319,Research & Development,3,3,Medical,4,Male,39,2,3,Manufacturing Director,3,Married,7969,19609,2,Yes,14,3,3,0,28,4,3,5,4,0,4,0.0,0.8,0.8,0.8,0.1071428571428571,Medium,1,🟠 Promotion-Stalled,0,0.3110809571826058,-0.4819978285341554
45,0,Travel_Rarely,192,Research & Development,10,2,Life Sciences,1,Male,69,3,1,Research Scientist,4,Married,2654,9655,3,No,21,4,4,2,8,3,2,2,2,0,2,0.0,1.0,1.5,1.0,0.125,Medium,1,🟠 Promotion-Stalled,0,-0.19502454205067984,-1.8137215553232326
52,0,Travel_Rarely,1490,Research & Development,4,2,Life Sciences,4,Female,30,3,4,Manager,4,Married,16555,10310,2,No,13,3,4,0,31,2,1,5,2,1,4,0.2,0.4,0.4,0.8,0.1290322580645161,Low,1,🟠 Promotion-Stalled,0,0.4000045869759726,-0.1983644244764014
42,0,Travel_Frequently,532,Research & Development,29,2,Life Sciences,1,Female,92,3,2,Research Scientist,3,Divorced,4556,12932,2,No,11,3,2,1,19,3,3,5,4,0,2,0.0,0.8,0.6,0.4,0.1052631578947368,Medium,1,🟠 Promotion-Stalled,0,-0.09723836754961779,-0.7262993342552928
30,0,Travel_Rarely,317,Research & Development,2,3,Life Sciences,3,Female,43,1,2,Manufacturing Director,4,Single,6091,24793,2,No,20,4,3,0,11,2,3,5,4,0,2,0.0,0.8,0.4,0.4,0.1818181818181818,Medium,1,🟠 Promotion-Stalled,0,-0.10813072972937664,-1.1365774919409657
60,0,Travel_Rarely,422,Research & Development,7,3,Life Sciences,1,Female,41,3,5,Manager,1,Married,19566,3854,5,No,11,3,4,0,33,5,1,29,8,11,10,0.3793103448275862,0.2758620689655172,0.1724137931034483,0.3448275862068966,0.1515151515151515,Medium,1,🟠 Promotion-Stalled,0,1.8796539588582308,3.6072062396978266
46,0,Travel_Rarely,1485,Research & Development,18,3,Medical,3,Female,87,3,2,Manufacturing Director,3,Divorced,4810,26314,2,No,14,3,3,1,19,5,2,10,7,0,8,0.0,0.7,0.5,0.8,0.1052631578947368,Medium,1,🟠 Promotion-Stalled,0,0.40341212291895767,-0.43428883434197013
42,0,Travel_Frequently,1368,Research & Development,28,4,Technical Degree,4,Female,88,2,2,Healthcare Representative,4,Married,4523,4386,0,No,11,3,4,3,7,4,4,6,5,0,4,0.0,0.8333333333333334,0.6666666666666666,0.6666666666666666,0.2857142857142857,Medium,1,🟠 Promotion-Stalled,0,-0.051183936002899826,-0.5824171907558583
24,1,Travel_Rarely,1448,Sales,1,1,Technical Degree,1,Female,62,3,1,Sales Representative,2,Single,3202,21972,1,Yes,16,3,2,0,6,4,3,5,3,1,4,0.2,0.6,0.8,0.8,0.1666666666666666,Medium,1,🟠 Promotion-Stalled,0,-0.26193067922081237,-0.7010733172307501
34,1,Travel_Frequently,296,Sales,6,2,Marketing,4,Female,33,1,1,Sales Representative,3,Divorced,2351,12253,0,No,16,3,4,1,3,3,2,2,2,1,0,0.5,1.0,1.5,0.0,0.3333333333333333,Medium,1,🟠 Promotion-Stalled,0,-0.9089351364227826,0.06133340148294751
38,0,Travel_Frequently,1490,Research & Development,2,2,Life Sciences,4,Male,42,3,1,Laboratory Technician,4,Married,1702,12106,1,Yes,23,4,3,1,1,3,3,1,0,0,0,0.0,0.0,3.0,0.0,1.0,Low,0,🚀 Fast-Track Performers,1,-4.442437764599598,0.9383650647465395
40,0,Travel_Rarely,1398,Sales,2,4,Life Sciences,3,Female,79,3,5,Manager,3,Married,18041,13022,0,No,14,3,4,0,21,2,3,20,15,1,12,0.05,0.75,0.1,0.6,0.238095238095238,Medium,1,🟠 Promotion-Stalled,0,2.213426397405138,0.37581020798170145
26,0,Travel_Rarely,1349,Research & Development,23,3,Life Sciences,1,Female,90,3,1,Research Scientist,4,Divorced,2886,3032,1,No,22,4,2,2,3,3,1,3,2,0,2,0.0,0.6666666666666666,1.0,0.6666666666666666,0.3333333333333333,Medium,1,🟠 Promotion-Stalled,0,-1.004787766676843,-1.2061434240131803
30,0,Non-Travel,1400,Research & Development,3,3,Life Sciences,3,Male,53,3,1,Laboratory Technician,4,Married,2097,16734,4,No,15,3,3,1,9,3,1,5,3,1,4,0.2,0.6,0.6,0.8,0.1111111111111111,Medium,1,🟠 Promotion-Stalled,0,-0.012178070733384849,-1.0744429020745314
29,0,Travel_Rarely,986,Research & Development,3,4,Medical,2,Male,93,2,3,Research Director,3,Married,11935,21526,1,No,18,3,3,0,10,2,3,10,2,0,7,0.0,0.2,0.2,0.7,0.3,Low,1,🟠 Promotion-Stalled,0,-0.6108823483962619,-0.6368531058331441
29,1,Travel_Rarely,408,Research & Development,25,5,Technical Degree,3,Female,71,2,1,Research Scientist,2,Married,2546,18300,5,No,16,3,2,0,6,2,4,2,2,1,1,0.5,1.0,1.0,0.5,0.1666666666666666,Medium,1,🟠 Promotion-Stalled,0,0.10513290959030654,-1.0092901538378543
19,1,Travel_Rarely,489,Human Resources,2,2,Technical Degree,1,Male,52,2,1,Human Resources,4,Single,2564,18437,1,No,12,3,3,0,1,3,4,1,0,0,0,0.0,0.0,3.0,0.0,1.0,Low,0,🚀 Fast-Track Performers,1,-4.369093384966694,1.0650995899099744
30,0,Non-Travel,1398,Sales,22,4,Other,3,Female,69,3,3,Sales Executive,1,Married,8412,2890,0,No,11,3,3,0,10,3,3,9,8,7,8,0.7777777777777778,0.8888888888888888,0.3333333333333333,0.8888888888888888,0.3,High,1,🟠 Promotion-Stalled,0,2.442546824269372,1.064021540962593
57,0,Travel_Rarely,210,Sales,29,3,Marketing,1,Male,56,2,4,Manager,4,Divorced,14118,22102,3,No,12,3,3,1,32,3,2,1,0,0,0,0.0,0.0,3.0,0.0,0.125,Low,0,🚀 Fast-Track Performers,1,-2.4739362881306146,1.6095620262397852
50,0,Travel_Rarely,1099,Research & Development,29,4,Life Sciences,2,Male,88,2,4,Manager,3,Married,17046,9314,0,No,15,3,2,1,28,2,3,27,10,15,7,0.5555555555555556,0.3703703703703703,0.074074074074074,0.2592592592592592,0.1428571428571428,Medium,1,🟠 Promotion-Stalled,0,2.8164514942145726,3.1808800597326785
30,0,Non-Travel,1116,Research & Development,2,3,Medical,3,Female,49,3,1,Laboratory Technician,4,Single,2564,7181,0,No,14,3,3,0,12,2,2,11,7,6,7,0.5454545454545454,0.6363636363636364,0.1818181818181818,0.6363636363636364,0.0833333333333333,Medium,1,🟠 Promotion-Stalled,0,1.5155229118894824,-0.07619753827484035
60,0,Travel_Frequently,1499,Sales,28,3,Marketing,3,Female,80,2,3,Sales Executive,1,Married,10266,2845,4,No,19,3,4,0,22,5,4,18,13,13,11,0.7222222222222222,0.7222222222222222,0.2777777777777778,0.6111111111111112,0.1363636363636363,High,1,🟠 Promotion-Stalled,0,3.2840248486809878,2.987779381171103
47,0,Travel_Rarely,983,Research & Development,2,2,Medical,1,Female,65,3,2,Manufacturing Director,4,Divorced,5070,7389,5,No,13,3,3,3,20,2,3,5,0,0,4,0.0,0.0,0.4,0.8,0.1,Low,1,🟠 Promotion-Stalled,0,-0.939480855608772,-1.0078671048247605
46,0,Travel_Rarely,1009,Research & Development,2,3,Life Sciences,1,Male,51,3,4,Research Director,3,Married,17861,2288,6,No,13,3,3,0,26,2,1,3,2,0,1,0.0,0.6666666666666666,0.6666666666666666,0.3333333333333333,0.1538461538461538,Medium,1,🟠 Promotion-Stalled,0,-0.17955535669794248,-0.17796346351430298
35,0,Travel_Rarely,144,Research & Development,22,3,Life Sciences,4,Male,46,1,1,Laboratory Technician,3,Single,4230,19225,0,No,15,3,3,0,6,2,3,5,4,4,3,0.8,0.8,0.4,0.6,0.1666666666666666,High,1,🟠 Promotion-Stalled,0,1.0645505088925866,-0.2720758373317953
54,0,Travel_Rarely,548,Research & Development,8,4,Life Sciences,3,Female,42,3,2,Laboratory Technician,3,Single,3780,23428,7,No,11,3,3,0,19,3,3,1,0,0,0,0.0,0.0,3.0,0.0,0.1052631578947368,Low,0,🚀 Fast-Track Performers,1,-2.845263031493742,0.90065641025348
34,0,Travel_Rarely,1303,Research & Development,2,4,Life Sciences,4,Male,62,2,1,Research Scientist,3,Divorced,2768,8416,3,No,12,3,3,1,14,3,3,7,3,5,7,0.7142857142857143,0.4285714285714285,0.4285714285714285,1.0,0.0714285714285714,Medium,1,🟠 Promotion-Stalled,0,1.0250152849848722,-0.0611358619975273
46,0,Travel_Rarely,1125,Sales,10,3,Marketing,3,Female,94,2,3,Sales Executive,4,Married,9071,11563,2,Yes,19,3,3,1,15,3,3,3,2,1,2,0.3333333333333333,0.6666666666666666,1.0,0.6666666666666666,0.2,Medium,1,🟠 Promotion-Stalled,0,0.010527666509318816,-0.07290591428325868
31,0,Travel_Rarely,1274,Research & Development,9,1,Life Sciences,3,Male,33,3,3,Manufacturing Director,2,Divorced,10648,14394,1,No,25,4,4,1,13,6,4,13,8,0,8,0.0,0.6153846153846154,0.4615384615384615,0.6153846153846154,0.2307692307692307,Medium,1,🟠 Promotion-Stalled,0,0.1310156772693871,0.4573135211312347
33,1,Travel_Rarely,1277,Research & Development,15,1,Medical,2,Male,56,3,3,Manager,3,Married,13610,24619,7,Yes,12,3,4,0,15,2,4,7,6,7,7,1.0,0.8571428571428571,0.2857142857142857,1.0,0.2,High,1,🟠 Promotion-Stalled,0,2.696804149073784,0.7243359848863163
33,1,Travel_Rarely,587,Research & Development,10,1,Medical,1,Male,38,1,1,Laboratory Technician,4,Divorced,3408,6705,7,No,13,3,1,3,8,2,3,4,3,1,3,0.25,0.75,0.5,0.75,0.125,Medium,1,🟠 Promotion-Stalled,0,0.2637302004451588,-1.3928688975030499
30,0,Travel_Rarely,413,Sales,7,1,Marketing,4,Male,57,3,1,Sales Representative,2,Single,2983,18398,0,No,14,3,1,0,4,3,3,3,2,1,2,0.3333333333333333,0.6666666666666666,1.0,0.6666666666666666,0.25,Medium,1,🟠 Promotion-Stalled,0,-0.43651787727867813,-0.6943918013770437
35,0,Travel_Rarely,1276,Research & Development,16,3,Life Sciences,4,Male,72,3,3,Healthcare Representative,3,Married,7632,14295,4,Yes,12,3,3,0,10,2,3,8,7,0,0,0.0,0.875,0.25,0.0,0.3,Medium,1,🟠 Promotion-Stalled,0,0.0960174170084565,-0.18834493700255348
31,1,Travel_Frequently,534,Research & Development,20,3,Life Sciences,1,Male,66,3,3,Healthcare Representative,3,Married,9824,22908,3,No,12,3,1,0,12,2,3,1,0,0,0,0.0,0.0,2.0,0.0,0.25,Low,0,🚀 Fast-Track Performers,1,-2.37555147473389,0.7529093362950408
34,1,Travel_Frequently,988,Human Resources,23,3,Human Resources,2,Female,43,3,3,Human Resources,1,Divorced,9950,11533,9,Yes,15,3,3,3,11,2,3,3,2,0,2,0.0,0.6666666666666666,0.6666666666666666,0.6666666666666666,0.2727272727272727,Medium,1,🟠 Promotion-Stalled,0,-0.24666083996791235,-0.8420528630043481
42,0,Travel_Frequently,1474,Research & Development,5,2,Other,2,Male,97,3,1,Laboratory Technician,3,Married,2093,9260,4,No,17,3,4,1,8,4,3,2,2,2,0,1.0,1.0,2.0,0.0,0.125,High,1,🟠 Promotion-Stalled,0,-0.36128178768628905,0.9849744952490199
36,0,Non-Travel,635,Sales,10,4,Medical,2,Male,32,3,3,Sales Executive,4,Single,9980,15318,1,No,14,3,4,0,10,3,2,10,3,9,7,0.9,0.3,0.3,0.7,0.3,Medium,1,🟠 Promotion-Stalled,0,1.3127997024188383,1.9714776347563947
22,1,Travel_Frequently,1368,Research & Development,4,1,Technical Degree,3,Male,99,2,1,Laboratory Technician,3,Single,3894,9129,5,No,16,3,3,0,4,3,3,2,2,1,2,0.5,1.0,1.5,1.0,0.25,Medium,1,🟠 Promotion-Stalled,0,0.1861987569998209,-1.0594972595694454
48,0,Travel_Rarely,163,Sales,2,5,Marketing,2,Female,37,3,2,Sales Executive,4,Married,4051,19658,2,No,14,3,1,1,14,2,3,9,7,6,7,0.6666666666666666,0.7777777777777778,0.2222222222222222,0.7777777777777778,0.1428571428571428,High,1,🟠 Promotion-Stalled,0,2.013047055894416,0.1666912058664767
55,0,Travel_Rarely,1117,Sales,18,5,Life Sciences,1,Female,83,3,4,Manager,2,Single,16835,9873,3,No,23,4,4,0,37,2,3,10,9,7,7,0.7,0.9,0.2,0.7,0.1081081081081081,High,1,🟠 Promotion-Stalled,0,2.867850252004929,0.9905200103337638
41,0,Non-Travel,267,Sales,10,2,Life Sciences,4,Male,56,3,2,Sales Executive,4,Single,6230,13430,7,No,14,3,4,0,16,3,3,14,3,1,10,0.0714285714285714,0.2142857142857142,0.2142857142857142,0.7142857142857143,0.125,Low,1,🟠 Promotion-Stalled,0,-0.29111209665243654,-0.5126126684948982
35,0,Travel_Rarely,619,Sales,1,3,Marketing,2,Male,85,3,2,Sales Executive,3,Married,4717,18659,9,No,11,3,3,0,15,2,3,11,9,6,9,0.5454545454545454,0.8181818181818182,0.1818181818181818,0.8181818181818182,0.1333333333333333,Medium,1,🟠 Promotion-Stalled,0,2.2903983461892583,0.06743606557518392
40,0,Travel_Rarely,302,Research & Development,6,3,Life Sciences,2,Female,75,3,4,Manufacturing Director,3,Single,13237,20364,7,No,15,3,3,0,22,3,3,20,6,5,13,0.25,0.3,0.15,0.65,0.1818181818181818,Low,1,🟠 Promotion-Stalled,0,1.0589133051532134,1.117302613415795
39,0,Travel_Frequently,443,Research & Development,8,1,Life Sciences,3,Female,48,3,1,Laboratory Technician,3,Married,3755,17872,1,No,11,3,1,1,8,3,3,8,3,0,7,0.0,0.375,0.375,0.875,0.125,Low,1,🟠 Promotion-Stalled,0,-0.3767377953277347,-1.3215890301032391
31,0,Travel_Rarely,828,Sales,2,1,Life Sciences,2,Male,77,3,2,Sales Executive,4,Single,6582,8346,4,Yes,13,3,3,0,10,2,4,6,5,0,5,0.0,0.8333333333333334,0.3333333333333333,0.8333333333333334,0.2,Medium,1,🟠 Promotion-Stalled,0,0.5195023652021845,-1.5200599354067126
42,0,Travel_Rarely,319,Research & Development,24,3,Medical,4,Male,56,3,3,Manufacturing Director,1,Married,7406,6950,1,Yes,21,4,4,1,10,5,2,10,9,5,8,0.5,0.9,0.5,0.8,0.3,Medium,1,🟠 Promotion-Stalled,0,1.7337331610316542,1.1295228855783397
45,0,Travel_Rarely,561,Sales,2,3,Other,4,Male,61,3,2,Sales Executive,2,Married,4805,16177,0,No,19,3,2,1,9,3,4,8,7,3,7,0.375,0.875,0.375,0.875,0.2222222222222222,Medium,1,🟠 Promotion-Stalled,0,1.3371743472923314,-0.44494491111799706
26,1,Travel_Frequently,426,Human Resources,17,4,Life Sciences,2,Female,58,3,1,Human Resources,3,Divorced,2741,22808,0,Yes,11,3,2,1,8,2,2,7,7,1,0,0.1428571428571428,1.0,0.2857142857142857,0.0,0.125,Medium,1,🟠 Promotion-Stalled,0,0.31286653485350563,-0.7902985390991749
29,0,Travel_Rarely,232,Research & Development,19,3,Technical Degree,4,Male,34,3,2,Manufacturing Director,4,Divorced,4262,22645,4,No,12,3,2,2,8,2,4,3,2,1,2,0.3333333333333333,0.6666666666666666,0.6666666666666666,0.6666666666666666,0.25,Medium,1,🟠 Promotion-Stalled,0,-0.004199017981020507,-0.7063496499374506
33,0,Travel_Rarely,922,Research & Development,1,5,Medical,1,Female,95,4,4,Research Director,3,Divorced,16184,22578,4,No,19,3,3,1,10,2,3,6,1,0,5,0.0,0.1666666666666666,0.3333333333333333,0.8333333333333334,0.4,Low,1,🟠 Promotion-Stalled,0,-0.6442880842973694,-0.34827614182063293
31,0,Travel_Rarely,688,Sales,7,3,Life Sciences,3,Male,44,2,3,Manager,4,Divorced,11557,25291,9,No,21,4,3,1,10,3,2,5,4,0,1,0.0,0.8,0.6,0.2,0.3,Medium,1,🟠 Promotion-Stalled,0,-0.44090293143347237,-0.1574363320316398
18,1,Travel_Frequently,1306,Sales,5,3,Marketing,2,Male,69,3,1,Sales Representative,2,Single,1878,8059,1,Yes,14,3,4,0,0,3,3,0,0,0,0,0.0,0.0,3.0,0.0,0.0,Low,0,🚀 Fast-Track Performers,1,-2.9142021647353875,0.44933657668192956
40,0,Non-Travel,1094,Sales,28,3,Other,3,Male,58,1,3,Sales Executive,1,Divorced,10932,11373,3,No,15,3,3,1,20,2,3,1,0,0,1,0.0,0.0,2.0,1.0,0.15,Low,1,🟠 Promotion-Stalled,0,-1.2759501512387303,-0.4123639590370487
41,0,Non-Travel,509,Research & Development,2,4,Other,1,Female,62,2,2,Healthcare Representative,3,Single,6811,2112,2,Yes,17,3,1,0,10,3,3,8,7,0,7,0.0,0.875,0.375,0.875,0.2,Medium,1,🟠 Promotion-Stalled,0,0.7260466043922661,-1.2661725151018741
26,0,Travel_Rarely,775,Sales,29,2,Medical,1,Male,45,3,2,Sales Executive,3,Divorced,4306,4267,5,No,12,3,1,2,8,5,3,0,0,0,0,0.0,0.0,5.0,0.0,0.25,Low,0,🚀 Fast-Track Performers,1,-4.0352360158024965,2.1276805296272134
35,0,Travel_Rarely,195,Sales,1,3,Medical,1,Female,80,3,2,Sales Executive,3,Single,4859,6698,1,No,16,3,4,0,5,3,3,5,4,0,3,0.0,0.8,0.6,0.6,0.4,Medium,1,🟠 Promotion-Stalled,0,-0.36876084631726364,-0.8234968651613138
34,0,Travel_Rarely,258,Sales,21,4,Life Sciences,4,Male,74,4,2,Sales Executive,4,Single,5337,19921,1,No,12,3,4,0,10,3,3,10,7,5,7,0.5,0.7,0.3,0.7,0.2,Medium,1,🟠 Promotion-Stalled,0,1.4134599356976048,0.37422967354913134
26,1,Travel_Rarely,471,Research & Development,24,3,Technical Degree,3,Male,66,1,1,Laboratory Technician,4,Single,2340,23213,1,Yes,18,3,2,0,1,3,1,1,0,0,0,0.0,0.0,3.0,0.0,1.0,Low,0,🚀 Fast-Track Performers,1,-4.409099410221005,0.9959716670935554
37,0,Travel_Rarely,799,Research & Development,1,3,Technical Degree,2,Female,59,3,3,Manufacturing Director,4,Single,7491,23848,4,No,17,3,4,0,12,3,4,6,5,1,2,0.1666666666666666,0.8333333333333334,0.5,0.3333333333333333,0.25,Medium,1,🟠 Promotion-Stalled,0,0.24223346556879227,0.01160621210656326
46,0,Travel_Frequently,1034,Research & Development,18,1,Medical,1,Female,86,3,3,Healthcare Representative,3,Married,10527,8984,5,No,11,3,4,0,28,3,2,2,2,1,2,0.5,1.0,1.5,1.0,0.1071428571428571,Medium,1,🟠 Promotion-Stalled,0,0.8362563331576865,-0.377836488065629
41,0,Travel_Rarely,1276,Sales,2,5,Life Sciences,2,Female,91,3,4,Manager,1,Married,16595,5626,7,No,16,3,2,1,22,2,3,18,16,11,8,0.6111111111111112,0.8888888888888888,0.1111111111111111,0.4444444444444444,0.1818181818181818,High,1,🟠 Promotion-Stalled,0,3.8178501576008936,2.1902917189671784
37,0,Non-Travel,142,Sales,9,4,Medical,1,Male,69,3,3,Sales Executive,2,Divorced,8834,24666,1,No,13,3,4,1,9,6,3,9,5,7,7,0.7777777777777778,0.5555555555555556,0.6666666666666666,0.7777777777777778,0.3333333333333333,Medium,1,🟠 Promotion-Stalled,0,1.1554510208116777,2.331729386601727
52,0,Travel_Rarely,956,Research & Development,6,2,Technical Degree,4,Male,78,3,2,Research Scientist,1,Divorced,5577,22087,3,Yes,12,3,2,2,18,3,3,10,9,6,9,0.6,0.9,0.3,0.9,0.1111111111111111,Medium,1,🟠 Promotion-Stalled,0,2.4051332709684017,0.26592853391029625
32,1,Non-Travel,1474,Sales,11,4,Other,4,Male,60,4,2,Sales Executive,3,Married,4707,23914,8,No,12,3,4,0,6,2,3,4,2,1,2,0.25,0.5,0.5,0.5,0.3333333333333333,Medium,1,🟠 Promotion-Stalled,0,-0.4783149927652754,-0.4625481595874137
24,0,Travel_Frequently,535,Sales,24,3,Medical,4,Male,38,3,1,Sales Representative,4,Married,2400,5530,0,No,13,3,3,2,3,3,3,2,2,2,1,1.0,1.0,1.5,0.5,0.3333333333333333,High,1,🟠 Promotion-Stalled,0,0.12887198108614514,0.18270636141429575
38,0,Travel_Rarely,1495,Research & Development,10,3,Medical,3,Female,76,3,2,Healthcare Representative,3,Married,9824,22174,3,No,19,3,3,1,18,4,3,1,0,0,0,0.0,0.0,4.0,0.0,0.1111111111111111,Low,0,🚀 Fast-Track Performers,1,-3.392589937423297,1.3883305299590618
37,0,Travel_Rarely,446,Research & Development,1,4,Life Sciences,2,Female,65,3,2,Manufacturing Director,2,Married,6447,15701,6,No,12,3,2,1,8,2,2,6,5,4,3,0.6666666666666666,0.8333333333333334,0.3333333333333333,0.5,0.25,High,1,🟠 Promotion-Stalled,0,1.143455559475918,0.13992796766645163
49,0,Travel_Rarely,1245,Research & Development,18,4,Life Sciences,4,Male,58,2,5,Research Director,3,Divorced,19502,2125,1,Yes,17,3,3,1,31,5,3,31,9,0,9,0.0,0.2903225806451613,0.1612903225806451,0.2903225806451613,0.1612903225806451,Low,1,🟠 Promotion-Stalled,0,0.3347495221679191,1.4930006459513414
24,0,Travel_Rarely,691,Research & Development,23,3,Medical,2,Male,89,4,1,Research Scientist,4,Married,2725,21630,1,Yes,11,3,2,2,6,3,3,6,5,1,4,0.1666666666666666,0.8333333333333334,0.5,0.6666666666666666,0.1666666666666666,Medium,1,🟠 Promotion-Stalled,0,0.3218796942288936,-1.0345335030547027
26,0,Travel_Rarely,703,Sales,28,2,Marketing,1,Male,66,3,2,Sales Executive,2,Married,6272,7428,1,No,20,4,4,2,6,5,4,5,3,1,4,0.2,0.6,1.0,0.8,0.3333333333333333,Medium,1,🟠 Promotion-Stalled,0,-0.4913362999664187,0.05795437937570195
24,0,Travel_Rarely,823,Research & Development,17,2,Other,4,Male,94,2,1,Laboratory Technician,2,Married,2127,9100,1,No,21,4,4,1,1,2,3,1,0,0,0,0.0,0.0,2.0,0.0,1.0,Low,0,🚀 Fast-Track Performers,1,-3.9437030041698673,0.38502922323207794
50,0,Travel_Frequently,1246,Human Resources,3,3,Medical,1,Male,99,3,5,Manager,2,Married,18200,7999,1,No,11,3,3,1,32,2,3,32,5,10,7,0.3125,0.15625,0.0625,0.21875,0.15625,Medium,1,🟠 Promotion-Stalled,0,1.366174232115661,2.5954206688387726
25,0,Travel_Rarely,622,Sales,13,1,Medical,2,Male,40,3,1,Sales Representative,3,Married,2096,26376,1,No,11,3,3,0,7,1,3,7,4,0,6,0.0,0.5714285714285714,0.1428571428571428,0.8571428571428571,0.1428571428571428,Medium,1,🟠 Promotion-Stalled,0,0.17754293769968477,-2.077004974875344
24,1,Travel_Frequently,1287,Research & Development,7,3,Life Sciences,1,Female,55,3,1,Laboratory Technician,3,Married,2886,14168,1,Yes,16,3,4,1,6,4,3,6,3,1,2,0.1666666666666666,0.5,0.6666666666666666,0.3333333333333333,0.1666666666666666,Medium,1,🟠 Promotion-Stalled,0,-0.8022967470534972,-0.18556346409680016
30,1,Travel_Frequently,448,Sales,12,4,Life Sciences,2,Male,74,2,1,Sales Representative,1,Married,2033,14470,1,No,18,3,3,1,1,2,4,1,0,0,0,0.0,0.0,2.0,0.0,1.0,Low,0,🚀 Fast-Track Performers,1,-3.923699991542712,0.41959318464028744
34,0,Travel_Rarely,254,Research & Development,1,2,Life Sciences,2,Male,83,2,1,Research Scientist,4,Married,3622,22794,1,Yes,13,3,4,1,6,3,3,6,5,1,3,0.1666666666666666,0.8333333333333334,0.5,0.5,0.1666666666666666,Medium,1,🟠 Promotion-Stalled,0,0.14641407249011631,-0.8790032612110162
31,1,Travel_Rarely,1365,Sales,13,4,Medical,2,Male,46,3,2,Sales Executive,1,Divorced,4233,11512,2,No,17,3,3,0,9,2,1,3,1,1,2,0.3333333333333333,0.3333333333333333,0.6666666666666666,0.6666666666666666,0.2222222222222222,Medium,1,🟠 Promotion-Stalled,0,-0.4937217714993168,-0.5376456338400836
35,0,Travel_Rarely,538,Research & Development,25,2,Other,1,Male,54,2,2,Laboratory Technician,4,Single,3681,14004,4,No,14,3,4,0,9,3,3,3,2,0,2,0.0,0.6666666666666666,1.0,0.6666666666666666,0.2222222222222222,Medium,1,🟠 Promotion-Stalled,0,-0.5848238299726193,-0.825466425373572
31,0,Travel_Rarely,525,Sales,6,4,Medical,1,Male,66,4,2,Sales Executive,4,Divorced,5460,6219,4,No,22,4,4,2,13,4,4,7,7,5,7,0.7142857142857143,1.0,0.5714285714285714,1.0,0.1538461538461538,High,1,🟠 Promotion-Stalled,0,2.032294794560051,0.22879618870419224
27,0,Travel_Rarely,798,Research & Development,6,4,Medical,1,Female,66,2,1,Research Scientist,3,Divorced,2187,5013,0,No,12,3,3,2,6,5,2,5,3,0,3,0.0,0.6,1.0,0.6,0.1666666666666666,Medium,1,🟠 Promotion-Stalled,0,-0.8728398710552183,-0.4348704246051182
37,0,Travel_Rarely,558,Sales,2,3,Marketing,4,Male,75,3,2,Sales Executive,3,Married,9602,3010,4,Yes,11,3,3,1,17,3,2,3,0,1,0,0.3333333333333333,0.0,1.0,0.0,0.1176470588235294,Medium,0,🚀 Fast-Track Performers,0,-1.6611625363871052,0.8159298070814647
20,0,Travel_Rarely,959,Research & Development,1,3,Life Sciences,4,Female,83,2,1,Research Scientist,2,Single,2836,11757,1,No,13,3,4,0,1,0,4,1,0,0,0,0.0,0.0,0.0,0.0,1.0,Low,0,🚀 Fast-Track Performers,1,-2.9195627998075313,-0.6755571779192324
42,0,Travel_Rarely,622,Research & Development,2,4,Life Sciences,3,Female,81,3,2,Healthcare Representative,4,Married,4089,5718,1,No,13,3,2,2,10,4,3,10,2,2,2,0.2,0.2,0.4,0.2,0.2,Low,1,🟠 Promotion-Stalled,0,-0.9662522566088717,0.6986555437163291
43,0,Travel_Rarely,782,Research & Development,6,4,Other,2,Male,50,2,4,Research Director,4,Divorced,16627,2671,4,Yes,14,3,3,1,21,3,2,1,0,0,0,0.0,0.0,3.0,0.0,0.1904761904761904,Low,0,🚀 Fast-Track Performers,1,-2.583405511916636,1.6253284572961075
38,0,Travel_Rarely,362,Research & Development,1,1,Life Sciences,3,Female,43,3,1,Research Scientist,1,Single,2619,14561,3,No,17,3,4,0,8,3,2,0,0,0,0,0.0,0.0,3.0,0.0,0.125,Low,0,🚀 Fast-Track Performers,1,-3.117733497610386,0.4888626618098749
43,0,Travel_Frequently,1001,Research & Development,9,5,Medical,4,Male,72,3,2,Laboratory Technician,3,Divorced,5679,19627,3,Yes,13,3,2,1,10,3,3,8,7,4,7,0.5,0.875,0.375,0.875,0.2,Medium,1,🟠 Promotion-Stalled,0,1.6288377433410766,-0.11195565843221647
48,0,Travel_Rarely,1236,Research & Development,1,4,Life Sciences,4,Female,40,2,4,Manager,1,Married,15402,17997,7,No,11,3,1,1,21,3,1,3,2,0,2,0.0,0.6666666666666666,1.0,0.6666666666666666,0.1904761904761904,Medium,1,🟠 Promotion-Stalled,0,-0.11123788023093976,-0.10099047566531347
44,0,Travel_Rarely,1112,Human Resources,1,4,Life Sciences,1,Female,50,2,2,Human Resources,3,Single,5985,26894,4,No,11,3,2,0,10,1,4,2,2,0,2,0.0,1.0,0.5,1.0,0.2,Medium,1,🟠 Promotion-Stalled,0,0.5309670176994143,-2.1719264251967774
34,0,Travel_Rarely,204,Sales,14,3,Technical Degree,3,Female,31,3,1,Sales Representative,3,Divorced,2579,2912,1,Yes,18,3,4,2,8,3,3,8,2,0,6,0.0,0.25,0.375,0.75,0.125,Low,1,🟠 Promotion-Stalled,0,-0.8073644844705928,-1.199740150269307
27,1,Travel_Rarely,1420,Sales,2,1,Marketing,3,Male,85,3,1,Sales Representative,1,Divorced,3041,16346,0,No,11,3,2,1,5,3,3,4,3,0,2,0.0,0.75,0.75,0.5,0.2,Medium,1,🟠 Promotion-Stalled,0,-0.5811641600557961,-1.0837226897299828
21,0,Travel_Rarely,1343,Sales,22,1,Technical Degree,3,Male,49,3,1,Sales Representative,3,Single,3447,24444,1,No,11,3,3,0,3,2,3,3,2,1,2,0.3333333333333333,0.6666666666666666,0.6666666666666666,0.6666666666666666,0.3333333333333333,Medium,1,🟠 Promotion-Stalled,0,-0.32336984563759014,-0.9997992191382424
44,0,Travel_Rarely,1315,Research & Development,3,4,Other,4,Male,35,3,5,Manager,4,Married,19513,9358,4,Yes,12,3,1,1,26,2,4,2,2,0,1,0.0,1.0,1.0,0.5,0.1923076923076923,Medium,1,🟠 Promotion-Stalled,0,0.3766886333857,-0.1530775444565056
22,0,Travel_Rarely,604,Research & Development,6,1,Medical,1,Male,69,3,1,Research Scientist,3,Married,2773,12145,0,No,20,4,4,0,3,3,3,2,2,2,2,1.0,1.0,1.5,1.0,0.3333333333333333,High,1,🟠 Promotion-Stalled,0,0.568589124918136,-0.4336615302190046
33,0,Travel_Rarely,1216,Sales,8,4,Marketing,3,Male,39,3,2,Sales Executive,3,Divorced,7104,20431,0,No,12,3,4,0,6,3,3,5,0,1,2,0.2,0.0,0.6,0.4,0.3333333333333333,Low,0,🚀 Fast-Track Performers,0,-1.5445221057048404,0.26862439459753984
32,0,Travel_Rarely,646,Research & Development,9,4,Life Sciences,1,Female,92,3,2,Research Scientist,4,Married,6322,18089,1,Yes,12,3,4,1,6,2,2,6,4,0,5,0.0,0.6666666666666666,0.3333333333333333,0.8333333333333334,0.3333333333333333,Medium,1,🟠 Promotion-Stalled,0,0.021128574001167306,-1.3260994484930637
30,0,Travel_Frequently,160,Research & Development,3,3,Medical,3,Female,71,3,1,Research Scientist,3,Divorced,2083,22653,1,No,20,4,3,1,1,2,3,1,0,0,0,0.0,0.0,2.0,0.0,1.0,Low,0,🚀 Fast-Track Performers,1,-3.9370353332941486,0.3965505437014811
53,0,Travel_Rarely,238,Sales,1,1,Medical,4,Female,34,3,2,Sales Executive,1,Single,8381,7507,7,No,20,4,4,0,18,2,4,14,7,8,10,0.5714285714285714,0.5,0.1428571428571428,0.7142857142857143,0.1111111111111111,Medium,1,🟠 Promotion-Stalled,0,1.8276705013363046,0.592777723474907
34,0,Travel_Rarely,1397,Research & Development,1,5,Life Sciences,2,Male,42,3,1,Research Scientist,4,Married,2691,7660,1,No,12,3,4,1,10,4,2,10,9,8,8,0.8,0.9,0.4,0.8,0.1,High,1,🟠 Promotion-Stalled,0,2.396060119969481,0.8440319828467737
45,1,Travel_Frequently,306,Sales,26,4,Life Sciences,1,Female,100,3,2,Sales Executive,1,Married,4286,5630,2,No,14,3,4,2,5,4,3,1,1,0,0,0.0,1.0,4.0,0.0,0.4,Medium,0,🚀 Fast-Track Performers,1,-2.535675253559744,0.8169312298169372
26,0,Travel_Rarely,991,Research & Development,6,3,Life Sciences,3,Female,71,3,1,Laboratory Technician,4,Married,2659,17759,1,Yes,13,3,3,1,3,2,3,3,2,0,2,0.0,0.6666666666666666,0.6666666666666666,0.6666666666666666,0.3333333333333333,Medium,1,🟠 Promotion-Stalled,0,-0.7292814962828817,-1.4918162833153963
37,0,Travel_Rarely,482,Research & Development,3,3,Other,3,Male,36,3,3,Manufacturing Director,3,Married,9434,9606,1,No,15,3,3,1,10,2,3,10,7,7,8,0.7,0.7,0.2,0.8,0.3,High,1,🟠 Promotion-Stalled,0,2.0648393281679684,0.8302481591317262
29,0,Travel_Rarely,1176,Sales,3,2,Medical,2,Female,62,3,2,Sales Executive,3,Married,5561,3487,1,No,14,3,1,1,6,5,2,6,0,1,2,0.1666666666666666,0.0,0.8333333333333334,0.3333333333333333,0.3333333333333333,Low,0,🚀 Fast-Track Performers,0,-1.9060349946736121,0.9434708187967908
35,0,Travel_Rarely,1017,Research & Development,6,4,Life Sciences,2,Male,82,1,2,Research Scientist,4,Single,6646,19368,1,No,13,3,2,0,17,3,3,17,11,11,8,0.6470588235294118,0.6470588235294118,0.1764705882352941,0.4705882352941176,0.1176470588235294,High,1,🟠 Promotion-Stalled,0,2.5931964751193246,1.819830856268328
33,0,Travel_Frequently,1296,Research & Development,6,3,Life Sciences,3,Male,30,3,2,Healthcare Representative,4,Divorced,7725,5335,3,No,23,4,3,1,15,2,1,13,11,4,7,0.3076923076923077,0.8461538461538461,0.1538461538461538,0.5384615384615384,0.1333333333333333,Medium,1,🟠 Promotion-Stalled,0,1.7964134467036377,-0.27323363650372234
54,0,Travel_Rarely,397,Human Resources,19,4,Medical,3,Male,88,3,3,Human Resources,2,Married,10725,6729,2,No,15,3,3,1,16,1,4,9,7,7,1,0.7777777777777778,0.7777777777777778,0.1111111111111111,0.1111111111111111,0.1875,High,1,🟠 Promotion-Stalled,0,1.828788926093006,1.1874963626377306
36,0,Travel_Rarely,913,Research & Development,9,2,Medical,2,Male,48,2,2,Manufacturing Director,2,Divorced,8847,13934,2,Yes,11,3,3,1,13,2,3,3,2,0,2,0.0,0.6666666666666666,0.6666666666666666,0.6666666666666666,0.1538461538461538,Medium,1,🟠 Promotion-Stalled,0,-0.24893202503927728,-1.2207950961957448
27,0,Travel_Rarely,1115,Research & Development,3,4,Medical,1,Male,54,2,1,Research Scientist,4,Single,2045,15174,0,No,13,3,4,0,5,0,3,4,2,1,1,0.25,0.5,0.0,0.25,0.2,Medium,1,🟠 Promotion-Stalled,0,-0.37238190857449266,-1.3715798452046915
20,1,Travel_Rarely,1362,Research & Development,10,1,Medical,4,Male,32,3,1,Research Scientist,3,Single,1009,26999,1,Yes,11,3,4,0,1,5,3,1,0,1,1,1.0,0.0,5.0,1.0,1.0,Medium,0,🚀 Fast-Track Performers,1,-3.4125187385260816,2.2411278963583823
33,1,Travel_Frequently,1076,Research & Development,3,3,Life Sciences,1,Male,70,3,1,Research Scientist,1,Single,3348,3164,1,Yes,11,3,1,0,10,3,3,10,8,9,7,0.9,0.8,0.3,0.7,0.1,High,1,🟠 Promotion-Stalled,0,2.390483960116564,0.9404506758054545
35,0,Non-Travel,727,Research & Development,3,3,Life Sciences,3,Male,41,2,1,Laboratory Technician,3,Married,1281,16900,1,No,18,3,3,2,1,3,3,1,0,0,0,0.0,0.0,3.0,0.0,1.0,Low,0,🚀 Fast-Track Performers,1,-4.409099410221005,0.9959716670935554
23,0,Travel_Rarely,885,Research & Development,4,3,Medical,1,Male,58,4,1,Research Scientist,1,Married,2819,8544,2,No,16,3,1,1,5,3,4,3,2,0,2,0.0,0.6666666666666666,1.0,0.6666666666666666,0.2,Medium,1,🟠 Promotion-Stalled,0,-0.7690181998248327,-1.2160448841686597
25,0,Travel_Rarely,810,Sales,8,3,Life Sciences,4,Male,57,4,2,Sales Executive,2,Married,4851,15678,0,No,22,4,3,1,4,4,3,3,2,1,2,0.3333333333333333,0.6666666666666666,1.3333333333333333,0.6666666666666666,0.5,Medium,1,🟠 Promotion-Stalled,0,-0.8689268322588806,0.10534672549451655
38,0,Travel_Rarely,243,Sales,7,4,Marketing,4,Female,46,2,2,Sales Executive,4,Single,4028,7791,0,No,20,4,1,0,8,2,3,7,7,0,5,0.0,1.0,0.2857142857142857,0.7142857142857143,0.25,Medium,1,🟠 Promotion-Stalled,0,0.7337540168394073,-1.5243335023435973
29,0,Travel_Frequently,806,Research & Development,1,4,Life Sciences,2,Male,76,1,1,Research Scientist,4,Divorced,2720,18959,1,No,18,3,4,1,10,5,3,10,7,2,8,0.2,0.7,0.5,0.8,0.1,Medium,1,🟠 Promotion-Stalled,0,0.577391803518518,-0.3298581308476583
48,0,Travel_Rarely,817,Sales,2,1,Marketing,2,Male,56,4,2,Sales Executive,2,Married,8120,18597,3,No,12,3,4,0,12,3,3,2,2,2,2,1.0,1.0,1.5,1.0,0.1666666666666666,High,1,🟠 Promotion-Stalled,0,1.070121203954735,-0.0859134411510207
27,0,Travel_Frequently,1410,Sales,3,1,Medical,4,Female,71,4,2,Sales Executive,4,Divorced,4647,16673,1,Yes,20,4,2,2,6,3,3,6,5,0,4,0.0,0.8333333333333334,0.5,0.6666666666666666,0.3333333333333333,Medium,1,🟠 Promotion-Stalled,0,-0.03308683848392911,-1.000495604142905
37,0,Travel_Rarely,1225,Research & Development,10,2,Life Sciences,4,Male,80,4,1,Research Scientist,4,Single,4680,15232,3,No,17,3,1,0,4,2,3,1,0,0,0,0.0,0.0,2.0,0.0,0.25,Low,0,🚀 Fast-Track Performers,1,-2.8158623991799354,-0.013425774107238218
50,0,Travel_Rarely,1207,Research & Development,28,1,Medical,4,Male,74,4,1,Laboratory Technician,3,Married,3221,3297,1,Yes,11,3,3,3,20,3,3,20,8,3,8,0.15,0.4,0.15,0.4,0.05,Low,1,🟠 Promotion-Stalled,0,0.4681507733724395,-0.13755291182819762
34,0,Travel_Rarely,1442,Research & Development,9,3,Medical,4,Female,46,2,3,Healthcare Representative,2,Single,8621,17654,1,No,14,3,2,0,9,3,4,8,7,7,7,0.875,0.875,0.375,0.875,0.3333333333333333,High,1,🟠 Promotion-Stalled,0,2.286983157485837,1.1410153391919438
24,1,Travel_Rarely,693,Sales,3,2,Life Sciences,1,Female,65,3,2,Sales Executive,3,Single,4577,24785,9,No,14,3,1,0,4,3,3,2,2,2,0,1.0,1.0,1.5,0.0,0.5,High,1,🟠 Promotion-Stalled,0,-0.4054046717149919,1.160054672034875
39,0,Travel_Rarely,408,Research & Development,2,4,Technical Degree,4,Female,80,2,2,Healthcare Representative,3,Single,4553,20978,1,No,11,3,1,0,20,4,3,20,7,11,10,0.55,0.35,0.2,0.5,0.1,Medium,1,🟠 Promotion-Stalled,0,1.6692484285058093,2.1185131607772894
32,0,Travel_Rarely,929,Sales,10,3,Marketing,4,Male,55,3,2,Sales Executive,4,Single,5396,21703,1,No,12,3,4,0,10,2,2,10,7,0,8,0.0,0.7,0.2,0.8,0.2,Medium,1,🟠 Promotion-Stalled,0,0.6407467187564757,-1.3268235417888148
50,1,Travel_Frequently,562,Sales,8,2,Technical Degree,2,Male,50,3,2,Sales Executive,3,Married,6796,23452,3,Yes,14,3,1,1,18,4,3,4,3,1,3,0.25,0.75,1.0,0.75,0.1111111111111111,Medium,1,🟠 Promotion-Stalled,0,0.11742193170272142,-0.32628213901564396
38,0,Travel_Rarely,827,Research & Development,1,4,Life Sciences,2,Female,33,4,2,Healthcare Representative,4,Single,7625,19383,0,No,13,3,3,0,10,4,2,9,7,1,8,0.1111111111111111,0.7777777777777778,0.4444444444444444,0.8888888888888888,0.2,Medium,1,🟠 Promotion-Stalled,0,0.7555414075325475,-0.5740966241669331
27,0,Travel_Rarely,608,Research & Development,1,2,Life Sciences,3,Female,68,3,3,Manufacturing Director,1,Married,7412,6009,1,No,11,3,4,0,9,3,3,9,7,0,7,0.0,0.7777777777777778,0.3333333333333333,0.7777777777777778,0.3333333333333333,Medium,1,🟠 Promotion-Stalled,0,0.5865821089930201,-0.5898753799869609
32,0,Travel_Rarely,1018,Research & Development,3,2,Life Sciences,3,Female,39,3,3,Research Director,4,Single,11159,19373,3,No,15,3,4,0,10,6,3,7,7,7,7,1.0,1.0,0.8571428571428571,1.0,0.3,High,1,🟠 Promotion-Stalled,0,2.258914176320205,2.0092725911058427
47,0,Travel_Rarely,703,Sales,14,4,Marketing,4,Male,42,3,2,Sales Executive,1,Single,4960,11825,2,No,12,3,4,0,20,2,3,7,7,1,7,0.1428571428571428,1.0,0.2857142857142857,1.0,0.1,Medium,1,🟠 Promotion-Stalled,0,1.5191724929851236,-1.5337109115431335
40,0,Travel_Frequently,580,Sales,5,4,Life Sciences,4,Male,48,2,3,Sales Executive,1,Married,10475,23772,5,Yes,21,4,3,1,20,2,3,18,13,1,12,0.0555555555555555,0.7222222222222222,0.1111111111111111,0.6666666666666666,0.15,Medium,1,🟠 Promotion-Stalled,0,1.6796490409141405,-0.577660666634611
53,0,Travel_Rarely,970,Research & Development,7,3,Life Sciences,3,Male,59,4,4,Research Director,3,Married,14814,13514,3,No,19,3,3,0,32,3,3,5,1,1,3,0.2,0.2,0.6,0.6,0.125,Low,1,🟠 Promotion-Stalled,0,-0.3369703315917972,0.4276499477104812
41,0,Travel_Rarely,427,Human Resources,10,4,Human Resources,2,Male,73,2,5,Manager,4,Divorced,19141,8861,3,No,15,3,2,3,23,2,2,21,6,12,6,0.5714285714285714,0.2857142857142857,0.0952380952380952,0.2857142857142857,0.217391304347826,Medium,1,🟠 Promotion-Stalled,0,2.014502396933492,3.0130011538514045
60,0,Travel_Rarely,1179,Sales,16,4,Marketing,1,Male,84,3,2,Sales Executive,1,Single,5405,11924,8,No,14,3,4,0,10,1,3,2,2,2,2,1.0,1.0,0.5,1.0,0.2,High,1,🟠 Promotion-Stalled,0,1.5737905349117611,-0.9614350928637535
27,0,Travel_Frequently,294,Research & Development,10,2,Life Sciences,4,Male,32,3,3,Manufacturing Director,1,Divorced,8793,4809,1,No,21,4,3,2,9,4,2,9,7,1,7,0.1111111111111111,0.7777777777777778,0.4444444444444444,0.7777777777777778,0.3333333333333333,Medium,1,🟠 Promotion-Stalled,0,0.601835930637933,-0.11382496240096719
41,0,Travel_Rarely,314,Human Resources,1,3,Human Resources,4,Male,59,2,5,Manager,3,Married,19189,19562,1,No,12,3,2,1,22,3,3,22,7,2,10,0.0909090909090909,0.3181818181818182,0.1363636363636363,0.4545454545454545,0.2272727272727272,Low,1,🟠 Promotion-Stalled,0,0.695880484810961,1.1273392333004444
50,0,Travel_Rarely,316,Sales,8,4,Marketing,4,Male,54,3,1,Sales Representative,2,Married,3875,9983,7,No,15,3,4,1,4,2,3,2,2,2,2,1.0,1.0,1.0,1.0,0.25,High,1,🟠 Promotion-Stalled,0,1.0072524718492348,-0.8615664704878757
28,1,Travel_Rarely,654,Research & Development,1,2,Life Sciences,1,Female,67,1,1,Research Scientist,2,Single,2216,3872,7,Yes,13,3,4,0,10,4,3,7,7,3,7,0.4285714285714285,1.0,0.5714285714285714,1.0,0.1,Medium,1,🟠 Promotion-Stalled,0,1.5000648967310928,-0.6407619430557837
36,0,Non-Travel,427,Research & Development,8,3,Life Sciences,1,Female,63,4,3,Research Director,1,Married,11713,20335,9,No,14,3,1,1,10,2,3,8,7,0,5,0.0,0.875,0.25,0.625,0.3,Medium,1,🟠 Promotion-Stalled,0,0.6906706252095453,-0.8810358883757073
38,0,Travel_Rarely,168,Research & Development,1,3,Life Sciences,3,Female,81,3,3,Manufacturing Director,3,Single,7861,15397,4,Yes,14,3,4,0,10,4,4,1,0,0,0,0.0,0.0,4.0,0.0,0.3,Low,0,🚀 Fast-Track Performers,1,-3.4330969819410515,1.9122596788772321
44,0,Non-Travel,381,Research & Development,24,3,Medical,1,Male,49,1,1,Laboratory Technician,3,Single,3708,2104,2,No,14,3,3,0,9,5,3,5,2,1,4,0.2,0.4,1.0,0.8,0.1111111111111111,Low,1,🟠 Promotion-Stalled,0,-0.6753600208607424,-0.22771474869809114
47,0,Travel_Frequently,217,Sales,3,3,Medical,4,Female,49,3,4,Sales Executive,3,Divorced,13770,10225,9,Yes,12,3,4,2,28,2,2,22,2,11,13,0.5,0.0909090909090909,0.0909090909090909,0.5909090909090909,0.1428571428571428,Medium,1,🟠 Promotion-Stalled,0,1.358960690336622,2.1122074423061163
30,0,Travel_Rarely,501,Sales,27,5,Marketing,3,Male,99,3,2,Sales Executive,4,Divorced,5304,25275,7,No,23,4,4,1,10,2,2,8,7,7,7,0.875,0.875,0.25,0.875,0.2,High,1,🟠 Promotion-Stalled,0,2.3504041755040253,0.27300686785544775
29,0,Travel_Rarely,1396,Sales,10,3,Life Sciences,3,Male,99,3,1,Sales Representative,3,Single,2642,2755,1,No,11,3,3,0,1,6,3,1,0,0,0,0.0,0.0,6.0,0.0,1.0,Low,0,🚀 Fast-Track Performers,1,-5.818623970125857,2.8057563577391815
42,1,Travel_Frequently,933,Research & Development,19,3,Medical,3,Male,57,4,1,Research Scientist,3,Divorced,2759,20366,6,Yes,12,3,4,0,7,2,3,2,2,2,2,1.0,1.0,1.0,1.0,0.1428571428571428,High,1,🟠 Promotion-Stalled,0,1.1845654732602562,-0.8905082632535132
43,0,Travel_Frequently,775,Sales,15,3,Life Sciences,4,Male,47,2,2,Sales Executive,4,Married,6804,23683,3,No,18,3,3,1,7,5,3,2,2,2,2,1.0,1.0,2.5,1.0,0.2857142857142857,High,1,🟠 Promotion-Stalled,0,0.2893807441660179,0.7877569416315134
34,0,Travel_Rarely,970,Research & Development,8,2,Medical,2,Female,96,3,2,Healthcare Representative,3,Single,6142,7360,3,No,11,3,4,0,10,2,3,5,1,4,3,0.8,0.2,0.4,0.6,0.2,Medium,1,🟠 Promotion-Stalled,0,0.20531850069653956,0.5419795685881735
23,0,Travel_Rarely,650,Research & Development,9,1,Medical,2,Male,37,3,1,Laboratory Technician,1,Married,2500,4344,1,No,14,3,4,1,5,2,4,4,3,0,2,0.0,0.75,0.5,0.5,0.2,Medium,1,🟠 Promotion-Stalled,0,-0.4194077134411822,-1.4842746772992341
39,0,Travel_Rarely,141,Human Resources,3,3,Human Resources,3,Female,44,4,2,Human Resources,2,Married,6389,18767,9,No,15,3,3,1,12,3,1,8,3,3,6,0.375,0.375,0.375,0.75,0.1666666666666666,Medium,1,🟠 Promotion-Stalled,0,0.2743943310477832,-0.023585032593599137
56,0,Travel_Rarely,832,Research & Development,9,3,Medical,3,Male,81,3,4,Healthcare Representative,4,Married,11103,20420,7,No,11,3,3,0,30,1,2,10,7,1,1,0.1,0.7,0.1,0.1,0.1333333333333333,Medium,1,🟠 Promotion-Stalled,0,0.7905575923637311,0.0340076781869454
40,0,Travel_Rarely,804,Research & Development,2,1,Medical,4,Female,86,2,1,Research Scientist,4,Single,2342,22929,0,Yes,20,4,4,0,5,2,2,4,2,2,3,0.5,0.5,0.5,0.75,0.2,Medium,1,🟠 Promotion-Stalled,0,0.02697414765486584,-0.8637738730936952
27,0,Travel_Rarely,975,Research & Development,7,3,Medical,4,Female,55,2,2,Healthcare Representative,1,Single,6811,23398,8,No,19,3,1,0,9,2,1,7,6,0,7,0.0,0.8571428571428571,0.2857142857142857,1.0,0.2222222222222222,Medium,1,🟠 Promotion-Stalled,0,0.7766783969272678,-1.751901122208768
29,0,Travel_Rarely,1090,Sales,10,3,Marketing,4,Male,83,3,1,Sales Representative,2,Divorced,2297,17967,1,No,14,3,4,2,2,2,3,2,2,2,2,1.0,1.0,1.0,1.0,0.5,High,1,🟠 Promotion-Stalled,0,0.6468635022292674,-0.7018650569461629
53,0,Travel_Rarely,346,Research & Development,6,3,Life Sciences,4,Male,86,3,2,Laboratory Technician,4,Single,2450,10919,2,No,17,3,4,0,19,4,3,2,2,2,2,1.0,1.0,2.0,1.0,0.1052631578947368,High,1,🟠 Promotion-Stalled,0,0.8439643331000857,0.25620302418125
35,0,Non-Travel,1225,Research & Development,2,4,Life Sciences,4,Female,61,3,2,Healthcare Representative,1,Divorced,5093,4761,2,No,11,3,1,1,16,2,4,1,0,0,0,0.0,0.0,2.0,0.0,0.125,Low,0,🚀 Fast-Track Performers,1,-2.3888417686440553,0.3359763562006575
32,0,Travel_Frequently,430,Research & Development,24,4,Life Sciences,1,Male,80,3,2,Laboratory Technician,4,Married,5309,21146,1,No,15,3,4,2,10,2,3,10,8,4,7,0.4,0.8,0.2,0.7,0.2,Medium,1,🟠 Promotion-Stalled,0,1.550485520515609,-0.2859078004840535
38,0,Travel_Rarely,268,Research & Development,2,5,Medical,4,Male,92,3,1,Research Scientist,3,Married,3057,20471,6,Yes,13,3,2,1,6,0,1,1,0,0,1,0.0,0.0,0.0,1.0,0.1666666666666666,Low,1,🟠 Promotion-Stalled,0,-0.7232589848978705,-2.2409281181885543
34,0,Travel_Rarely,167,Research & Development,8,5,Life Sciences,2,Female,32,3,2,Manufacturing Director,1,Divorced,5121,4187,3,No,14,3,3,1,7,3,3,0,0,0,0,0.0,0.0,3.0,0.0,0.2857142857142857,Low,0,🚀 Fast-Track Performers,1,-3.1302091831253023,0.9730495085064864
52,0,Travel_Rarely,621,Sales,3,4,Marketing,3,Male,31,2,4,Manager,1,Married,16856,10084,1,No,11,3,1,0,34,3,4,34,6,1,16,0.0294117647058823,0.1764705882352941,0.088235294117647,0.4705882352941176,0.1176470588235294,Low,1,🟠 Promotion-Stalled,0,0.2478027004068375,0.5528447086238165
33,1,Travel_Rarely,527,Research & Development,1,4,Other,4,Male,63,3,1,Research Scientist,4,Single,2686,5207,1,Yes,13,3,3,0,10,2,2,10,9,7,8,0.7,0.9,0.2,0.8,0.1,High,1,🟠 Promotion-Stalled,0,2.433250813345092,-0.0693091175809935
25,0,Travel_Rarely,883,Sales,26,1,Medical,3,Female,32,3,2,Sales Executive,4,Single,6180,22807,1,No,23,4,2,0,6,5,2,6,5,1,4,0.1666666666666666,0.8333333333333334,0.8333333333333334,0.6666666666666666,0.3333333333333333,Medium,1,🟠 Promotion-Stalled,0,-0.09539387018521554,-0.03441574835455848
45,0,Travel_Rarely,954,Sales,2,2,Technical Degree,2,Male,46,1,2,Sales Representative,3,Single,6632,12388,0,No,13,3,1,0,9,3,3,8,7,3,1,0.375,0.875,0.375,0.125,0.2222222222222222,Medium,1,🟠 Promotion-Stalled,0,0.6475941126036113,0.42776098421963915
23,0,Travel_Rarely,310,Research & Development,10,1,Medical,1,Male,79,4,1,Research Scientist,3,Single,3505,19630,1,No,18,3,4,0,2,3,3,2,2,0,2,0.0,1.0,1.5,1.0,0.5,Medium,1,🟠 Promotion-Stalled,0,-0.7256064901670533,-1.5568874543065585
47,1,Travel_Frequently,719,Sales,27,2,Life Sciences,2,Female,77,4,2,Sales Executive,3,Single,6397,10339,4,Yes,12,3,4,0,8,2,3,5,4,1,3,0.2,0.8,0.4,0.6,0.25,Medium,1,🟠 Promotion-Stalled,0,0.3211673608354939,-0.8721497905361146
34,0,Travel_Rarely,304,Sales,2,3,Other,4,Male,60,3,2,Sales Executive,4,Single,6274,18686,1,No,22,4,3,0,6,5,3,6,5,1,4,0.1666666666666666,0.8333333333333334,0.8333333333333334,0.6666666666666666,0.3333333333333333,Medium,1,🟠 Promotion-Stalled,0,-0.08872619930949699,-0.022894427885155246
55,1,Travel_Rarely,725,Research & Development,2,3,Medical,4,Male,78,3,5,Manager,1,Married,19859,21199,5,Yes,13,3,4,1,24,2,3,5,2,1,4,0.2,0.4,0.4,0.8,0.2083333333333333,Low,1,🟠 Promotion-Stalled,0,0.48705892690622865,0.2030031924075004
36,0,Non-Travel,1434,Sales,8,4,Life Sciences,1,Male,76,2,3,Sales Executive,1,Single,7587,14229,1,No,15,3,2,0,10,1,3,10,7,0,9,0.0,0.7,0.1,0.9,0.3,Medium,1,🟠 Promotion-Stalled,0,0.8957169703116405,-1.3788048765125613
52,0,Non-Travel,715,Research & Development,19,4,Medical,4,Male,41,3,1,Research Scientist,4,Married,4258,26589,0,No,18,3,1,1,5,3,3,4,3,1,2,0.25,0.75,0.75,0.5,0.2,Medium,1,🟠 Promotion-Stalled,0,-0.30468002530491944,-0.7721741215935922
26,0,Travel_Frequently,575,Research & Development,1,2,Life Sciences,1,Female,71,1,1,Laboratory Technician,4,Divorced,4364,5288,3,No,14,3,1,1,5,2,3,2,2,2,0,1.0,1.0,1.0,0.0,0.2,High,1,🟠 Promotion-Stalled,0,0.11454979090004899,0.19175612806202155
29,0,Travel_Rarely,657,Research & Development,27,3,Medical,2,Female,66,3,2,Healthcare Representative,3,Married,4335,25549,4,No,12,3,1,1,11,3,2,8,7,1,1,0.125,0.875,0.375,0.125,0.1818181818181818,Medium,1,🟠 Promotion-Stalled,0,0.2755238410889981,-0.1387317805772524
26,1,Travel_Rarely,1146,Sales,8,3,Technical Degree,4,Male,38,2,2,Sales Executive,1,Single,5326,3064,6,No,17,3,3,0,6,2,2,4,3,1,2,0.25,0.75,0.5,0.5,0.3333333333333333,Medium,1,🟠 Promotion-Stalled,0,-0.10853015175140442,-0.6932471902857007
34,0,Travel_Rarely,182,Research & Development,1,4,Life Sciences,2,Female,72,4,1,Research Scientist,4,Single,3280,13551,2,No,16,3,3,0,10,2,3,4,2,1,3,0.25,0.5,0.5,0.75,0.1,Medium,1,🟠 Promotion-Stalled,0,-0.12269034352489193,-1.2691584398672193
54,0,Travel_Rarely,376,Research & Development,19,4,Medical,4,Female,95,3,2,Manufacturing Director,1,Divorced,5485,22670,9,Yes,11,3,2,2,9,4,3,5,3,1,4,0.2,0.6,0.8,0.8,0.2222222222222222,Medium,1,🟠 Promotion-Stalled,0,-0.10667418214086813,-0.25617355128447805
27,0,Travel_Frequently,829,Sales,8,1,Marketing,3,Male,84,3,2,Sales Executive,4,Married,4342,24008,0,No,19,3,2,1,5,3,3,4,2,1,1,0.25,0.5,0.75,0.25,0.4,Medium,1,🟠 Promotion-Stalled,0,-1.0478253389169345,0.13016463894749403
37,0,Travel_Rarely,571,Research & Development,10,1,Life Sciences,4,Female,82,3,1,Research Scientist,1,Divorced,2782,19905,0,Yes,13,3,2,2,6,3,2,5,3,4,3,0.8,0.6,0.6,0.6,0.1666666666666666,Medium,1,🟠 Promotion-Stalled,0,0.5695530249202815,0.23421164077248782
38,0,Travel_Frequently,240,Research & Development,2,4,Life Sciences,1,Female,75,4,2,Manufacturing Director,1,Single,5980,26085,6,Yes,12,3,4,0,17,2,3,15,7,4,12,0.2666666666666666,0.4666666666666667,0.1333333333333333,0.8,0.1176470588235294,Medium,1,🟠 Promotion-Stalled,0,1.2076316603178372,-0.3060687142668335
34,0,Travel_Rarely,121,Research & Development,2,4,Medical,3,Female,86,2,1,Research Scientist,1,Single,4381,7530,1,No,11,3,3,0,6,3,3,6,5,1,3,0.1666666666666666,0.8333333333333334,0.5,0.5,0.1666666666666666,Medium,1,🟠 Promotion-Stalled,0,0.1597494142415534,-0.8559606202722099
35,0,Travel_Rarely,384,Sales,8,4,Life Sciences,1,Female,72,3,1,Sales Representative,4,Married,2572,20317,1,No,16,3,2,1,3,1,2,3,2,0,2,0.0,0.6666666666666666,0.3333333333333333,0.6666666666666666,0.3333333333333333,Medium,1,🟠 Promotion-Stalled,0,-0.5337872763975432,-1.9157449882504505
30,0,Travel_Rarely,921,Research & Development,1,3,Life Sciences,4,Male,38,1,1,Laboratory Technician,3,Married,3833,24375,3,No,21,4,3,2,7,2,3,2,2,0,2,0.0,1.0,1.0,1.0,0.1428571428571428,Medium,1,🟠 Promotion-Stalled,0,0.06172990553928689,-2.2392554412193753
40,0,Travel_Frequently,791,Research & Development,2,2,Medical,3,Female,38,4,2,Healthcare Representative,2,Married,4244,9931,1,No,24,4,4,1,8,2,3,8,7,3,7,0.375,0.875,0.25,0.875,0.25,Medium,1,🟠 Promotion-Stalled,0,1.3942047210832331,-0.8170100087915383
34,0,Travel_Rarely,1111,Sales,8,2,Life Sciences,3,Female,93,3,2,Sales Executive,1,Married,6500,13305,5,No,17,3,2,1,6,1,3,3,2,1,2,0.3333333333333333,0.6666666666666666,0.3333333333333333,0.6666666666666666,0.3333333333333333,Medium,1,🟠 Promotion-Stalled,0,0.055607646654319116,-1.1039276314538746
42,0,Travel_Frequently,570,Research & Development,8,3,Life Sciences,2,Male,66,3,5,Manager,4,Divorced,18430,16225,1,No,13,3,2,1,24,4,2,24,7,14,9,0.5833333333333334,0.2916666666666667,0.1666666666666666,0.375,0.2083333333333333,Medium,1,🟠 Promotion-Stalled,0,2.3059943529171703,3.912446054789722
23,1,Travel_Rarely,1243,Research & Development,6,3,Life Sciences,3,Male,63,4,1,Laboratory Technician,1,Married,1601,3445,1,Yes,21,4,3,2,1,2,3,0,0,0,0,0.0,0.0,2.0,0.0,1.0,Low,0,🚀 Fast-Track Performers,1,-3.9437030041698673,0.38502922323207794
24,0,Non-Travel,1092,Research & Development,9,3,Life Sciences,3,Male,60,2,1,Laboratory Technician,2,Divorced,2694,26551,1,No,11,3,3,3,1,4,3,1,0,0,0,0.0,0.0,4.0,0.0,1.0,Low,0,🚀 Fast-Track Performers,1,-4.84782513276927,1.652999392832646
52,0,Travel_Rarely,1325,Research & Development,11,4,Life Sciences,4,Female,82,3,2,Laboratory Technician,3,Married,3149,21821,8,No,20,4,2,1,9,3,3,5,2,1,4,0.2,0.4,0.6,0.8,0.2222222222222222,Low,1,🟠 Promotion-Stalled,0,-0.3519824551874079,-0.5805445898267502
50,0,Travel_Rarely,691,Research & Development,2,3,Medical,3,Male,64,3,4,Research Director,3,Married,17639,6881,5,No,16,3,4,0,30,3,3,4,3,0,3,0.0,0.75,0.75,0.75,0.1333333333333333,Medium,1,🟠 Promotion-Stalled,0,0.33703353144665,-0.38561054565379255
29,1,Travel_Rarely,805,Research & Development,1,2,Life Sciences,2,Female,36,2,1,Laboratory Technician,1,Married,2319,6689,1,Yes,11,3,4,1,1,1,3,1,0,0,0,0.0,0.0,1.0,0.0,1.0,Low,0,🚀 Fast-Track Performers,1,-3.3916268767343882,-0.07613605452715803
33,0,Travel_Rarely,213,Research & Development,7,3,Medical,3,Male,49,3,3,Research Director,3,Married,11691,25995,0,No,11,3,4,0,14,3,4,13,9,3,7,0.2307692307692307,0.6923076923076923,0.2307692307692307,0.5384615384615384,0.2142857142857142,Medium,1,🟠 Promotion-Stalled,0,1.2539580984440628,0.40880014664291814
33,1,Travel_Rarely,118,Sales,16,3,Marketing,1,Female,69,3,2,Sales Executive,1,Single,5324,26507,5,No,15,3,3,0,6,3,3,3,2,0,2,0.0,0.6666666666666666,1.0,0.6666666666666666,0.3333333333333333,Medium,1,🟠 Promotion-Stalled,0,-0.7546277855130871,-0.7711299266997265
47,0,Travel_Rarely,202,Research & Development,2,2,Other,3,Female,33,3,4,Manager,4,Married,16752,12982,1,Yes,11,3,3,1,26,3,2,26,14,3,0,0.1153846153846153,0.5384615384615384,0.1153846153846153,0.0,0.1538461538461538,Medium,1,🟠 Promotion-Stalled,0,1.4076578168667344,1.474016990924397
36,0,Travel_Rarely,676,Research & Development,1,3,Other,3,Female,35,3,2,Manufacturing Director,2,Married,5228,23361,0,No,15,3,1,1,10,2,3,9,7,0,5,0.0,0.7777777777777778,0.2222222222222222,0.5555555555555556,0.2,Medium,1,🟠 Promotion-Stalled,0,0.4615448125282264,-1.1582839523721502
29,0,Travel_Rarely,1252,Research & Development,23,2,Life Sciences,3,Male,81,4,1,Research Scientist,3,Married,2700,23779,1,No,24,4,3,1,10,3,3,10,7,0,7,0.0,0.7,0.3,0.7,0.1,Medium,1,🟠 Promotion-Stalled,0,0.2857614040655326,-1.4476620141061165
58,1,Travel_Rarely,286,Research & Development,2,4,Life Sciences,4,Male,31,3,5,Research Director,2,Single,19246,25761,7,Yes,12,3,4,0,40,2,3,31,15,13,8,0.4193548387096774,0.4838709677419355,0.064516129032258,0.2580645161290322,0.125,Medium,1,🟠 Promotion-Stalled,0,3.4613583036254902,3.1934718374391835
35,0,Travel_Rarely,1258,Research & Development,1,4,Life Sciences,4,Female,40,4,1,Research Scientist,3,Single,2506,13301,3,No,13,3,3,0,7,0,3,2,2,2,2,1.0,1.0,0.0,1.0,0.1428571428571428,High,1,🟠 Promotion-Stalled,0,1.7438433604924255,-1.7742659402398175
42,0,Travel_Rarely,932,Research & Development,1,2,Life Sciences,4,Female,43,2,2,Manufacturing Director,4,Married,6062,4051,9,Yes,13,3,4,1,8,4,3,4,3,0,2,0.0,0.75,1.0,0.5,0.25,Medium,1,🟠 Promotion-Stalled,0,-0.6461840041144133,-0.3567770318656539
28,1,Travel_Rarely,890,Research & Development,2,4,Medical,3,Male,46,3,1,Research Scientist,3,Single,4382,16374,6,No,17,3,4,0,5,3,2,2,2,2,1,1.0,1.0,1.5,0.5,0.2,High,1,🟠 Promotion-Stalled,0,0.29796483918097005,0.05759169656478456
36,0,Travel_Rarely,1041,Human Resources,13,3,Human Resources,3,Male,36,3,1,Human Resources,2,Married,2143,25527,4,No,13,3,2,1,8,2,3,5,2,0,4,0.0,0.4,0.4,0.8,0.125,Low,1,🟠 Promotion-Stalled,0,-0.48604074380325174,-1.6099790323929941
32,0,Travel_Rarely,859,Research & Development,4,3,Life Sciences,3,Female,98,2,2,Manufacturing Director,3,Married,6162,19124,1,No,12,3,3,1,14,3,3,14,13,6,8,0.4285714285714285,0.9285714285714286,0.2142857142857142,0.5714285714285714,0.1428571428571428,Medium,1,🟠 Promotion-Stalled,0,2.449317626548587,0.5747344873079232
40,0,Travel_Frequently,720,Research & Development,16,4,Medical,1,Male,51,2,2,Laboratory Technician,3,Single,5094,11983,6,No,14,3,4,0,10,6,3,1,0,0,0,0.0,0.0,6.0,0.0,0.2,Low,0,🚀 Fast-Track Performers,1,-4.4605594481330915,2.651380352527213
30,0,Travel_Rarely,946,Research & Development,2,3,Medical,3,Female,52,2,2,Manufacturing Director,4,Single,6877,20234,5,Yes,24,4,2,0,12,4,2,0,0,0,0,0.0,0.0,4.0,0.0,0.1666666666666666,Low,0,🚀 Fast-Track Performers,1,-3.5074964341342643,1.3636528371836703
45,0,Travel_Rarely,252,Research & Development,2,3,Life Sciences,2,Female,95,2,1,Research Scientist,3,Single,2274,6153,1,No,14,3,4,0,1,3,3,1,0,0,0,0.0,0.0,3.0,0.0,1.0,Low,0,🚀 Fast-Track Performers,1,-4.382428726718131,1.0420569489711682
42,0,Travel_Rarely,933,Research & Development,29,3,Life Sciences,2,Male,98,3,2,Manufacturing Director,2,Married,4434,11806,1,No,13,3,4,1,10,3,2,9,8,7,8,0.7777777777777778,0.8888888888888888,0.3333333333333333,0.8888888888888888,0.2,High,1,🟠 Promotion-Stalled,0,2.372547853682483,0.6273426087672315
38,0,Travel_Frequently,471,Research & Development,12,3,Life Sciences,1,Male,45,2,2,Healthcare Representative,1,Divorced,6288,4284,2,No,15,3,3,1,13,3,2,4,3,1,2,0.25,0.75,0.75,0.5,0.1538461538461538,Medium,1,🟠 Promotion-Stalled,0,-0.013426424783295475,-0.410602231032639
34,0,Travel_Frequently,702,Research & Development,16,4,Life Sciences,3,Female,100,2,1,Research Scientist,4,Single,2553,8306,1,No,16,3,3,0,6,3,3,5,2,1,3,0.2,0.4,0.6,0.6,0.1666666666666666,Low,1,🟠 Promotion-Stalled,0,-0.6417862503706937,-0.7074650122094022
49,1,Travel_Rarely,1184,Sales,11,3,Marketing,3,Female,43,3,3,Sales Executive,4,Married,7654,5860,1,No,18,3,1,2,9,3,4,9,8,7,7,0.7777777777777778,0.8888888888888888,0.3333333333333333,0.7777777777777778,0.3333333333333333,High,1,🟠 Promotion-Stalled,0,2.2388453894150238,1.122178231941407
55,1,Travel_Rarely,436,Sales,2,1,Medical,3,Male,37,3,2,Sales Executive,4,Single,5160,21519,4,No,16,3,3,0,12,3,2,9,7,7,3,0.7777777777777778,0.7777777777777778,0.3333333333333333,0.3333333333333333,0.1666666666666666,High,1,🟠 Promotion-Stalled,0,1.6143370559601997,1.2252189311107535
43,0,Travel_Rarely,589,Research & Development,14,2,Life Sciences,2,Male,94,3,4,Research Director,1,Married,17159,5200,6,No,24,4,3,1,22,3,3,4,1,1,0,0.25,0.25,0.75,0.0,0.1818181818181818,Low,1,🟠 Promotion-Stalled,0,-1.0001693978053137,1.0929174886812807
27,0,Travel_Rarely,269,Research & Development,5,1,Technical Degree,3,Male,42,2,3,Research Director,4,Divorced,12808,8842,1,Yes,16,3,2,1,9,3,3,9,8,0,8,0.0,0.8888888888888888,0.3333333333333333,0.8888888888888888,0.3333333333333333,Medium,1,🟠 Promotion-Stalled,0,0.9080450118094059,-0.8234852577420363
35,0,Travel_Rarely,950,Research & Development,7,3,Other,3,Male,59,3,3,Manufacturing Director,3,Single,10221,18869,3,No,21,4,2,0,17,3,4,8,5,1,6,0.125,0.625,0.375,0.75,0.1764705882352941,Medium,1,🟠 Promotion-Stalled,0,0.5101305510902217,-0.423740426802128
28,0,Travel_Rarely,760,Sales,2,4,Marketing,2,Female,81,3,2,Sales Executive,2,Married,4779,3698,1,Yes,20,4,1,0,8,2,3,8,7,7,5,0.875,0.875,0.25,0.625,0.25,High,1,🟠 Promotion-Stalled,0,2.053800440051033,0.6050661720518582
34,0,Travel_Rarely,829,Human Resources,3,2,Human Resources,3,Male,88,3,1,Human Resources,4,Married,3737,2243,0,No,19,3,3,1,4,1,1,3,2,0,2,0.0,0.6666666666666666,0.3333333333333333,0.6666666666666666,0.25,Medium,1,🟠 Promotion-Stalled,0,-0.4314380755261369,-1.9997023140160965
26,1,Travel_Frequently,887,Research & Development,5,2,Medical,3,Female,88,2,1,Research Scientist,3,Married,2366,20898,1,Yes,14,3,1,1,8,2,3,8,7,1,7,0.125,0.875,0.25,0.875,0.125,Medium,1,🟠 Promotion-Stalled,0,1.0028632373315673,-1.6843168920573148
27,0,Non-Travel,443,Research & Development,3,3,Medical,4,Male,50,3,1,Research Scientist,4,Married,1706,16571,1,No,11,3,3,3,0,6,2,0,0,0,0,0.0,0.0,6.0,0.0,0.0,Low,0,🚀 Fast-Track Performers,1,-4.350397408143113,2.2130359854499435
51,0,Travel_Rarely,1318,Sales,26,4,Marketing,1,Female,66,3,4,Manager,3,Married,16307,5594,2,No,14,3,3,1,29,2,2,20,6,4,17,0.2,0.3,0.1,0.85,0.1379310344827586,Low,1,🟠 Promotion-Stalled,0,1.2688089072034576,0.37070582069223784
44,0,Travel_Rarely,625,Research & Development,4,3,Medical,4,Male,50,3,2,Healthcare Representative,2,Single,5933,5197,9,No,12,3,4,0,10,2,2,5,2,2,3,0.4,0.4,0.4,0.6,0.2,Medium,1,🟠 Promotion-Stalled,0,-0.01754662788104635,-0.29308828197021086
25,0,Travel_Rarely,180,Research & Development,2,1,Medical,1,Male,65,4,1,Research Scientist,1,Single,3424,21632,7,No,13,3,3,0,6,3,2,4,3,0,1,0.0,0.75,0.75,0.25,0.1666666666666666,Medium,1,🟠 Promotion-Stalled,0,-0.7887540363888186,-0.8586633522380248
33,0,Travel_Rarely,586,Sales,1,3,Medical,1,Male,48,4,2,Sales Executive,1,Divorced,4037,21816,1,No,22,4,1,1,9,5,3,9,8,0,8,0.0,0.8888888888888888,0.5555555555555556,0.8888888888888888,0.2222222222222222,Medium,1,🟠 Promotion-Stalled,0,0.5766293119383289,-0.658781592626595
35,0,Travel_Rarely,1343,Research & Development,27,1,Medical,3,Female,53,2,1,Research Scientist,1,Single,2559,17852,1,No,11,3,4,0,6,3,2,6,5,1,1,0.1666666666666666,0.8333333333333334,0.5,0.1666666666666666,0.1666666666666666,Medium,1,🟠 Promotion-Stalled,0,-0.1645111457331271,-0.49881485470722453
36,0,Travel_Rarely,928,Sales,1,2,Life Sciences,2,Male,56,3,2,Sales Executive,4,Married,6201,2823,1,Yes,14,3,4,1,18,1,2,18,14,4,11,0.2222222222222222,0.7777777777777778,0.0555555555555555,0.6111111111111112,0.1111111111111111,Medium,1,🟠 Promotion-Stalled,0,2.2966237470706194,-0.49768641086997917
32,0,Travel_Rarely,117,Sales,13,4,Life Sciences,2,Male,73,3,2,Sales Executive,4,Divorced,4403,9250,2,No,11,3,3,1,8,3,2,5,2,0,3,0.0,0.4,0.6,0.6,0.25,Low,1,🟠 Promotion-Stalled,0,-0.8088205685300743,-0.5922326358098503
30,0,Travel_Frequently,1012,Research & Development,5,4,Life Sciences,2,Male,75,2,1,Research Scientist,4,Divorced,3761,2373,9,No,12,3,2,1,10,3,2,5,4,0,3,0.0,0.8,0.6,0.6,0.1,Medium,1,🟠 Promotion-Stalled,0,-0.10510847925329254,-1.3095919489981043
53,0,Travel_Rarely,661,Sales,7,2,Marketing,1,Female,78,2,3,Sales Executive,4,Married,10934,20715,7,Yes,18,3,4,1,35,3,3,5,2,0,4,0.0,0.4,0.6,0.8,0.0857142857142857,Low,1,🟠 Promotion-Stalled,0,-0.21624299417297566,-0.6301805741402645
45,0,Travel_Rarely,930,Sales,9,3,Marketing,4,Male,74,3,3,Sales Executive,1,Divorced,10761,19239,4,Yes,12,3,3,1,18,2,3,5,4,0,2,0.0,0.8,0.4,0.4,0.1666666666666666,Medium,1,🟠 Promotion-Stalled,0,0.17094277930983653,-0.6990232858594608
32,0,Travel_Rarely,638,Research & Development,8,2,Medical,3,Female,91,4,2,Research Scientist,3,Married,5175,22162,5,No,12,3,3,1,9,3,2,5,3,1,3,0.2,0.6,0.6,0.6,0.2222222222222222,Medium,1,🟠 Promotion-Stalled,0,-0.14638139372206063,-0.40536940815645
52,0,Travel_Frequently,890,Research & Development,25,4,Medical,3,Female,81,2,4,Manufacturing Director,4,Married,13826,19028,3,No,22,4,3,0,31,3,3,9,8,0,0,0.0,0.8888888888888888,0.3333333333333333,0.0,0.1290322580645161,Medium,1,🟠 Promotion-Stalled,0,0.5067907103409862,0.2930463722500451
37,0,Travel_Rarely,342,Sales,16,4,Marketing,4,Male,66,2,2,Sales Executive,3,Divorced,6334,24558,4,No,19,3,4,2,9,2,3,1,0,0,0,0.0,0.0,2.0,0.0,0.2222222222222222,Low,0,🚀 Fast-Track Performers,1,-2.584927384731459,0.3014313841957746
28,0,Travel_Rarely,1169,Human Resources,8,2,Medical,2,Male,63,2,1,Human Resources,4,Divorced,4936,23965,1,No,13,3,4,1,6,6,3,5,1,0,4,0.0,0.2,1.2,0.8,0.1666666666666666,Low,1,🟠 Promotion-Stalled,0,-1.5401000621142777,-0.0461515258241194
22,0,Travel_Rarely,1230,Research & Development,1,2,Life Sciences,4,Male,33,2,2,Manufacturing Director,4,Married,4775,19146,6,No,22,4,1,2,4,2,1,2,2,2,2,1.0,1.0,1.0,1.0,0.5,High,1,🟠 Promotion-Stalled,0,0.7970084202572453,-0.4396713666737569
44,0,Travel_Rarely,986,Research & Development,8,4,Life Sciences,1,Male,62,4,1,Laboratory Technician,4,Married,2818,5044,2,Yes,24,4,3,1,10,2,2,3,2,0,2,0.0,0.6666666666666666,0.6666666666666666,0.6666666666666666,0.1,Medium,1,🟠 Promotion-Stalled,0,-0.46003967811981233,-1.7568522286796535
42,0,Travel_Frequently,1271,Research & Development,2,1,Medical,2,Male,35,3,1,Research Scientist,4,Single,2515,9068,5,Yes,14,3,4,0,8,2,3,2,1,2,2,1.0,0.5,1.0,1.0,0.125,Medium,1,🟠 Promotion-Stalled,0,0.5127894428400509,-0.5419948335665842
36,0,Travel_Rarely,1278,Human Resources,8,3,Life Sciences,1,Male,77,2,1,Human Resources,1,Married,2342,8635,0,No,21,4,3,0,6,3,3,5,4,0,3,0.0,0.8,0.6,0.6,0.1666666666666666,Medium,1,🟠 Promotion-Stalled,0,-0.262999287933609,-1.3737691417367839
25,0,Travel_Rarely,141,Sales,3,1,Other,3,Male,98,3,2,Sales Executive,1,Married,4194,14363,1,Yes,18,3,4,0,5,3,3,5,3,0,3,0.0,0.6,0.6,0.6,0.4,Medium,1,🟠 Promotion-Stalled,0,-0.7289122185131084,-0.7152566646762034
35,0,Travel_Rarely,607,Research & Development,9,3,Life Sciences,4,Female,66,2,3,Manufacturing Director,3,Married,10685,23457,1,Yes,20,4,2,1,17,2,3,17,14,5,15,0.2941176470588235,0.8235294117647058,0.1176470588235294,0.8823529411764706,0.1764705882352941,Medium,1,🟠 Promotion-Stalled,0,2.7486322259265186,0.038796504232619405
35,1,Travel_Frequently,130,Research & Development,25,4,Life Sciences,4,Female,96,3,1,Research Scientist,2,Divorced,2022,16612,1,Yes,19,3,1,1,10,3,2,10,2,7,8,0.7,0.2,0.3,0.8,0.1,Medium,1,🟠 Promotion-Stalled,0,0.6328014168982522,0.5191185674896384
32,0,Non-Travel,300,Research & Development,1,3,Life Sciences,4,Male,61,3,1,Laboratory Technician,4,Divorced,2314,9148,0,No,12,3,2,1,4,2,3,3,0,0,2,0.0,0.0,0.6666666666666666,0.6666666666666666,0.25,Low,1,🟠 Promotion-Stalled,0,-1.594198552520383,-1.0441381807430394
25,0,Travel_Rarely,583,Sales,4,1,Marketing,3,Male,87,2,2,Sales Executive,1,Married,4256,18154,1,No,12,3,1,0,5,1,4,5,2,0,3,0.0,0.4,0.2,0.6,0.4,Low,1,🟠 Promotion-Stalled,0,-0.7126886331445356,-1.2187698919189878
49,0,Travel_Rarely,1418,Research & Development,1,3,Technical Degree,3,Female,36,3,1,Research Scientist,1,Married,3580,10554,2,No,16,3,2,1,7,2,3,4,2,0,2,0.0,0.5,0.5,0.5,0.1428571428571428,Medium,1,🟠 Promotion-Stalled,0,-0.7519675899003546,-1.3680946254461546
24,0,Non-Travel,1269,Research & Development,4,1,Life Sciences,1,Male,46,2,1,Laboratory Technician,4,Married,3162,10778,0,No,17,3,4,0,6,2,2,5,2,3,4,0.6,0.4,0.4,0.8,0.1666666666666666,Medium,1,🟠 Promotion-Stalled,0,0.27063269816400537,-0.5929720990942919
32,0,Travel_Frequently,379,Sales,5,2,Life Sciences,2,Male,48,3,2,Sales Executive,2,Married,6524,8891,1,No,14,3,4,1,10,3,3,10,8,5,3,0.5,0.8,0.3,0.3,0.2,Medium,1,🟠 Promotion-Stalled,0,1.2452136225248458,0.7320982837190995
38,0,Travel_Rarely,395,Sales,9,3,Marketing,2,Male,98,2,1,Sales Representative,2,Married,2899,12102,0,No,19,3,4,1,3,3,3,2,2,1,2,0.5,1.0,1.5,1.0,0.3333333333333333,Medium,1,🟠 Promotion-Stalled,0,0.043843530874103316,-1.0446678566202183
42,0,Travel_Rarely,1265,Research & Development,3,3,Life Sciences,3,Female,95,4,2,Laboratory Technician,4,Married,5231,23726,2,Yes,13,3,2,1,17,1,2,5,3,1,3,0.2,0.6,0.2,0.6,0.1176470588235294,Medium,1,🟠 Promotion-Stalled,0,0.32352455858653606,-1.1827985498908544
31,0,Travel_Rarely,1222,Research & Development,11,4,Life Sciences,4,Male,48,3,1,Research Scientist,4,Married,2356,14871,3,Yes,19,3,2,1,8,2,3,6,4,0,2,0.0,0.6666666666666666,0.3333333333333333,0.3333333333333333,0.125,Medium,1,🟠 Promotion-Stalled,0,-0.4095417133782046,-1.348877708352631
29,1,Travel_Rarely,341,Sales,1,3,Medical,2,Female,48,2,1,Sales Representative,3,Divorced,2800,23522,6,Yes,19,3,3,3,5,3,3,3,2,0,2,0.0,0.6666666666666666,1.0,0.6666666666666666,0.2,Medium,1,🟠 Promotion-Stalled,0,-0.7890212124519883,-1.2506088455768694
53,0,Travel_Rarely,868,Sales,8,3,Marketing,1,Male,73,3,4,Sales Executive,4,Married,11836,22789,5,No,14,3,3,1,28,3,3,2,0,2,2,1.0,0.0,1.5,1.0,0.1428571428571428,Medium,1,🟠 Promotion-Stalled,0,0.12939816729056272,1.3499407621251118
35,0,Travel_Rarely,672,Research & Development,25,3,Technical Degree,4,Male,78,2,3,Manufacturing Director,2,Married,10903,9129,3,No,16,3,1,0,16,2,3,13,10,4,8,0.3076923076923077,0.7692307692307693,0.1538461538461538,0.6153846153846154,0.1875,Medium,1,🟠 Promotion-Stalled,0,1.8336600708229092,0.13983422919134356
37,0,Travel_Frequently,1231,Sales,21,2,Medical,3,Female,54,3,1,Sales Representative,4,Married,2973,21222,5,No,15,3,2,1,10,3,3,5,4,0,0,0.0,0.8,0.6,0.0,0.1,Medium,1,🟠 Promotion-Stalled,0,-0.7087804998348731,-0.7012935323893401
53,0,Travel_Rarely,102,Research & Development,23,4,Life Sciences,4,Female,72,3,4,Research Director,4,Single,14275,20206,6,No,18,3,3,0,33,0,3,12,9,3,8,0.25,0.75,0.0,0.6666666666666666,0.1212121212121212,Medium,1,🟠 Promotion-Stalled,0,2.0881949615047644,-0.49284851196272167
43,0,Travel_Frequently,422,Research & Development,1,3,Life Sciences,4,Female,33,3,2,Healthcare Representative,4,Married,5562,21782,4,No,13,3,2,1,12,2,2,5,2,2,2,0.4,0.4,0.4,0.4,0.1666666666666666,Medium,1,🟠 Promotion-Stalled,0,-0.16982974934214826,-0.11007948884359753
47,0,Travel_Rarely,249,Sales,2,2,Marketing,3,Female,35,3,2,Sales Executive,4,Married,4537,17783,0,Yes,22,4,1,1,8,2,3,7,6,7,7,1.0,0.8571428571428571,0.2857142857142857,1.0,0.25,High,1,🟠 Promotion-Stalled,0,2.353229827183735,0.2843945447791149
37,0,Non-Travel,1252,Sales,19,2,Medical,1,Male,32,3,3,Sales Executive,2,Single,7642,4814,1,Yes,13,3,4,0,10,2,3,10,0,0,9,0.0,0.0,0.2,0.9,0.3,Low,1,🟠 Promotion-Stalled,0,-0.8513910591294503,-0.6982066276867038
50,0,Non-Travel,881,Research & Development,2,4,Life Sciences,1,Male,98,3,4,Manager,1,Divorced,17924,4544,1,No,11,3,4,1,31,3,3,31,6,14,7,0.4516129032258064,0.1935483870967742,0.0967741935483871,0.2258064516129032,0.1290322580645161,Medium,1,🟠 Promotion-Stalled,0,1.854176345400138,3.3032420663920545
39,0,Travel_Rarely,1383,Human Resources,2,3,Life Sciences,4,Female,42,2,2,Human Resources,4,Married,5204,7790,8,No,11,3,3,2,13,2,3,5,4,0,4,0.0,0.8,0.4,0.8,0.1538461538461538,Medium,1,🟠 Promotion-Stalled,0,0.38206025458276266,-1.4780401172275845
33,0,Travel_Rarely,1075,Human Resources,3,2,Human Resources,4,Male,57,3,1,Human Resources,2,Divorced,2277,22650,3,Yes,11,3,3,1,7,4,4,4,3,0,3,0.0,0.75,1.0,0.75,0.1428571428571428,Medium,1,🟠 Promotion-Stalled,0,-0.43582953863182666,-1.019463723302065
32,1,Travel_Rarely,374,Research & Development,25,4,Life Sciences,1,Male,87,3,1,Laboratory Technician,4,Single,2795,18016,1,Yes,24,4,3,0,1,2,1,1,0,0,1,0.0,0.0,2.0,1.0,1.0,Low,0,🚀 Fast-Track Performers,1,-2.9909243368729816,-0.7209720348710876
29,0,Travel_Rarely,1086,Research & Development,7,1,Medical,1,Female,62,2,1,Laboratory Technician,4,Divorced,2532,6054,6,No,14,3,3,3,8,5,3,4,3,0,3,0.0,0.75,1.25,0.75,0.125,Medium,1,🟠 Promotion-Stalled,0,-0.6113736790367742,-0.6986239509115408
44,0,Travel_Rarely,661,Research & Development,9,2,Life Sciences,2,Male,61,3,1,Research Scientist,1,Married,2559,7508,1,Yes,13,3,4,0,8,0,3,8,7,7,1,0.875,0.875,0.0,0.125,0.125,High,1,🟠 Promotion-Stalled,0,1.8564309301045228,0.1311338628966973
28,0,Travel_Rarely,821,Sales,5,4,Medical,1,Male,98,3,2,Sales Executive,4,Single,4908,24252,1,No,14,3,2,0,4,3,3,4,2,0,2,0.0,0.5,0.75,0.5,0.5,Medium,1,🟠 Promotion-Stalled,0,-1.241272051636512,-0.4130138570725182
58,1,Travel_Frequently,781,Research & Development,2,1,Life Sciences,4,Male,57,2,1,Laboratory Technician,4,Divorced,2380,13384,9,Yes,14,3,4,1,3,3,2,1,0,0,0,0.0,0.0,3.0,0.0,0.3333333333333333,Low,0,🚀 Fast-Track Performers,1,-3.4036110187296353,0.6469100341116759
43,0,Travel_Rarely,177,Research & Development,8,3,Life Sciences,1,Female,55,3,2,Manufacturing Director,2,Divorced,4765,23814,4,No,21,4,3,1,4,2,4,1,0,0,0,0.0,0.0,2.0,0.0,0.5,Low,0,🚀 Fast-Track Performers,1,-3.0061034381447693,0.4430332911150902
20,1,Travel_Rarely,500,Sales,2,3,Medical,3,Female,49,2,1,Sales Representative,3,Single,2044,22052,1,No,13,3,4,0,2,3,2,2,2,0,2,0.0,1.0,1.5,1.0,0.5,Medium,1,🟠 Promotion-Stalled,0,-0.6922681357884605,-1.4992808519595426
21,1,Travel_Rarely,1427,Research & Development,18,1,Other,4,Female,65,3,1,Research Scientist,4,Single,2693,8870,1,No,19,3,1,0,1,3,2,1,0,0,0,0.0,0.0,3.0,0.0,1.0,Low,0,🚀 Fast-Track Performers,1,-4.415767081096724,0.9844503466241523
36,0,Travel_Rarely,1425,Research & Development,14,1,Life Sciences,3,Male,68,3,2,Healthcare Representative,4,Married,6586,4821,0,Yes,17,3,1,1,17,2,2,16,8,4,11,0.25,0.5,0.125,0.6875,0.1176470588235294,Medium,1,🟠 Promotion-Stalled,0,1.2134709292898256,-0.2527491665015426
47,0,Travel_Rarely,1454,Sales,2,4,Life Sciences,4,Female,65,2,1,Sales Representative,4,Single,3294,13137,1,Yes,18,3,1,0,3,3,2,3,2,1,2,0.3333333333333333,0.6666666666666666,1.0,0.6666666666666666,0.3333333333333333,Medium,1,🟠 Promotion-Stalled,0,-0.5855407742801144,-0.6910837188972201
22,1,Travel_Rarely,617,Research & Development,3,1,Life Sciences,2,Female,34,3,2,Manufacturing Director,3,Married,4171,10022,0,Yes,19,3,1,1,4,3,4,3,2,0,2,0.0,0.6666666666666666,1.0,0.6666666666666666,0.5,Medium,1,🟠 Promotion-Stalled,0,-1.026002896013085,-0.718428479862466
41,1,Travel_Rarely,1085,Research & Development,2,4,Life Sciences,2,Female,57,1,1,Laboratory Technician,4,Divorced,2778,17725,4,Yes,13,3,3,1,10,1,2,7,7,1,0,0.1428571428571428,1.0,0.1428571428571428,0.0,0.1,Medium,1,🟠 Promotion-Stalled,0,0.47461917933104575,-1.164091436035936
28,0,Travel_Rarely,995,Research & Development,9,3,Medical,3,Female,77,3,1,Research Scientist,3,Divorced,2377,9834,5,No,18,3,2,1,6,2,3,2,2,2,2,1.0,1.0,1.0,1.0,0.1666666666666666,High,1,🟠 Promotion-Stalled,0,1.1096016727206415,-0.945523796253522
39,1,Travel_Rarely,1122,Research & Development,6,3,Medical,4,Male,70,3,1,Laboratory Technician,1,Married,2404,4303,7,Yes,21,4,4,0,8,2,1,2,2,2,2,1.0,1.0,1.0,1.0,0.125,High,1,🟠 Promotion-Stalled,0,1.1507747668427666,-1.0047844398404497
27,0,Travel_Rarely,618,Research & Development,4,3,Life Sciences,2,Female,76,3,1,Research Scientist,3,Single,2318,17808,1,No,19,3,3,0,1,2,3,1,1,0,0,0.0,1.0,2.0,0.0,1.0,Medium,0,🚀 Fast-Track Performers,1,-2.682636992805122,-0.39216436809070293
34,0,Travel_Rarely,546,Research & Development,10,3,Life Sciences,2,Male,83,3,1,Laboratory Technician,2,Divorced,2008,6896,1,No,14,3,2,2,1,3,3,1,0,1,0,1.0,0.0,3.0,0.0,1.0,Medium,0,🚀 Fast-Track Performers,1,-3.434504593720691,2.1252442667385916
42,0,Travel_Rarely,462,Sales,14,2,Medical,3,Female,68,2,2,Sales Executive,3,Single,6244,7824,7,No,17,3,1,0,10,6,3,5,4,0,3,0.0,0.8,1.2,0.6,0.2,Medium,1,🟠 Promotion-Stalled,0,-0.5663335906344366,0.10232372713611539
33,0,Travel_Rarely,1198,Research & Development,1,4,Other,3,Male,100,2,1,Research Scientist,1,Single,2799,3339,3,Yes,11,3,2,0,6,1,3,3,2,0,2,0.0,0.6666666666666666,0.3333333333333333,0.6666666666666666,0.1666666666666666,Medium,1,🟠 Promotion-Stalled,0,-0.25574449502182645,-1.9569251146183075
58,0,Travel_Rarely,1272,Research & Development,5,3,Technical Degree,3,Female,37,2,3,Healthcare Representative,2,Divorced,10552,9255,2,Yes,13,3,4,1,24,3,3,6,0,0,4,0.0,0.0,0.5,0.6666666666666666,0.125,Low,1,🟠 Promotion-Stalled,0,-1.023435925968951,-0.17191660036130732
31,0,Travel_Rarely,154,Sales,7,4,Life Sciences,2,Male,41,2,1,Sales Representative,3,Married,2329,11737,3,No,15,3,2,0,13,2,4,7,7,5,2,0.7142857142857143,1.0,0.2857142857142857,0.2857142857142857,0.0769230769230769,High,1,🟠 Promotion-Stalled,0,1.5703432976944744,0.0029351645715672025
35,0,Travel_Rarely,1137,Research & Development,21,1,Life Sciences,4,Female,51,3,2,Healthcare Representative,4,Married,4014,19170,1,Yes,25,4,4,1,10,2,1,10,6,0,7,0.0,0.6,0.2,0.7,0.2,Medium,1,🟠 Promotion-Stalled,0,0.2225871288314357,-1.3217933106523527
49,0,Travel_Rarely,527,Research & Development,8,2,Other,1,Female,51,3,3,Laboratory Technician,2,Married,7403,22477,4,No,11,3,3,1,29,3,2,26,9,1,7,0.0384615384615384,0.3461538461538461,0.1153846153846153,0.2692307692307692,0.1034482758620689,Low,1,🟠 Promotion-Stalled,0,0.4216835338714613,0.3877389019158473
48,0,Travel_Rarely,1469,Research & Development,20,4,Medical,4,Male,51,3,1,Research Scientist,3,Married,2259,5543,4,No,17,3,1,2,13,2,2,0,0,0,0,0.0,0.0,2.0,0.0,0.0769230769230769,Low,0,🚀 Fast-Track Performers,1,-2.5617462634521533,-0.11601199238806813
31,0,Non-Travel,1188,Sales,20,2,Marketing,4,Female,45,3,2,Sales Executive,3,Married,6932,24406,1,No,13,3,4,1,9,2,2,9,8,0,0,0.0,0.8888888888888888,0.2222222222222222,0.0,0.2222222222222222,Medium,1,🟠 Promotion-Stalled,0,0.14853303459233128,-0.5837814918827829
36,0,Travel_Rarely,188,Research & Development,7,4,Other,2,Male,65,3,1,Research Scientist,4,Single,4678,23293,2,No,18,3,3,0,8,6,3,6,2,0,1,0.0,0.3333333333333333,1.0,0.1666666666666666,0.125,Low,0,🚀 Fast-Track Performers,0,-1.7756469073320769,0.4184812970249143
38,0,Travel_Rarely,1333,Research & Development,1,3,Technical Degree,4,Female,80,3,3,Research Director,1,Married,13582,16292,1,No,13,3,2,1,15,3,3,15,12,5,11,0.3333333333333333,0.8,0.2,0.7333333333333333,0.2,Medium,1,🟠 Promotion-Stalled,0,2.264904160909077,0.5959111036524248
32,0,Non-Travel,1184,Research & Development,1,3,Life Sciences,3,Female,70,2,1,Laboratory Technician,2,Married,2332,3974,6,No,20,4,3,0,5,3,3,3,0,0,2,0.0,0.0,1.0,0.6666666666666666,0.2,Low,0,🚀 Fast-Track Performers,0,-1.7896258239394887,-0.7765800195858823
25,1,Travel_Rarely,867,Sales,19,2,Marketing,3,Male,36,2,1,Sales Representative,2,Married,2413,18798,1,Yes,18,3,3,3,1,2,3,1,0,0,0,0.0,0.0,2.0,0.0,1.0,Low,0,🚀 Fast-Track Performers,1,-3.923699991542712,0.41959318464028744
40,0,Travel_Rarely,658,Sales,10,4,Marketing,1,Male,67,2,3,Sales Executive,2,Divorced,9705,20652,2,No,12,3,2,1,11,2,2,1,0,0,0,0.0,0.0,2.0,0.0,0.2727272727272727,Low,0,🚀 Fast-Track Performers,1,-2.408920260233498,0.7663802538470686
26,0,Travel_Frequently,1283,Sales,1,3,Medical,3,Male,52,2,2,Sales Executive,1,Single,4294,11148,1,No,12,3,2,0,7,2,3,7,7,0,7,0.0,1.0,0.2857142857142857,1.0,0.2857142857142857,Medium,1,🟠 Promotion-Stalled,0,1.012596343752641,-1.7171192957766008
41,0,Travel_Rarely,263,Research & Development,6,3,Medical,4,Male,59,3,1,Laboratory Technician,1,Single,4721,3119,2,Yes,13,3,3,0,20,3,3,18,13,2,17,0.1111111111111111,0.7222222222222222,0.1666666666666666,0.9444444444444444,0.05,Medium,1,🟠 Promotion-Stalled,0,1.8012010212702272,-1.0266173833089929
36,0,Travel_Rarely,938,Research & Development,2,4,Medical,3,Male,79,3,1,Laboratory Technician,3,Single,2519,12287,4,No,21,4,3,0,16,6,3,11,8,3,9,0.2727272727272727,0.7272727272727273,0.5454545454545454,0.8181818181818182,0.0625,Medium,1,🟠 Promotion-Stalled,0,0.8589718309370098,0.1445023225359191
19,1,Travel_Rarely,419,Sales,21,3,Other,4,Male,37,2,1,Sales Representative,2,Single,2121,9947,1,Yes,13,3,2,0,1,3,4,1,0,0,0,0.0,0.0,3.0,0.0,1.0,Low,0,🚀 Fast-Track Performers,1,-4.375761055842412,1.0535782694405713
20,1,Travel_Rarely,129,Research & Development,4,3,Technical Degree,1,Male,84,3,1,Laboratory Technician,1,Single,2973,13008,1,No,19,3,2,0,1,2,3,1,0,0,0,0.0,0.0,2.0,0.0,1.0,Low,0,🚀 Fast-Track Performers,1,-3.9303676624184303,0.4080718641708843
31,0,Travel_Rarely,616,Research & Development,12,3,Medical,4,Female,41,3,2,Healthcare Representative,4,Married,5855,17369,0,Yes,11,3,3,2,10,2,1,9,7,8,5,0.8888888888888888,0.7777777777777778,0.2222222222222222,0.5555555555555556,0.2,High,1,🟠 Promotion-Stalled,0,2.1478984362390414,1.0016956633347058
40,0,Travel_Frequently,1469,Research & Development,9,4,Medical,4,Male,35,3,1,Research Scientist,2,Divorced,3617,25063,8,Yes,14,3,4,1,3,2,3,1,1,0,0,0.0,1.0,2.0,0.0,0.3333333333333333,Medium,0,🚀 Fast-Track Performers,1,-1.6704809304380337,-0.7297046806031794
32,0,Travel_Rarely,498,Research & Development,3,4,Medical,3,Female,93,3,2,Manufacturing Director,1,Married,6725,13554,1,No,12,3,3,1,8,2,4,8,7,6,3,0.75,0.875,0.25,0.375,0.25,High,1,🟠 Promotion-Stalled,0,1.644916273214287,0.6880631662828116
36,1,Travel_Rarely,530,Sales,3,1,Life Sciences,3,Male,51,2,3,Sales Executive,4,Married,10325,5518,1,Yes,11,3,1,1,16,6,3,16,7,3,7,0.1875,0.4375,0.375,0.4375,0.1875,Medium,1,🟠 Promotion-Stalled,0,0.32887241620936175,1.5304232867055856
33,0,Travel_Rarely,1069,Research & Development,1,3,Life Sciences,2,Female,42,2,2,Healthcare Representative,4,Single,6949,12291,0,No,14,3,1,0,6,3,3,5,0,1,4,0.2,0.0,0.6,0.8,0.3333333333333333,Low,1,🟠 Promotion-Stalled,0,-1.168744775486661,-0.182993165019249
37,1,Travel_Rarely,625,Sales,1,4,Life Sciences,1,Male,46,2,3,Sales Executive,3,Married,10609,14922,5,No,11,3,3,0,17,2,1,14,1,11,7,0.7857142857142857,0.0714285714285714,0.1428571428571428,0.5,0.1764705882352941,Medium,1,🟠 Promotion-Stalled,0,1.0978048686826505,2.1448318131741395
45,0,Non-Travel,805,Research & Development,4,2,Life Sciences,3,Male,57,3,2,Laboratory Technician,2,Married,4447,23163,1,No,12,3,2,0,9,5,2,9,7,0,8,0.0,0.7777777777777778,0.5555555555555556,0.8888888888888888,0.2222222222222222,Medium,1,🟠 Promotion-Stalled,0,0.3965916168254292,-0.48661370104616547
29,0,Travel_Frequently,1404,Sales,20,3,Technical Degree,3,Female,84,3,1,Sales Representative,4,Married,2157,18203,1,No,15,3,2,1,3,5,3,3,1,0,2,0.0,0.3333333333333333,1.6666666666666667,0.6666666666666666,0.3333333333333333,Low,0,🚀 Fast-Track Performers,0,-1.8860770058776928,-0.10398962044347346
35,0,Travel_Rarely,1219,Sales,18,3,Medical,3,Female,86,3,2,Sales Executive,3,Married,4601,6179,1,No,16,3,2,0,5,3,3,5,2,1,0,0.2,0.4,0.6,0.0,0.4,Low,0,🚀 Fast-Track Performers,0,-1.364555171087366,0.42806304003602547
52,0,Travel_Rarely,1053,Research & Development,1,2,Life Sciences,4,Male,70,3,4,Manager,4,Married,17099,13829,2,No,15,3,2,1,26,2,2,9,8,7,8,0.7777777777777778,0.8888888888888888,0.2222222222222222,0.8888888888888888,0.1538461538461538,High,1,🟠 Promotion-Stalled,0,2.9594792219831345,0.9586453204574296
58,1,Travel_Rarely,289,Research & Development,2,3,Technical Degree,4,Male,51,3,1,Research Scientist,3,Single,2479,26227,4,No,24,4,1,0,7,4,3,1,0,0,0,0.0,0.0,4.0,0.0,0.1428571428571428,Low,0,🚀 Fast-Track Performers,1,-3.676024943882687,0.9951761933396285
53,0,Travel_Rarely,1376,Sales,2,2,Medical,3,Male,45,3,4,Manager,3,Divorced,14852,13938,6,No,13,3,3,1,22,3,4,17,13,15,2,0.8823529411764706,0.7647058823529411,0.1764705882352941,0.1176470588235294,0.1818181818181818,High,1,🟠 Promotion-Stalled,0,3.593893477331055,3.7825376756573235
30,0,Travel_Rarely,231,Sales,8,2,Other,3,Male,62,3,3,Sales Executive,3,Divorced,7264,9977,5,No,11,3,1,1,10,2,4,8,4,7,7,0.875,0.5,0.25,0.875,0.3,Medium,1,🟠 Promotion-Stalled,0,1.7000140057811306,1.0306043878434965
38,0,Non-Travel,152,Sales,10,3,Technical Degree,3,Female,85,3,2,Sales Executive,4,Single,5666,19899,1,Yes,13,3,2,0,6,1,3,5,3,1,3,0.2,0.6,0.2,0.6,0.3333333333333333,Medium,1,🟠 Promotion-Stalled,0,0.006848241296140389,-1.0549569009657245
35,0,Travel_Rarely,882,Sales,3,4,Life Sciences,4,Male,92,3,3,Sales Executive,4,Divorced,7823,6812,6,No,13,3,2,1,12,2,3,10,9,0,8,0.0,0.9,0.2,0.8,0.25,Medium,1,🟠 Promotion-Stalled,0,1.232557405911936,-1.0496719247545403
39,0,Travel_Rarely,903,Sales,2,5,Life Sciences,1,Male,41,4,3,Sales Executive,3,Single,7880,2560,0,No,18,3,4,0,9,3,3,8,7,0,7,0.0,0.875,0.375,0.875,0.3333333333333333,Medium,1,🟠 Promotion-Stalled,0,0.7271016769525747,-0.8443001985717471
40,1,Non-Travel,1479,Sales,24,3,Life Sciences,2,Female,100,4,4,Sales Executive,2,Single,13194,17071,4,Yes,16,3,4,0,22,2,2,1,0,0,0,0.0,0.0,2.0,0.0,0.1818181818181818,Low,0,🚀 Fast-Track Performers,1,-2.098629516704215,1.020775555788975
47,0,Travel_Frequently,1379,Research & Development,16,4,Medical,3,Male,64,4,2,Manufacturing Director,3,Divorced,5067,6759,1,Yes,19,3,3,0,20,3,4,19,10,2,7,0.1052631578947368,0.5263157894736842,0.1578947368421052,0.3684210526315789,0.1,Medium,1,🟠 Promotion-Stalled,0,0.7442239941811037,-0.04647180548951406
36,0,Non-Travel,1229,Sales,8,4,Technical Degree,1,Male,84,3,2,Sales Executive,4,Divorced,5079,25952,4,No,13,3,4,2,12,3,3,7,7,0,7,0.0,1.0,0.4285714285714285,1.0,0.1666666666666666,Medium,1,🟠 Promotion-Stalled,0,1.042335227124031,-1.4632703186373326
31,1,Non-Travel,335,Research & Development,9,2,Medical,3,Male,46,2,1,Research Scientist,1,Single,2321,10322,0,Yes,22,4,1,0,4,0,3,3,2,1,2,0.3333333333333333,0.6666666666666666,0.0,0.6666666666666666,0.25,Medium,1,🟠 Promotion-Stalled,0,0.15663245325305644,-1.9546565957128033
33,0,Non-Travel,722,Sales,17,3,Life Sciences,4,Male,38,3,4,Manager,3,Single,17444,20489,1,No,11,3,4,0,10,2,3,10,8,6,0,0.6,0.8,0.2,0.0,0.4,Medium,1,🟠 Promotion-Stalled,0,1.405945426657757,1.8454559918994806
29,1,Travel_Rarely,906,Research & Development,10,3,Life Sciences,4,Female,92,2,1,Research Scientist,1,Single,2404,11479,6,Yes,20,4,3,0,3,5,3,0,0,0,0,0.0,0.0,5.0,0.0,0.3333333333333333,Low,0,🚀 Fast-Track Performers,1,-4.414415881340534,1.7305390762017925
33,0,Travel_Rarely,461,Research & Development,13,1,Life Sciences,2,Female,53,3,1,Research Scientist,4,Single,3452,17241,3,No,18,3,1,0,5,4,3,3,2,0,2,0.0,0.6666666666666666,1.3333333333333333,0.6666666666666666,0.2,Medium,1,🟠 Promotion-Stalled,0,-0.9978507740887641,-0.8497227815806213
45,0,Travel_Rarely,974,Research & Development,1,4,Medical,4,Female,91,3,1,Laboratory Technician,4,Divorced,2270,11005,3,No,14,3,4,2,8,2,3,5,3,0,2,0.0,0.6,0.4,0.4,0.125,Medium,1,🟠 Promotion-Stalled,0,-0.5350050562041796,-1.3242082756083315
50,0,Travel_Rarely,1126,Research & Development,1,2,Medical,4,Male,66,3,4,Research Director,4,Divorced,17399,6615,9,No,22,4,3,1,32,1,2,5,4,1,3,0.2,0.8,0.2,0.6,0.125,Medium,1,🟠 Promotion-Stalled,0,1.0065083376729385,-0.7046865294525986
33,0,Travel_Frequently,827,Research & Development,1,4,Other,3,Female,84,4,2,Healthcare Representative,2,Married,5488,20161,1,Yes,13,3,1,1,6,2,3,6,5,1,2,0.1666666666666666,0.8333333333333334,0.3333333333333333,0.3333333333333333,0.3333333333333333,Medium,1,🟠 Promotion-Stalled,0,0.09108733651042267,-0.5898907044812577
41,0,Travel_Frequently,840,Research & Development,9,3,Medical,1,Male,64,3,5,Research Director,3,Divorced,19419,3735,2,No,17,3,2,1,21,2,4,18,16,0,11,0.0,0.8888888888888888,0.1111111111111111,0.6111111111111112,0.238095238095238,Medium,1,🟠 Promotion-Stalled,0,2.3211763788657716,0.04434210512723699
27,0,Travel_Rarely,1134,Research & Development,16,4,Technical Degree,3,Female,37,3,1,Laboratory Technician,2,Married,2811,12086,9,No,14,3,2,1,4,2,3,2,2,2,2,1.0,1.0,1.0,1.0,0.25,High,1,🟠 Promotion-Stalled,0,1.0139201427249533,-0.8500451500184725
45,0,Non-Travel,248,Research & Development,23,2,Life Sciences,4,Male,42,3,2,Laboratory Technician,1,Married,3633,14039,1,Yes,15,3,3,1,9,2,3,9,8,0,8,0.0,0.8888888888888888,0.2222222222222222,0.8888888888888888,0.2222222222222222,Medium,1,🟠 Promotion-Stalled,0,0.9998925194400422,-1.5592128409948838
47,0,Travel_Rarely,955,Sales,4,2,Life Sciences,4,Female,83,3,2,Sales Executive,4,Single,4163,8571,1,Yes,17,3,3,0,9,0,3,9,0,0,7,0.0,0.0,0.0,0.7777777777777778,0.2222222222222222,Low,1,🟠 Promotion-Stalled,0,-0.8441852323491804,-1.6616230594235872
30,1,Travel_Rarely,138,Research & Development,22,3,Life Sciences,1,Female,48,3,1,Research Scientist,3,Married,2132,11539,4,Yes,11,3,2,0,7,2,3,5,2,0,1,0.0,0.4,0.4,0.2,0.1428571428571428,Low,1,🟠 Promotion-Stalled,0,-1.082592741470217,-0.9334897210749066
50,0,Travel_Rarely,939,Research & Development,24,3,Life Sciences,4,Male,95,3,4,Manufacturing Director,3,Married,13973,4161,3,Yes,18,3,4,1,22,2,3,12,11,1,5,0.0833333333333333,0.9166666666666666,0.1666666666666666,0.4166666666666667,0.1818181818181818,Medium,1,🟠 Promotion-Stalled,0,1.5896718295453598,-0.09534101089143637
38,0,Travel_Frequently,1391,Research & Development,10,1,Medical,3,Male,66,3,1,Research Scientist,3,Married,2684,12127,0,No,17,3,2,1,3,0,2,2,1,0,2,0.0,0.5,0.0,1.0,0.3333333333333333,Medium,1,🟠 Promotion-Stalled,0,-0.3099750752651234,-2.5703670343393368
46,0,Travel_Rarely,566,Research & Development,7,2,Medical,4,Male,75,3,3,Manufacturing Director,3,Divorced,10845,24208,6,No,13,3,2,1,13,3,3,8,7,0,7,0.0,0.875,0.375,0.875,0.2307692307692307,Medium,1,🟠 Promotion-Stalled,0,0.9110273710217053,-0.8474854292800379
24,0,Travel_Rarely,1206,Research & Development,17,1,Medical,4,Female,41,2,2,Manufacturing Director,3,Divorced,4377,24117,1,No,15,3,2,2,5,6,3,4,2,3,2,0.75,0.5,1.5,0.5,0.4,Medium,1,🟠 Promotion-Stalled,0,-0.6769219513965455,1.790750297978919
35,1,Travel_Rarely,622,Research & Development,14,4,Other,3,Male,39,2,1,Laboratory Technician,2,Divorced,3743,10074,1,Yes,24,4,4,1,5,2,1,4,2,0,2,0.0,0.5,0.5,0.5,0.2,Medium,1,🟠 Promotion-Stalled,0,-0.8892076175908313,-1.426395453641995
31,0,Travel_Frequently,853,Research & Development,1,1,Life Sciences,3,Female,96,3,2,Manufacturing Director,1,Married,4148,11275,1,No,12,3,3,1,4,1,3,4,3,0,3,0.0,0.75,0.25,0.75,0.5,Medium,1,🟠 Promotion-Stalled,0,-0.2180991760280623,-1.5628990209808054
18,0,Non-Travel,287,Research & Development,5,2,Life Sciences,2,Male,73,3,1,Research Scientist,4,Single,1051,13493,1,No,15,3,4,0,0,2,3,0,0,0,0,0.0,0.0,2.0,0.0,0.0,Low,0,🚀 Fast-Track Performers,1,-2.4354704169328127,-0.13856322624074155
54,0,Travel_Rarely,1441,Research & Development,17,3,Technical Degree,3,Female,56,3,3,Manufacturing Director,3,Married,10739,13943,8,No,11,3,3,1,22,2,3,10,7,0,8,0.0,0.7,0.2,0.8,0.1363636363636363,Medium,1,🟠 Promotion-Stalled,0,0.9443332740648224,-0.9986565364374591
35,0,Travel_Rarely,583,Research & Development,25,4,Medical,3,Female,57,3,3,Healthcare Representative,3,Divorced,10388,6975,1,Yes,11,3,3,1,16,3,2,16,10,10,1,0.625,0.625,0.1875,0.0625,0.1875,High,1,🟠 Promotion-Stalled,0,2.0263054623599284,2.4792746484325345
30,0,Travel_Rarely,153,Research & Development,8,2,Life Sciences,2,Female,73,4,3,Research Director,1,Married,11416,17802,0,Yes,12,3,3,3,9,4,2,8,7,1,7,0.125,0.875,0.5,0.875,0.3333333333333333,Medium,1,🟠 Promotion-Stalled,0,0.8549850167326879,-0.1672164319449794
20,1,Travel_Rarely,1097,Research & Development,11,3,Medical,4,Female,98,2,1,Research Scientist,1,Single,2600,18275,1,Yes,15,3,1,0,1,2,3,1,0,0,0,0.0,0.0,2.0,0.0,1.0,Low,0,🚀 Fast-Track Performers,1,-3.9036969789155562,0.45415714604849705
30,1,Travel_Frequently,109,Research & Development,5,3,Medical,2,Female,60,3,1,Laboratory Technician,2,Single,2422,25725,0,No,17,3,1,0,4,3,3,3,2,1,2,0.3333333333333333,0.6666666666666666,1.0,0.6666666666666666,0.25,Medium,1,🟠 Promotion-Stalled,0,-0.4565208899058338,-0.7289557627852533
26,0,Travel_Rarely,1066,Research & Development,2,2,Medical,4,Male,32,4,2,Manufacturing Director,4,Married,5472,3334,1,No,12,3,2,0,8,2,3,8,7,1,3,0.125,0.875,0.25,0.375,0.25,Medium,1,🟠 Promotion-Stalled,0,0.549765703906867,-0.6971013022072444
22,0,Travel_Rarely,217,Research & Development,8,1,Life Sciences,2,Male,94,1,1,Laboratory Technician,1,Married,2451,6881,1,No,15,3,1,1,4,3,2,4,3,1,1,0.25,0.75,0.75,0.25,0.25,Medium,1,🟠 Promotion-Stalled,0,-0.6012837607579115,-0.4401148173971816
48,0,Travel_Rarely,277,Research & Development,6,3,Life Sciences,1,Male,97,2,2,Healthcare Representative,3,Single,4240,13119,2,No,13,3,4,0,19,0,3,2,2,2,2,1.0,1.0,0.0,1.0,0.1052631578947368,High,1,🟠 Promotion-Stalled,0,2.002526132818736,-1.4421844069749392
48,0,Travel_Rarely,1355,Research & Development,4,4,Life Sciences,3,Male,78,2,3,Healthcare Representative,3,Single,10999,22245,7,No,14,3,2,0,27,3,3,15,11,4,8,0.2666666666666666,0.7333333333333333,0.2,0.5333333333333333,0.1111111111111111,Medium,1,🟠 Promotion-Stalled,0,1.8270884119450057,0.542492331398335
41,0,Travel_Rarely,549,Research & Development,7,2,Medical,4,Female,42,3,2,Manufacturing Director,3,Single,5003,23371,6,No,14,3,2,0,8,6,3,2,2,2,1,1.0,1.0,3.0,0.5,0.25,High,1,🟠 Promotion-Stalled,0,-0.4008755284191176,1.7845104653904391
39,0,Travel_Rarely,466,Research & Development,1,1,Life Sciences,4,Female,65,2,4,Manufacturing Director,4,Married,12742,7060,1,No,16,3,3,1,21,3,3,21,6,11,8,0.5238095238095238,0.2857142857142857,0.1428571428571428,0.3809523809523809,0.1904761904761904,Medium,1,🟠 Promotion-Stalled,0,1.6821168348310407,2.632596468425519
27,0,Travel_Rarely,1055,Research & Development,2,4,Life Sciences,1,Female,47,3,2,Manufacturing Director,4,Married,4227,4658,0,No,18,3,2,1,4,2,3,3,2,2,2,0.6666666666666666,0.6666666666666666,0.6666666666666666,0.6666666666666666,0.5,High,1,🟠 Promotion-Stalled,0,-0.018685374837163087,-0.15832305644321248
35,0,Travel_Rarely,802,Research & Development,10,3,Other,2,Male,45,3,1,Laboratory Technician,4,Divorced,3917,9541,1,No,20,4,1,1,3,4,2,3,2,1,2,0.3333333333333333,0.6666666666666666,1.3333333333333333,0.6666666666666666,0.3333333333333333,Medium,1,🟠 Promotion-Stalled,0,-0.8143733485440456,-0.32476161630918166
42,0,Travel_Rarely,265,Sales,5,2,Marketing,4,Male,90,3,5,Manager,3,Married,18303,7770,6,No,13,3,2,0,21,3,4,1,0,0,0,0.0,0.0,3.0,0.0,0.238095238095238,Low,0,🚀 Fast-Track Performers,1,-2.4431671065777985,2.0194388114259634
50,0,Travel_Rarely,804,Research & Development,9,3,Life Sciences,1,Male,64,3,1,Laboratory Technician,4,Married,2380,20165,4,No,18,3,2,0,8,5,3,1,0,0,0,0.0,0.0,5.0,0.0,0.125,Low,0,🚀 Fast-Track Performers,1,-4.095200005842692,1.6300983062470078
59,0,Travel_Rarely,715,Research & Development,2,3,Life Sciences,3,Female,69,2,4,Manufacturing Director,4,Single,13726,21829,3,Yes,13,3,1,0,30,4,3,5,3,4,3,0.8,0.6,0.8,0.6,0.1333333333333333,Medium,1,🟠 Promotion-Stalled,0,1.0674359701415506,1.6295090528539675
37,1,Travel_Rarely,1141,Research & Development,11,2,Medical,1,Female,61,1,2,Healthcare Representative,2,Married,4777,14382,5,No,15,3,1,0,15,2,1,1,0,0,0,0.0,0.0,2.0,0.0,0.1333333333333333,Low,0,🚀 Fast-Track Performers,1,-2.4277476734967856,0.2948304107587885
55,0,Travel_Frequently,135,Research & Development,18,4,Medical,3,Male,62,3,2,Healthcare Representative,2,Married,6385,12992,3,Yes,14,3,4,2,17,3,3,8,7,6,7,0.75,0.875,0.375,0.875,0.1176470588235294,High,1,🟠 Promotion-Stalled,0,2.1811430758810224,0.38177654254117127
41,0,Non-Travel,247,Research & Development,7,1,Life Sciences,2,Female,55,1,5,Research Director,3,Divorced,19973,20284,1,No,22,4,2,2,21,3,3,21,16,5,10,0.238095238095238,0.7619047619047619,0.1428571428571428,0.4761904761904761,0.238095238095238,Medium,1,🟠 Promotion-Stalled,0,2.693039247248685,1.5709424991568266
38,0,Travel_Rarely,1035,Sales,3,4,Life Sciences,2,Male,42,3,2,Sales Executive,4,Single,6861,4981,8,Yes,12,3,3,0,19,1,3,1,0,0,0,0.0,0.0,1.0,0.0,0.1052631578947368,Low,0,🚀 Fast-Track Performers,1,-1.881131865012873,-0.26362187512245916
26,1,Non-Travel,265,Sales,29,2,Medical,2,Male,79,1,2,Sales Executive,1,Single,4969,21813,8,No,18,3,4,0,7,6,3,2,2,2,2,1.0,1.0,3.0,1.0,0.2857142857142857,High,1,🟠 Promotion-Stalled,0,0.006407965112073731,1.223875119889964
52,1,Travel_Rarely,266,Sales,2,1,Marketing,1,Female,57,1,5,Manager,4,Married,19845,25846,1,No,15,3,4,1,33,3,3,32,14,6,9,0.1875,0.4375,0.09375,0.28125,0.1515151515151515,Medium,1,🟠 Promotion-Stalled,0,2.161333263829128,2.1099720663205623
44,0,Travel_Rarely,1448,Sales,28,3,Medical,4,Female,53,4,4,Sales Executive,4,Married,13320,11737,3,Yes,18,3,3,1,23,2,3,12,11,11,11,0.9166666666666666,0.9166666666666666,0.1666666666666666,0.9166666666666666,0.1739130434782608,High,1,🟠 Promotion-Stalled,0,3.930877952144299,1.750700682120689
50,0,Non-Travel,145,Sales,1,3,Life Sciences,4,Female,95,3,2,Sales Executive,3,Married,6347,24920,0,No,12,3,1,1,19,3,3,18,7,0,13,0.0,0.3888888888888889,0.1666666666666666,0.7222222222222222,0.1052631578947368,Low,1,🟠 Promotion-Stalled,0,0.28677434627493015,-0.7529862581471619
36,1,Travel_Rarely,885,Research & Development,16,4,Life Sciences,3,Female,43,4,1,Laboratory Technician,1,Single,2743,8269,1,No,16,3,3,0,18,1,3,17,13,15,14,0.8823529411764706,0.7647058823529411,0.0588235294117647,0.8235294117647058,0.0555555555555555,High,1,🟠 Promotion-Stalled,0,4.044205248807922,1.2290156686579556
39,0,Travel_Frequently,945,Research & Development,22,3,Medical,4,Female,82,3,3,Manufacturing Director,1,Single,10880,5083,1,Yes,13,3,3,0,21,2,3,21,6,2,8,0.0952380952380952,0.2857142857142857,0.0952380952380952,0.3809523809523809,0.1428571428571428,Low,1,🟠 Promotion-Stalled,0,0.27724309293422555,0.12369246765335143
33,0,Non-Travel,1038,Sales,8,1,Life Sciences,2,Female,88,2,1,Sales Representative,4,Single,2342,21437,0,No,19,3,4,0,3,2,2,2,2,2,2,1.0,1.0,1.0,1.0,0.3333333333333333,High,1,🟠 Promotion-Stalled,0,0.8582295748477987,-0.858258388008052
45,0,Travel_Rarely,1234,Sales,11,2,Life Sciences,4,Female,90,3,4,Manager,4,Married,17650,5404,3,No,13,3,2,1,26,4,4,9,3,1,1,0.1111111111111111,0.3333333333333333,0.4444444444444444,0.1111111111111111,0.1538461538461538,Low,1,🟠 Promotion-Stalled,0,-0.5131873082938527,1.1684344262106647
32,0,Non-Travel,1109,Research & Development,29,4,Medical,4,Female,69,3,1,Laboratory Technician,3,Single,4025,11135,9,No,12,3,2,0,10,2,3,8,7,7,7,0.875,0.875,0.25,0.875,0.1,High,1,🟠 Promotion-Stalled,0,2.367084926301477,-0.013894898237672424
34,0,Travel_Rarely,216,Sales,1,4,Marketing,2,Male,75,4,2,Sales Executive,4,Divorced,9725,12278,0,No,11,3,4,1,16,2,2,15,1,0,9,0.0,0.0666666666666666,0.1333333333333333,0.6,0.125,Low,1,🟠 Promotion-Stalled,0,-0.852783048842468,-0.8503151004279393
59,0,Travel_Rarely,1089,Sales,1,2,Technical Degree,2,Male,66,3,3,Manager,4,Married,11904,11038,3,Yes,14,3,3,1,14,1,1,6,4,0,4,0.0,0.6666666666666666,0.1666666666666666,0.6666666666666666,0.2142857142857142,Medium,1,🟠 Promotion-Stalled,0,0.37195979969367776,-1.229378210499037
45,0,Travel_Rarely,788,Human Resources,24,4,Medical,2,Male,36,3,1,Human Resources,2,Single,2177,8318,1,No,16,3,1,0,6,3,3,6,3,0,4,0.0,0.5,0.5,0.6666666666666666,0.1666666666666666,Medium,1,🟠 Promotion-Stalled,0,-0.5837538539757303,-1.200741738063103
53,0,Travel_Frequently,124,Sales,2,3,Marketing,3,Female,38,2,3,Sales Executive,2,Married,7525,23537,2,No,12,3,1,1,30,2,3,15,7,6,12,0.4,0.4666666666666667,0.1333333333333333,0.8,0.1,Medium,1,🟠 Promotion-Stalled,0,1.7779021843619818,0.4844142993385396
36,1,Travel_Rarely,660,Research & Development,15,3,Other,1,Male,81,3,2,Laboratory Technician,3,Divorced,4834,7858,7,No,14,3,2,1,9,3,2,1,0,0,0,0.0,0.0,3.0,0.0,0.2222222222222222,Low,0,🚀 Fast-Track Performers,1,-3.03698844903116,0.9354164689960586
26,1,Travel_Frequently,342,Research & Development,2,3,Life Sciences,1,Male,57,3,1,Research Scientist,1,Married,2042,15346,6,Yes,14,3,2,1,6,2,3,3,2,1,2,0.3333333333333333,0.6666666666666666,0.6666666666666666,0.6666666666666666,0.1666666666666666,Medium,1,🟠 Promotion-Stalled,0,-0.09866843126762175,-1.1331499092613249
34,0,Travel_Rarely,1333,Sales,10,4,Life Sciences,3,Female,87,3,1,Sales Representative,3,Married,2220,18410,1,Yes,19,3,4,1,1,2,3,1,1,0,0,0.0,1.0,2.0,0.0,1.0,Medium,0,🚀 Fast-Track Performers,1,-2.682636992805122,-0.39216436809070293
28,0,Travel_Rarely,1144,Sales,10,1,Medical,4,Male,74,3,1,Sales Representative,2,Married,1052,23384,1,No,22,4,2,0,1,5,3,1,0,0,0,0.0,0.0,5.0,0.0,1.0,Low,0,🚀 Fast-Track Performers,1,-5.406568931080466,2.102643350122479
38,0,Travel_Frequently,1186,Research & Development,3,4,Other,3,Male,44,3,1,Research Scientist,3,Married,2821,2997,3,No,16,3,1,1,8,2,3,2,2,2,2,1.0,1.0,1.0,1.0,0.125,High,1,🟠 Promotion-Stalled,0,1.1841131212213594,-0.9471778374934339
50,0,Travel_Rarely,1464,Research & Development,2,4,Medical,2,Male,62,3,5,Research Director,3,Married,19237,12853,2,Yes,11,3,4,1,29,2,2,8,1,7,7,0.875,0.125,0.25,0.875,0.1724137931034483,Medium,1,🟠 Promotion-Stalled,0,1.5072461846897574,1.8694153349467184
37,0,Travel_Rarely,124,Research & Development,3,3,Other,4,Female,35,3,2,Healthcare Representative,2,Single,4107,13848,3,No,15,3,1,0,8,3,2,4,3,0,1,0.0,0.75,0.75,0.25,0.25,Medium,1,🟠 Promotion-Stalled,0,-0.7209553066050916,-0.477948374791763
40,0,Travel_Rarely,300,Sales,26,3,Marketing,3,Male,74,3,2,Sales Executive,1,Married,8396,22217,1,No,14,3,2,1,8,3,2,7,7,7,5,1.0,1.0,0.4285714285714285,0.7142857142857143,0.25,High,1,🟠 Promotion-Stalled,0,2.2727162339641205,0.9351218407738257
26,0,Travel_Frequently,921,Research & Development,1,1,Medical,1,Female,66,2,1,Research Scientist,3,Divorced,2007,25265,1,No,13,3,3,2,5,5,3,5,3,1,3,0.2,0.6,1.0,0.6,0.2,Medium,1,🟠 Promotion-Stalled,0,-0.6469416832572245,-0.08050255499901446
46,0,Travel_Rarely,430,Research & Development,1,4,Medical,4,Male,40,3,5,Research Director,4,Divorced,19627,21445,9,No,17,3,4,2,23,0,3,2,2,2,2,1.0,1.0,0.0,1.0,0.217391304347826,High,1,🟠 Promotion-Stalled,0,2.4216847814487243,-0.35871629005988026
54,0,Travel_Rarely,1082,Sales,2,4,Life Sciences,3,Female,41,2,3,Sales Executive,3,Married,10686,8392,6,No,11,3,2,1,13,4,3,9,4,7,0,0.7777777777777778,0.4444444444444444,0.4444444444444444,0.0,0.2307692307692307,Medium,1,🟠 Promotion-Stalled,0,0.5671109993571021,2.5302213399205162
56,0,Travel_Frequently,1240,Research & Development,9,3,Medical,1,Female,63,3,1,Research Scientist,3,Married,2942,12154,2,No,19,3,2,1,18,4,3,5,4,0,3,0.0,0.8,0.8,0.6,0.0555555555555555,Medium,1,🟠 Promotion-Stalled,0,-0.24804445679675702,-1.0646223241996662
36,0,Travel_Rarely,796,Research & Development,12,5,Medical,4,Female,51,2,3,Manufacturing Director,4,Single,8858,15669,0,No,11,3,2,0,15,2,2,14,8,7,8,0.5,0.5714285714285714,0.1428571428571428,0.5714285714285714,0.2,Medium,1,🟠 Promotion-Stalled,0,1.8493102133982235,1.0051336125712587
55,0,Non-Travel,444,Research & Development,2,1,Medical,3,Male,40,2,4,Manager,1,Single,16756,17323,7,No,15,3,2,0,31,3,4,9,7,6,2,0.6666666666666666,0.7777777777777778,0.3333333333333333,0.2222222222222222,0.1290322580645161,High,1,🟠 Promotion-Stalled,0,1.7676859144066739,1.7779738757508738
43,0,Travel_Rarely,415,Sales,25,3,Medical,3,Male,79,2,3,Sales Executive,4,Divorced,10798,5268,5,No,13,3,3,1,18,5,3,1,0,0,0,0.0,0.0,5.0,0.0,0.1666666666666666,Low,0,🚀 Fast-Track Performers,1,-3.7160651881459277,2.421130098828005
20,1,Travel_Frequently,769,Sales,9,3,Marketing,4,Female,54,3,1,Sales Representative,4,Single,2323,17205,1,Yes,14,3,2,0,2,3,3,2,2,0,2,0.0,1.0,1.5,1.0,0.5,Medium,1,🟠 Promotion-Stalled,0,-0.6989358066641791,-1.5108021724289458
21,1,Travel_Rarely,1334,Research & Development,10,3,Life Sciences,3,Female,36,2,1,Laboratory Technician,1,Single,1416,17258,1,No,13,3,1,0,1,6,2,1,0,1,0,1.0,0.0,6.0,0.0,1.0,Medium,0,🚀 Fast-Track Performers,1,-4.884035178879853,3.8659010345677993
46,0,Travel_Rarely,1003,Research & Development,8,4,Life Sciences,4,Female,74,2,2,Research Scientist,1,Divorced,4615,21029,8,Yes,23,4,1,3,19,2,3,16,13,1,7,0.0625,0.8125,0.125,0.4375,0.1052631578947368,Medium,1,🟠 Promotion-Stalled,0,1.4074097244700643,-0.8012416468893205
51,1,Travel_Rarely,1323,Research & Development,4,4,Life Sciences,1,Male,34,3,1,Research Scientist,3,Married,2461,10332,9,Yes,12,3,3,3,18,2,4,10,0,2,7,0.2,0.0,0.2,0.7,0.0555555555555555,Low,1,🟠 Promotion-Stalled,0,-0.690943327128345,-0.818013737742378
28,1,Non-Travel,1366,Research & Development,24,2,Technical Degree,2,Male,72,2,3,Healthcare Representative,1,Single,8722,12355,1,No,12,3,1,0,10,2,2,10,7,1,9,0.1,0.7,0.2,0.9,0.3,Medium,1,🟠 Promotion-Stalled,0,0.9928930860419313,-0.7663310700485845
26,0,Travel_Rarely,192,Research & Development,1,2,Medical,1,Male,59,2,1,Laboratory Technician,1,Married,3955,11141,1,No,16,3,1,2,6,2,3,5,3,1,3,0.2,0.6,0.4,0.6,0.1666666666666666,Medium,1,🟠 Promotion-Stalled,0,-0.13345342464695192,-1.1907098493748787
30,0,Travel_Rarely,1176,Research & Development,20,3,Other,3,Male,85,3,2,Manufacturing Director,1,Married,9957,9096,0,No,15,3,3,1,7,1,2,6,2,0,2,0.0,0.3333333333333333,0.1666666666666666,0.3333333333333333,0.2857142857142857,Low,1,🟠 Promotion-Stalled,0,-0.885883883004431,-0.9889612830371611
41,0,Travel_Rarely,509,Research & Development,7,2,Technical Degree,2,Female,43,4,1,Research Scientist,3,Married,3376,18863,1,No,13,3,3,0,10,3,3,10,6,0,8,0.0,0.6,0.3,0.8,0.1,Medium,1,🟠 Promotion-Stalled,0,0.222182251142546,-1.3804075510429692
38,0,Travel_Rarely,330,Research & Development,17,1,Life Sciences,3,Female,65,2,3,Healthcare Representative,3,Married,8823,24608,0,No,18,3,1,1,20,4,2,19,9,1,9,0.0526315789473684,0.4736842105263157,0.2105263157894736,0.4736842105263157,0.15,Medium,1,🟠 Promotion-Stalled,0,0.5419067700929876,0.3445851484659473
40,0,Travel_Rarely,1492,Research & Development,20,4,Technical Degree,1,Male,61,3,3,Healthcare Representative,4,Married,10322,26542,4,No,20,4,4,1,14,6,3,11,10,11,1,1.0,0.9090909090909092,0.5454545454545454,0.0909090909090909,0.2142857142857142,High,1,🟠 Promotion-Stalled,0,2.315259902092952,3.618816150212078
27,0,Non-Travel,1277,Research & Development,8,5,Life Sciences,1,Male,87,1,1,Laboratory Technician,3,Married,4621,5869,1,No,19,3,4,3,3,4,3,3,2,1,2,0.3333333333333333,0.6666666666666666,1.3333333333333333,0.6666666666666666,0.3333333333333333,Medium,1,🟠 Promotion-Stalled,0,-0.8077056776683271,-0.3132402958397784
55,0,Travel_Frequently,1091,Research & Development,2,1,Life Sciences,4,Male,65,3,3,Manufacturing Director,2,Married,10976,15813,3,No,18,3,2,1,23,4,3,3,2,1,2,0.3333333333333333,0.6666666666666666,1.3333333333333333,0.6666666666666666,0.1304347826086956,Medium,1,🟠 Promotion-Stalled,0,-0.09616439516343987,0.28674742816243337
28,0,Travel_Rarely,857,Research & Development,10,3,Other,3,Female,59,3,2,Research Scientist,3,Single,3660,7909,3,No,13,3,4,0,10,4,4,8,7,1,7,0.125,0.875,0.5,0.875,0.2,Medium,1,🟠 Promotion-Stalled,0,0.8405946024209423,-0.6121313894139125
44,1,Travel_Rarely,1376,Human Resources,1,2,Medical,2,Male,91,2,3,Human Resources,1,Married,10482,2326,9,No,14,3,4,1,24,1,3,20,6,3,6,0.15,0.3,0.05,0.3,0.125,Low,1,🟠 Promotion-Stalled,0,0.49351370625520835,0.08014974472752158
33,0,Travel_Rarely,654,Research & Development,5,3,Life Sciences,4,Male,34,2,3,Healthcare Representative,4,Divorced,7119,21214,4,No,15,3,3,1,9,2,3,3,2,1,2,0.3333333333333333,0.6666666666666666,0.6666666666666666,0.6666666666666666,0.3333333333333333,Medium,1,🟠 Promotion-Stalled,0,0.05693204092698816,-0.3371559929605921
35,1,Travel_Rarely,1204,Sales,4,3,Technical Degree,4,Male,86,3,3,Sales Executive,1,Single,9582,10333,0,Yes,22,4,1,0,9,2,3,8,7,4,7,0.5,0.875,0.25,0.875,0.3333333333333333,Medium,1,🟠 Promotion-Stalled,0,1.7077042482313187,-0.11317685576965264
33,1,Travel_Frequently,827,Research & Development,29,4,Medical,1,Female,54,2,2,Research Scientist,3,Single,4508,3129,1,No,22,4,2,0,14,4,3,13,7,3,8,0.2307692307692307,0.5384615384615384,0.3076923076923077,0.6153846153846154,0.1428571428571428,Medium,1,🟠 Promotion-Stalled,0,0.6287138637265445,0.1771161970943938
28,0,Travel_Rarely,895,Research & Development,15,2,Life Sciences,1,Male,50,3,1,Laboratory Technician,3,Divorced,2207,22482,1,No,16,3,4,1,4,5,2,4,2,2,2,0.5,0.5,1.25,0.5,0.25,Medium,1,🟠 Promotion-Stalled,0,-0.8082402946477156,0.5777708300552438
34,0,Travel_Frequently,618,Research & Development,3,1,Life Sciences,1,Male,45,3,2,Healthcare Representative,4,Single,7756,22266,0,No,17,3,3,0,7,1,2,6,2,0,4,0.0,0.3333333333333333,0.1666666666666666,0.6666666666666666,0.2857142857142857,Low,1,🟠 Promotion-Stalled,0,-0.5749586647811875,-1.3691496895409527
37,0,Travel_Rarely,309,Sales,10,4,Life Sciences,4,Female,88,2,2,Sales Executive,4,Divorced,6694,24223,2,Yes,14,3,3,3,8,5,3,1,0,0,0,0.0,0.0,5.0,0.0,0.25,Low,0,🚀 Fast-Track Performers,1,-4.048571357553934,2.104637888688407
25,1,Travel_Rarely,1219,Research & Development,4,1,Technical Degree,4,Male,32,3,1,Laboratory Technician,4,Married,3691,4605,1,Yes,15,3,2,1,7,3,4,7,7,5,6,0.7142857142857143,1.0,0.4285714285714285,0.8571428571428571,0.1428571428571428,High,1,🟠 Promotion-Stalled,0,1.8910300742420296,-0.23430200845641547
26,1,Travel_Rarely,1330,Research & Development,21,3,Medical,1,Male,37,3,1,Laboratory Technician,3,Divorced,2377,19373,1,No,20,4,3,1,1,0,2,1,1,0,0,0.0,1.0,0.0,0.0,1.0,Medium,0,🚀 Fast-Track Performers,1,-1.7185058263242534,-1.5564426534666422
33,1,Travel_Rarely,1017,Research & Development,25,3,Medical,1,Male,55,2,1,Research Scientist,2,Single,2313,2993,4,Yes,20,4,2,0,5,0,3,2,2,2,2,1.0,1.0,0.0,1.0,0.2,High,1,🟠 Promotion-Stalled,0,1.6132710036776676,-1.8210454479662546
42,0,Travel_Rarely,469,Research & Development,2,2,Medical,4,Male,35,3,4,Manager,1,Married,17665,14399,0,No,17,3,4,1,23,3,3,22,6,13,7,0.5909090909090909,0.2727272727272727,0.1363636363636363,0.3181818181818182,0.1739130434782608,Medium,1,🟠 Promotion-Stalled,0,1.9124094341395337,3.0731067069065667
28,1,Travel_Frequently,1009,Research & Development,1,3,Medical,1,Male,45,2,1,Laboratory Technician,2,Divorced,2596,7160,1,No,15,3,1,2,1,2,3,1,0,0,0,0.0,0.0,2.0,0.0,1.0,Low,0,🚀 Fast-Track Performers,1,-3.9036969789155562,0.45415714604849705
50,1,Travel_Frequently,959,Sales,1,4,Other,4,Male,81,3,2,Sales Executive,3,Single,4728,17251,3,Yes,14,3,4,0,5,4,3,0,0,0,0,0.0,0.0,4.0,0.0,0.4,Low,0,🚀 Fast-Track Performers,1,-3.7834059231730524,1.6171674620785246
33,0,Travel_Frequently,970,Sales,7,3,Life Sciences,4,Female,30,3,2,Sales Executive,2,Married,4302,13401,0,No,17,3,3,1,4,3,3,3,2,0,2,0.0,0.6666666666666666,1.0,0.6666666666666666,0.5,Medium,1,🟠 Promotion-Stalled,0,-1.012667554261648,-0.6953858389236597
34,0,Non-Travel,697,Research & Development,3,4,Life Sciences,3,Male,40,2,1,Research Scientist,4,Married,2979,22478,3,No,17,3,4,3,6,2,3,0,0,0,0,0.0,0.0,2.0,0.0,0.1666666666666666,Low,0,🚀 Fast-Track Performers,1,-2.6935101856813732,-0.0628191384646749
48,0,Non-Travel,1262,Research & Development,1,4,Medical,1,Male,35,4,4,Manager,4,Single,16885,16154,2,No,22,4,3,0,27,3,2,5,4,2,1,0.4,0.8,0.6,0.2,0.1481481481481481,Medium,1,🟠 Promotion-Stalled,0,0.5418820932459676,0.7876646040292131
45,0,Non-Travel,1050,Sales,9,4,Life Sciences,2,Female,65,2,2,Sales Executive,3,Married,5593,17970,1,No,13,3,4,1,15,2,3,15,10,4,12,0.2666666666666666,0.6666666666666666,0.1333333333333333,0.8,0.1333333333333333,Medium,1,🟠 Promotion-Stalled,0,1.7679237562970431,-0.36766428912186905
52,0,Travel_Rarely,994,Research & Development,7,4,Life Sciences,2,Male,87,3,3,Healthcare Representative,2,Single,10445,15322,7,No,19,3,4,0,18,4,3,8,6,4,0,0.5,0.75,0.5,0.0,0.1666666666666666,Medium,1,🟠 Promotion-Stalled,0,0.5965668362283749,1.49052237278933
38,0,Travel_Rarely,770,Sales,10,4,Marketing,3,Male,73,2,3,Sales Executive,3,Divorced,8740,5569,0,Yes,14,3,2,2,9,2,3,8,7,2,7,0.25,0.875,0.25,0.875,0.3333333333333333,Medium,1,🟠 Promotion-Stalled,0,1.3229853875140987,-0.5750720794104495
29,0,Travel_Rarely,1107,Research & Development,28,4,Life Sciences,3,Female,93,3,1,Research Scientist,4,Divorced,2514,26968,4,No,22,4,1,1,11,1,3,7,5,1,7,0.1428571428571428,0.7142857142857143,0.1428571428571428,1.0,0.0909090909090909,Medium,1,🟠 Promotion-Stalled,0,0.8358093659944917,-2.1776080712481662
28,0,Travel_Rarely,950,Research & Development,3,3,Medical,4,Female,93,3,3,Manufacturing Director,2,Divorced,7655,8039,0,No,17,3,2,3,10,3,2,9,7,1,7,0.1111111111111111,0.7777777777777778,0.3333333333333333,0.7777777777777778,0.3,Medium,1,🟠 Promotion-Stalled,0,0.8029773366641263,-0.41452385681769927
46,0,Travel_Rarely,406,Sales,3,1,Marketing,1,Male,52,3,4,Manager,3,Married,17465,15596,3,No,12,3,4,1,23,3,3,12,9,4,9,0.3333333333333333,0.75,0.25,0.75,0.1739130434782608,Medium,1,🟠 Promotion-Stalled,0,1.9733583695946635,0.7145782418062755
38,0,Travel_Rarely,130,Sales,2,2,Marketing,4,Male,32,3,3,Sales Executive,2,Single,7351,20619,7,No,16,3,3,0,10,2,3,1,0,0,0,0.0,0.0,2.0,0.0,0.3,Low,0,🚀 Fast-Track Performers,1,-2.475633486335902,0.7364600730318897
43,0,Travel_Frequently,1082,Research & Development,27,3,Life Sciences,3,Female,83,3,3,Manufacturing Director,1,Married,10820,11535,8,No,11,3,3,1,18,1,3,8,7,0,1,0.0,0.875,0.125,0.125,0.1666666666666666,Medium,1,🟠 Promotion-Stalled,0,0.5511991388080614,-0.7207056117042558
39,1,Travel_Frequently,203,Research & Development,2,3,Life Sciences,1,Male,84,3,4,Healthcare Representative,4,Divorced,12169,13547,7,No,11,3,4,3,21,4,3,18,7,11,5,0.6111111111111112,0.3888888888888889,0.2222222222222222,0.2777777777777778,0.1904761904761904,Medium,1,🟠 Promotion-Stalled,0,1.81291235180289,3.148983999530784
40,0,Travel_Rarely,1308,Research & Development,14,3,Medical,3,Male,44,2,5,Research Director,3,Single,19626,17544,1,No,14,3,1,0,21,2,4,20,7,4,9,0.2,0.35,0.1,0.45,0.238095238095238,Low,1,🟠 Promotion-Stalled,0,1.1140133115641155,1.2071602768112424
21,0,Travel_Rarely,984,Research & Development,1,1,Technical Degree,4,Female,70,2,1,Research Scientist,2,Single,2070,25326,1,Yes,11,3,3,0,2,6,4,2,2,2,2,1.0,1.0,3.0,1.0,0.5,High,1,🟠 Promotion-Stalled,0,-0.46502460135935353,1.0771716174958488
39,0,Non-Travel,439,Research & Development,9,3,Life Sciences,3,Male,70,3,2,Laboratory Technician,2,Single,6782,8770,9,No,15,3,3,0,9,2,2,5,4,0,3,0.0,0.8,0.4,0.6,0.2222222222222222,Medium,1,🟠 Promotion-Stalled,0,0.06044167530138819,-1.2693100510626687
36,0,Non-Travel,217,Research & Development,18,4,Life Sciences,1,Male,78,3,2,Manufacturing Director,4,Single,7779,23238,2,No,20,4,1,0,18,0,3,11,9,0,9,0.0,0.8181818181818182,0.0,0.8181818181818182,0.1111111111111111,Medium,1,🟠 Promotion-Stalled,0,1.3539286577352996,-2.1658925562246676
31,0,Travel_Frequently,793,Sales,20,3,Life Sciences,3,Male,67,4,1,Sales Representative,4,Married,2791,21981,0,No,12,3,1,1,3,4,3,2,2,2,2,1.0,1.0,2.0,1.0,0.3333333333333333,High,1,🟠 Promotion-Stalled,0,0.33895771286994014,0.09462721179467141
28,0,Travel_Rarely,1451,Research & Development,2,1,Life Sciences,1,Male,67,2,1,Research Scientist,2,Married,3201,19911,0,No,17,3,1,0,6,2,1,5,3,0,4,0.0,0.6,0.4,0.8,0.1666666666666666,Medium,1,🟠 Promotion-Stalled,0,-0.22707150361099956,-1.7626504735158053
35,0,Travel_Frequently,1182,Sales,11,2,Marketing,4,Male,54,3,2,Sales Executive,4,Divorced,4968,18500,1,No,11,3,4,1,5,3,3,5,2,0,2,0.0,0.4,0.6,0.4,0.4,Low,1,🟠 Promotion-Stalled,0,-1.2236108888122939,-0.2890371206274733
49,0,Travel_Rarely,174,Sales,8,4,Technical Degree,4,Male,56,2,4,Sales Executive,2,Married,13120,11879,6,No,17,3,2,1,22,3,3,9,8,2,3,0.2222222222222222,0.8888888888888888,0.3333333333333333,0.3333333333333333,0.1818181818181818,Medium,1,🟠 Promotion-Stalled,0,1.201808664392317,0.5532680848682908
34,0,Travel_Frequently,1003,Research & Development,2,2,Life Sciences,4,Male,95,3,2,Manufacturing Director,3,Single,4033,15834,2,No,11,3,4,0,5,3,2,3,2,0,2,0.0,0.6666666666666666,1.0,0.6666666666666666,0.4,Medium,1,🟠 Promotion-Stalled,0,-0.8258388728090627,-0.6855299533361644
29,0,Travel_Frequently,490,Research & Development,10,3,Life Sciences,4,Female,61,3,1,Research Scientist,2,Divorced,3291,17940,0,No,14,3,4,2,8,2,2,7,5,1,1,0.1428571428571428,0.7142857142857143,0.2857142857142857,0.1428571428571428,0.125,Medium,1,🟠 Promotion-Stalled,0,-0.13309763593490162,-0.8109240587356407
42,0,Travel_Rarely,188,Research & Development,29,3,Medical,2,Male,56,1,2,Laboratory Technician,4,Single,4272,9558,4,No,19,3,1,0,16,3,3,1,0,0,0,0.0,0.0,3.0,0.0,0.125,Low,0,🚀 Fast-Track Performers,1,-2.927582554328097,0.8201842748987
29,0,Travel_Rarely,718,Research & Development,8,1,Medical,2,Male,79,2,2,Manufacturing Director,4,Married,5056,17689,1,Yes,15,3,3,1,10,2,2,10,7,1,2,0.1,0.7,0.2,0.2,0.2,Medium,1,🟠 Promotion-Stalled,0,0.2352792686324947,-0.4645252150268801
38,0,Travel_Rarely,433,Human Resources,1,3,Human Resources,3,Male,37,4,1,Human Resources,3,Married,2844,6004,1,No,13,3,4,1,7,2,4,7,6,5,0,0.7142857142857143,0.8571428571428571,0.2857142857142857,0.0,0.1428571428571428,High,1,🟠 Promotion-Stalled,0,0.9264698848770684,0.454683667894284
28,0,Travel_Frequently,773,Research & Development,6,3,Life Sciences,3,Male,39,2,1,Research Scientist,3,Divorced,2703,22088,1,Yes,14,3,4,1,3,2,3,3,1,0,2,0.0,0.3333333333333333,0.6666666666666666,0.6666666666666666,0.3333333333333333,Low,1,🟠 Promotion-Stalled,0,-1.2329176374644912,-1.2605625305546042
18,1,Non-Travel,247,Research & Development,8,1,Medical,3,Male,80,3,1,Laboratory Technician,3,Single,1904,13556,1,No,12,3,4,0,0,0,3,0,0,0,0,0.0,0.0,0.0,0.0,0.0,Low,1,🟠 Promotion-Stalled,1,-1.4446685669490695,-1.256756229739068
33,1,Travel_Rarely,603,Sales,9,4,Marketing,1,Female,77,3,2,Sales Executive,1,Single,8224,18385,0,Yes,17,3,1,0,6,3,3,5,2,0,3,0.0,0.4,0.6,0.6,0.3333333333333333,Low,1,🟠 Promotion-Stalled,0,-0.9711788072829475,-0.6119671942688328
41,0,Travel_Rarely,167,Research & Development,12,4,Life Sciences,2,Male,46,3,1,Laboratory Technician,4,Married,4766,9051,3,Yes,11,3,1,1,6,4,3,1,0,0,0,0.0,0.0,4.0,0.0,0.1666666666666666,Low,0,🚀 Fast-Track Performers,1,-3.6243029977836496,1.1590657492582803
31,1,Travel_Frequently,874,Research & Development,15,3,Medical,3,Male,72,3,1,Laboratory Technician,3,Married,2610,6233,1,No,12,3,3,1,2,5,2,2,2,2,2,1.0,1.0,2.5,1.0,0.5,High,1,🟠 Promotion-Stalled,0,-0.18871949318112785,0.6295321187679951
37,0,Travel_Rarely,367,Research & Development,25,2,Medical,3,Female,52,2,2,Healthcare Representative,4,Divorced,5731,17171,7,No,13,3,3,2,9,2,3,6,2,1,3,0.1666666666666666,0.3333333333333333,0.3333333333333333,0.5,0.2222222222222222,Low,1,🟠 Promotion-Stalled,0,-0.5114798602745974,-0.524092055989958
27,0,Travel_Rarely,199,Research & Development,6,3,Life Sciences,4,Male,55,2,1,Research Scientist,3,Married,2539,7950,1,No,13,3,3,1,4,0,3,4,2,2,2,0.5,0.5,0.0,0.5,0.25,Medium,1,🟠 Promotion-Stalled,0,0.12056001418828682,-1.2176053393417556
34,0,Travel_Rarely,1400,Sales,9,1,Life Sciences,2,Female,70,3,2,Sales Executive,3,Married,5714,5829,1,No,20,4,1,0,6,3,2,6,5,1,3,0.1666666666666666,0.8333333333333334,0.5,0.5,0.3333333333333333,Medium,1,🟠 Promotion-Stalled,0,0.05852223439668872,-0.5065015217543339
35,0,Travel_Rarely,528,Human Resources,8,4,Technical Degree,3,Male,100,3,1,Human Resources,3,Single,4323,7108,1,No,17,3,2,0,6,2,1,5,4,1,4,0.2,0.8,0.4,0.8,0.1666666666666666,Medium,1,🟠 Promotion-Stalled,0,0.40125127090654533,-1.5478014706071899
29,1,Travel_Rarely,408,Sales,23,1,Life Sciences,4,Female,45,2,3,Sales Executive,1,Married,7336,11162,1,No,13,3,1,1,11,3,1,11,8,3,10,0.2727272727272727,0.7272727272727273,0.2727272727272727,0.9090909090909092,0.2727272727272727,Medium,1,🟠 Promotion-Stalled,0,1.4511121493067258,0.008524748433236164
40,0,Travel_Frequently,593,Research & Development,9,4,Medical,2,Female,88,3,3,Research Director,3,Single,13499,13782,9,No,17,3,3,0,20,3,2,18,7,2,13,0.1111111111111111,0.3888888888888889,0.1666666666666666,0.7222222222222222,0.15,Low,1,🟠 Promotion-Stalled,0,0.7136012214199424,-0.003607401056405061
42,1,Travel_Frequently,481,Sales,12,3,Life Sciences,3,Male,44,3,4,Sales Executive,1,Single,13758,2447,0,Yes,12,3,2,0,22,2,2,21,9,13,14,0.6190476190476191,0.4285714285714285,0.0952380952380952,0.6666666666666666,0.1818181818181818,Medium,1,🟠 Promotion-Stalled,0,2.934041849689129,2.4581002393755433
42,0,Travel_Rarely,647,Sales,4,4,Marketing,2,Male,45,3,2,Sales Executive,1,Single,5155,2253,7,No,13,3,4,0,9,3,4,6,4,1,5,0.1666666666666666,0.6666666666666666,0.5,0.8333333333333334,0.2222222222222222,Medium,1,🟠 Promotion-Stalled,0,0.28331485468711165,-0.7454460797043986
35,0,Travel_Rarely,982,Research & Development,1,4,Medical,4,Male,58,2,1,Laboratory Technician,3,Married,2258,16340,6,No,12,3,2,1,10,2,3,8,0,1,7,0.125,0.0,0.25,0.875,0.1,Low,1,🟠 Promotion-Stalled,0,-0.7835827380236876,-1.1961130331955445
24,0,Travel_Rarely,477,Research & Development,24,3,Medical,4,Male,49,3,1,Laboratory Technician,2,Single,3597,6409,8,No,22,4,4,0,6,2,3,4,3,1,2,0.25,0.75,0.5,0.5,0.1666666666666666,Medium,1,🟠 Promotion-Stalled,0,-0.10065036416659935,-1.2040047753752212
28,1,Travel_Rarely,1485,Research & Development,12,1,Life Sciences,3,Female,79,3,1,Laboratory Technician,4,Married,2515,22955,1,Yes,11,3,4,0,1,4,2,1,1,0,0,0.0,1.0,4.0,0.0,1.0,Medium,0,🚀 Fast-Track Performers,1,-3.600094463155961,0.8527631605710586
26,0,Travel_Rarely,1384,Research & Development,3,4,Medical,1,Male,82,4,1,Laboratory Technician,4,Married,4420,13421,1,No,22,4,2,1,8,2,3,8,7,0,7,0.0,0.875,0.25,0.875,0.125,Medium,1,🟠 Promotion-Stalled,0,0.730491756464335,-2.053520349510552
30,0,Travel_Rarely,852,Sales,10,3,Marketing,3,Male,72,2,2,Sales Executive,3,Married,6578,2706,1,No,18,3,1,1,10,3,3,10,3,1,4,0.1,0.3,0.3,0.4,0.2,Low,1,🟠 Promotion-Stalled,0,-0.6480056775574965,-0.19881203059465313
40,0,Travel_Frequently,902,Research & Development,26,2,Medical,3,Female,92,2,2,Research Scientist,4,Married,4422,21203,3,Yes,13,3,4,1,16,3,1,1,1,0,0,0.0,1.0,3.0,0.0,0.125,Medium,0,🚀 Fast-Track Performers,1,-1.6398458594604777,0.08907596545353183
35,0,Travel_Rarely,819,Research & Development,2,3,Life Sciences,3,Male,44,2,3,Manufacturing Director,2,Divorced,10274,19588,2,No,18,3,2,1,15,2,4,7,7,6,4,0.8571428571428571,1.0,0.2857142857142857,0.5714285714285714,0.2,High,1,🟠 Promotion-Stalled,0,2.2884511723486822,0.7374099937736123
34,0,Travel_Frequently,669,Research & Development,1,3,Medical,4,Male,97,2,2,Healthcare Representative,1,Single,5343,25755,0,No,20,4,3,0,14,3,3,13,9,4,9,0.3076923076923077,0.6923076923076923,0.2307692307692307,0.6923076923076923,0.1428571428571428,Medium,1,🟠 Promotion-Stalled,0,1.423975813304031,-0.023690973669094607
35,0,Travel_Frequently,636,Research & Development,4,4,Other,4,Male,47,2,1,Laboratory Technician,4,Married,2376,26537,1,No,13,3,2,1,2,2,4,2,2,2,2,1.0,1.0,1.0,1.0,0.5,High,1,🟠 Promotion-Stalled,0,0.653531173104986,-0.6903437364767597
43,1,Travel_Rarely,1372,Sales,9,3,Marketing,1,Female,85,1,2,Sales Executive,3,Single,5346,9489,8,No,13,3,2,0,7,2,2,4,3,1,3,0.25,0.75,0.5,0.75,0.2857142857142857,Medium,1,🟠 Promotion-Stalled,0,0.23125150230308691,-0.9432460122146479
32,0,Non-Travel,862,Sales,2,1,Life Sciences,3,Female,76,3,1,Sales Representative,1,Divorced,2827,14947,1,No,12,3,3,3,1,3,3,1,0,0,0,0.0,0.0,3.0,0.0,1.0,Low,0,🚀 Fast-Track Performers,1,-4.369093384966694,1.0650995899099744
56,0,Travel_Rarely,718,Research & Development,4,4,Technical Degree,4,Female,92,3,5,Manager,1,Divorced,19943,18575,4,No,13,3,4,1,28,2,3,5,2,4,2,0.8,0.4,0.4,0.4,0.1785714285714285,Medium,1,🟠 Promotion-Stalled,0,0.9861637062626537,1.6523331568125668
29,0,Travel_Rarely,1401,Research & Development,6,1,Medical,2,Female,54,3,1,Laboratory Technician,4,Married,3131,26342,1,No,13,3,1,1,10,5,3,10,8,0,8,0.0,0.8,0.5,0.8,0.1,Medium,1,🟠 Promotion-Stalled,0,0.4485227175302069,-0.8279150163761919
19,0,Travel_Rarely,645,Research & Development,9,2,Life Sciences,3,Male,54,3,1,Research Scientist,1,Single,2552,7172,1,No,25,4,3,0,1,4,3,1,1,0,0,0.0,1.0,4.0,0.0,1.0,Medium,0,🚀 Fast-Track Performers,1,-3.6934418554160207,0.6914646739994139
45,0,Travel_Rarely,1457,Research & Development,7,3,Medical,1,Female,83,3,1,Research Scientist,3,Married,4477,20100,4,Yes,19,3,3,1,7,2,2,3,2,0,2,0.0,0.6666666666666666,0.6666666666666666,0.6666666666666666,0.1428571428571428,Medium,1,🟠 Promotion-Stalled,0,-0.48962531925476566,-1.6738433246630988
37,0,Travel_Rarely,977,Research & Development,1,3,Life Sciences,4,Female,56,2,2,Manufacturing Director,4,Married,6474,9961,1,No,13,3,2,1,14,2,2,14,8,3,11,0.2142857142857142,0.5714285714285714,0.1428571428571428,0.7857142857142857,0.1428571428571428,Medium,1,🟠 Promotion-Stalled,0,1.2272246667260138,-0.5464427259397537
20,0,Travel_Rarely,805,Research & Development,3,3,Life Sciences,1,Male,87,2,1,Laboratory Technician,3,Single,3033,12828,1,No,12,3,1,0,2,2,2,2,2,1,2,0.5,1.0,1.0,1.0,0.5,Medium,1,🟠 Promotion-Stalled,0,0.12878557906095336,-1.3013500628779733
44,1,Travel_Rarely,1097,Research & Development,10,4,Life Sciences,3,Male,96,3,1,Research Scientist,3,Single,2936,10826,1,Yes,11,3,3,0,6,4,3,6,4,0,2,0.0,0.6666666666666666,0.6666666666666666,0.3333333333333333,0.1666666666666666,Medium,1,🟠 Promotion-Stalled,0,-0.7134198250638261,-0.5467878448282095
53,0,Travel_Rarely,1223,Research & Development,7,2,Medical,4,Female,50,3,5,Manager,3,Divorced,18606,18640,3,No,18,3,2,1,26,6,3,7,7,4,7,0.5714285714285714,1.0,0.8571428571428571,1.0,0.1923076923076923,Medium,1,🟠 Promotion-Stalled,0,2.1022839344142192,1.7391506386404183
29,0,Travel_Rarely,942,Research & Development,15,1,Life Sciences,2,Female,69,1,1,Research Scientist,4,Married,2168,26933,0,Yes,18,3,1,1,6,2,2,5,4,1,3,0.2,0.8,0.4,0.6,0.1666666666666666,Medium,1,🟠 Promotion-Stalled,0,0.20002726404601853,-1.3450353317376018
22,1,Travel_Frequently,1256,Research & Development,3,4,Life Sciences,3,Male,48,2,1,Research Scientist,4,Married,2853,4223,0,Yes,11,3,2,1,1,5,3,0,0,0,0,0.0,0.0,5.0,0.0,1.0,Low,0,🚀 Fast-Track Performers,1,-5.333224551447563,2.229377875285914
46,0,Travel_Rarely,1402,Sales,2,3,Marketing,3,Female,69,3,4,Manager,1,Married,17048,24097,8,No,23,4,1,0,28,2,3,26,15,15,9,0.5769230769230769,0.5769230769230769,0.0769230769230769,0.3461538461538461,0.1428571428571428,Medium,1,🟠 Promotion-Stalled,0,3.7048305706528737,3.0231527740658746
44,0,Non-Travel,111,Research & Development,17,3,Life Sciences,4,Male,74,1,1,Research Scientist,3,Single,2290,4279,2,No,13,3,4,0,6,3,3,0,0,0,0,0.0,0.0,3.0,0.0,0.1666666666666666,Low,0,🚀 Fast-Track Performers,1,-3.152238920856793,0.5596446258662059
33,0,Travel_Rarely,147,Human Resources,2,3,Human Resources,2,Male,99,3,1,Human Resources,3,Married,3600,8429,1,No,13,3,4,1,5,2,3,5,4,1,4,0.2,0.8,0.4,0.8,0.2,Medium,1,🟠 Promotion-Stalled,0,0.3789810690099946,-1.4819588429866024
41,1,Non-Travel,906,Research & Development,5,2,Life Sciences,1,Male,95,2,1,Research Scientist,1,Divorced,2107,20293,6,No,17,3,1,1,5,2,1,1,0,0,0,0.0,0.0,2.0,0.0,0.2,Low,0,🚀 Fast-Track Performers,1,-2.742451071080798,-0.04306179272170019
30,0,Travel_Rarely,1329,Sales,29,4,Life Sciences,3,Male,61,3,2,Sales Executive,1,Divorced,4115,13192,8,No,19,3,3,3,8,3,3,4,3,0,3,0.0,0.75,0.75,0.75,0.25,Medium,1,🟠 Promotion-Stalled,0,-0.2612351501459449,-1.059752305016854
40,0,Travel_Frequently,1184,Sales,2,4,Medical,2,Male,62,3,2,Sales Executive,2,Married,4327,25440,5,No,12,3,4,3,5,2,3,0,0,0,0,0.0,0.0,2.0,0.0,0.4,Low,0,🚀 Fast-Track Performers,1,-2.799271744065028,0.487453138110795
50,0,Travel_Frequently,1421,Research & Development,2,3,Medical,4,Female,30,3,4,Manager,1,Married,17856,9490,2,No,22,4,3,1,32,3,3,2,2,2,2,1.0,1.0,1.5,1.0,0.125,High,1,🟠 Promotion-Stalled,0,1.4715931720142827,0.4829051800314921
28,0,Travel_Rarely,1179,Research & Development,19,4,Medical,4,Male,78,2,1,Laboratory Technician,1,Married,3196,12449,1,No,12,3,3,3,6,2,3,6,5,3,3,0.5,0.8333333333333334,0.3333333333333333,0.5,0.1666666666666666,Medium,1,🟠 Promotion-Stalled,0,0.8085821350727954,-0.5792508503246949
46,0,Travel_Rarely,1450,Research & Development,15,2,Life Sciences,4,Male,52,3,5,Research Director,2,Married,19081,10849,5,No,11,3,1,1,25,2,3,4,2,0,3,0.0,0.5,0.5,0.75,0.2,Medium,1,🟠 Promotion-Stalled,0,0.254612663909425,-0.1270205956029665
35,0,Travel_Rarely,1361,Sales,17,4,Life Sciences,3,Male,94,3,2,Sales Executive,1,Married,8966,21026,3,Yes,15,3,4,3,15,2,3,7,7,1,7,0.1428571428571428,1.0,0.2857142857142857,1.0,0.1333333333333333,Medium,1,🟠 Promotion-Stalled,0,1.450228594958543,-1.5485175272083684
24,1,Travel_Rarely,984,Research & Development,17,2,Life Sciences,4,Female,97,3,1,Laboratory Technician,2,Married,2210,3372,1,No,13,3,1,1,1,3,1,1,0,0,0,0.0,0.0,3.0,0.0,1.0,Low,0,🚀 Fast-Track Performers,1,-4.375761055842412,1.0535782694405713
33,0,Travel_Frequently,1146,Sales,25,3,Medical,2,Female,82,3,2,Sales Executive,3,Married,4539,4905,1,No,12,3,1,1,10,3,2,10,7,0,1,0.0,0.7,0.3,0.1,0.2,Medium,1,🟠 Promotion-Stalled,0,-0.161231924544818,-0.2529074991997491
36,0,Travel_Rarely,917,Research & Development,6,4,Life Sciences,3,Male,60,1,1,Laboratory Technician,3,Divorced,2741,6865,1,No,14,3,3,1,7,4,3,7,7,1,7,0.1428571428571428,1.0,0.5714285714285714,1.0,0.1428571428571428,Medium,1,🟠 Promotion-Stalled,0,0.9626622263275963,-1.2138510114585852
30,0,Travel_Rarely,853,Research & Development,7,4,Life Sciences,3,Male,49,3,2,Laboratory Technician,3,Divorced,3491,11309,1,No,13,3,1,3,10,4,2,10,7,8,9,0.8,0.7,0.4,0.9,0.2,High,1,🟠 Promotion-Stalled,0,2.0749308448250283,1.234330559102846
44,0,Travel_Rarely,200,Research & Development,29,4,Other,4,Male,32,3,2,Research Scientist,4,Single,4541,7744,1,No,25,4,2,0,20,3,3,20,11,13,17,0.65,0.55,0.15,0.85,0.1,Medium,1,🟠 Promotion-Stalled,0,3.0418485373118087,1.6647792794388616
20,0,Travel_Rarely,654,Sales,21,3,Marketing,3,Male,43,4,1,Sales Representative,4,Single,2678,5050,1,No,17,3,4,0,2,2,3,2,1,2,2,1.0,0.5,1.0,1.0,0.5,Medium,1,🟠 Promotion-Stalled,0,-0.05779853053063363,-0.3542886553663293
46,0,Travel_Rarely,150,Research & Development,2,4,Technical Degree,4,Male,60,3,2,Manufacturing Director,4,Divorced,7379,17433,2,No,11,3,3,1,12,3,2,6,3,1,4,0.1666666666666666,0.5,0.5,0.6666666666666666,0.1666666666666666,Medium,1,🟠 Promotion-Stalled,0,-0.09318986169545333,-0.47334968208237693
42,0,Non-Travel,179,Human Resources,2,5,Medical,4,Male,79,4,2,Human Resources,1,Married,6272,12858,7,No,16,3,1,1,10,3,4,4,3,0,3,0.0,0.75,0.75,0.75,0.2,Medium,1,🟠 Promotion-Stalled,0,-0.16782080941965208,-1.0548243622231064
60,0,Travel_Rarely,696,Sales,7,4,Marketing,2,Male,52,4,2,Sales Executive,4,Divorced,5220,10893,0,Yes,18,3,2,1,12,3,3,11,7,1,9,0.0909090909090909,0.6363636363636364,0.2727272727272727,0.8181818181818182,0.1666666666666666,Medium,1,🟠 Promotion-Stalled,0,0.6763464853566415,-0.8200936342971944
32,0,Travel_Frequently,116,Research & Development,13,3,Other,3,Female,77,2,1,Laboratory Technician,2,Married,2743,7331,1,No,20,4,3,1,2,2,3,2,2,2,2,1.0,1.0,1.0,1.0,0.5,High,1,🟠 Promotion-Stalled,0,0.6068574769749562,-0.7709929797625821
32,0,Travel_Frequently,1316,Research & Development,2,2,Life Sciences,4,Female,38,3,2,Research Scientist,3,Single,4998,2338,4,Yes,14,3,4,0,10,2,3,8,7,0,7,0.0,0.875,0.25,0.875,0.2,Medium,1,🟠 Promotion-Stalled,0,0.8772024163551037,-1.5625315038060017
36,0,Travel_Rarely,363,Research & Development,1,3,Technical Degree,3,Female,77,1,3,Manufacturing Director,1,Divorced,10252,4235,2,Yes,21,4,3,1,17,2,3,7,7,7,7,1.0,1.0,0.2857142857142857,1.0,0.1764705882352941,High,1,🟠 Promotion-Stalled,0,2.953806603322574,0.5231972825966814
33,0,Travel_Rarely,117,Research & Development,9,3,Medical,1,Male,60,3,1,Research Scientist,4,Married,2781,6311,0,No,13,3,2,1,15,5,3,14,10,4,10,0.2857142857142857,0.7142857142857143,0.3571428571428571,0.7142857142857143,0.0666666666666666,Medium,1,🟠 Promotion-Stalled,0,1.3161824693491502,0.2583813395389047
40,0,Travel_Rarely,107,Sales,10,3,Technical Degree,2,Female,84,2,2,Sales Executive,2,Divorced,6852,11591,7,No,12,3,2,1,7,2,4,5,1,1,3,0.2,0.2,0.4,0.6,0.2857142857142857,Low,1,🟠 Promotion-Stalled,0,-0.7717173934256835,-0.4571326815397489
25,0,Travel_Rarely,1356,Sales,10,4,Life Sciences,3,Male,57,3,2,Sales Executive,4,Single,4950,20623,0,No,14,3,2,0,5,4,3,4,3,1,1,0.25,0.75,1.0,0.25,0.4,Medium,1,🟠 Promotion-Stalled,0,-0.7931232483876477,0.38066683910428073
30,0,Travel_Rarely,1465,Research & Development,1,3,Medical,4,Male,63,3,1,Research Scientist,2,Married,3579,9369,0,Yes,21,4,1,1,12,2,3,11,9,5,7,0.4545454545454545,0.8181818181818182,0.1818181818181818,0.6363636363636364,0.0833333333333333,Medium,1,🟠 Promotion-Stalled,0,1.7261456385641984,-0.48259491031690555
42,0,Travel_Frequently,458,Research & Development,26,5,Medical,1,Female,60,3,3,Research Director,1,Married,13191,23281,3,Yes,17,3,3,0,20,6,3,1,0,0,0,0.0,0.0,6.0,0.0,0.15,Low,0,🚀 Fast-Track Performers,1,-4.203664847627383,2.9415446265321727
35,0,Non-Travel,1212,Sales,8,2,Marketing,3,Female,78,2,3,Sales Executive,4,Married,10377,13755,4,Yes,11,3,2,1,16,6,2,13,2,4,12,0.3076923076923077,0.1538461538461538,0.4615384615384615,0.9230769230769232,0.1875,Medium,1,🟠 Promotion-Stalled,0,0.053850841574309055,1.3644488279054543
27,0,Travel_Rarely,1103,Research & Development,14,3,Life Sciences,1,Male,42,3,1,Research Scientist,1,Married,2235,14377,1,Yes,14,3,4,2,9,3,2,9,7,6,8,0.6666666666666666,0.7777777777777778,0.3333333333333333,0.8888888888888888,0.1111111111111111,High,1,🟠 Promotion-Stalled,0,1.83872815410876,0.0014886741133399199
54,0,Travel_Frequently,966,Research & Development,1,4,Life Sciences,4,Female,53,3,3,Manufacturing Director,3,Divorced,10502,9659,7,No,17,3,1,1,33,2,1,5,4,1,4,0.2,0.8,0.4,0.8,0.0909090909090909,Medium,1,🟠 Promotion-Stalled,0,0.9194531259726906,-0.8839760210586874
44,0,Travel_Rarely,1117,Research & Development,2,1,Life Sciences,1,Female,72,4,1,Research Scientist,4,Married,2011,19982,1,No,13,3,4,1,10,5,3,10,5,7,7,0.7,0.5,0.5,0.7,0.1,Medium,1,🟠 Promotion-Stalled,0,1.0360714410961145,1.2002190870731229
19,1,Non-Travel,504,Research & Development,10,3,Medical,1,Female,96,2,1,Research Scientist,2,Single,1859,6148,1,Yes,25,4,2,0,1,2,4,1,1,0,0,0.0,1.0,2.0,0.0,1.0,Medium,0,🚀 Fast-Track Performers,1,-2.7226430180594337,-0.4612922909071221
29,0,Travel_Rarely,1010,Research & Development,1,3,Life Sciences,1,Female,97,3,1,Research Scientist,4,Divorced,3760,5598,1,No,15,3,1,3,3,5,3,3,2,1,2,0.3333333333333333,0.6666666666666666,1.6666666666666667,0.6666666666666666,0.3333333333333333,Medium,1,🟠 Promotion-Stalled,0,-0.9965322266779473,0.12220972956467904
54,0,Travel_Rarely,685,Research & Development,3,3,Life Sciences,4,Male,85,3,4,Research Director,4,Married,17779,23474,3,No,14,3,1,0,36,2,3,10,9,0,9,0.0,0.9,0.2,0.9,0.1111111111111111,Medium,1,🟠 Promotion-Stalled,0,1.7305745438932845,-0.8962949947948688
31,0,Travel_Rarely,1332,Research & Development,11,2,Medical,3,Male,80,3,2,Healthcare Representative,1,Married,6833,17089,1,Yes,12,3,4,0,6,2,2,6,5,0,1,0.0,0.8333333333333334,0.3333333333333333,0.1666666666666666,0.3333333333333333,Medium,1,🟠 Promotion-Stalled,0,-0.3181146254691571,-0.7152177008354402
31,0,Travel_Rarely,1062,Research & Development,24,3,Medical,3,Female,96,2,2,Healthcare Representative,1,Single,6812,17198,1,No,19,3,2,0,10,2,3,10,9,1,8,0.1,0.9,0.2,0.8,0.2,Medium,1,🟠 Promotion-Stalled,0,1.2606809941806354,-1.2488002100598818
59,0,Travel_Rarely,326,Sales,3,3,Life Sciences,3,Female,48,2,2,Sales Executive,4,Single,5171,16490,5,No,17,3,4,0,13,2,3,6,1,0,5,0.0,0.1666666666666666,0.3333333333333333,0.8333333333333334,0.1538461538461538,Low,1,🟠 Promotion-Stalled,0,-0.6765156973560937,-1.179862408269825
43,0,Travel_Rarely,920,Research & Development,3,3,Life Sciences,3,Male,96,1,5,Research Director,4,Married,19740,18625,3,No,14,3,2,1,25,2,3,8,7,0,7,0.0,0.875,0.25,0.875,0.2,Medium,1,🟠 Promotion-Stalled,0,1.4876612714562825,-0.49943874172310737
49,0,Travel_Rarely,1098,Research & Development,4,2,Medical,1,Male,85,2,5,Manager,3,Married,18711,12124,2,No,13,3,3,1,23,2,4,1,0,0,0,0.0,0.0,2.0,0.0,0.217391304347826,Low,0,🚀 Fast-Track Performers,1,-1.9273696224340233,1.4307886856540775
36,0,Travel_Frequently,469,Research & Development,3,3,Technical Degree,3,Male,46,3,1,Research Scientist,2,Married,3692,9256,1,No,12,3,3,0,12,2,2,11,10,0,7,0.0,0.9090909090909092,0.1818181818181818,0.6363636363636364,0.0833333333333333,Medium,1,🟠 Promotion-Stalled,0,1.05696048272247,-1.6470863494499282
48,0,Travel_Rarely,969,Research & Development,2,2,Technical Degree,4,Male,76,4,1,Laboratory Technician,2,Single,2559,16620,5,No,11,3,3,0,7,4,2,1,0,0,0,0.0,0.0,4.0,0.0,0.1428571428571428,Low,0,🚀 Fast-Track Performers,1,-3.589345222498346,1.14495335944187
27,0,Travel_Rarely,1167,Research & Development,4,2,Life Sciences,1,Male,76,3,1,Research Scientist,3,Divorced,2517,3208,1,No,11,3,2,3,5,2,3,5,3,0,3,0.0,0.6,0.4,0.6,0.2,Medium,1,🟠 Promotion-Stalled,0,-0.43056269974092154,-1.4594777456174202
29,0,Travel_Rarely,1329,Research & Development,7,3,Life Sciences,3,Male,82,3,2,Healthcare Representative,4,Divorced,6623,4204,1,Yes,11,3,2,2,6,2,3,6,0,1,0,0.1666666666666666,0.0,0.3333333333333333,0.0,0.3333333333333333,Low,0,🚀 Fast-Track Performers,0,-1.7662274841080035,0.30734661938426916
48,0,Travel_Rarely,715,Research & Development,1,3,Life Sciences,4,Male,76,2,5,Research Director,4,Single,18265,8733,6,No,12,3,3,0,25,3,4,1,0,0,0,0.0,0.0,3.0,0.0,0.2,Low,0,🚀 Fast-Track Performers,1,-2.3805669952455943,2.0083803081891096
29,0,Travel_Rarely,694,Research & Development,1,3,Life Sciences,4,Female,87,2,4,Research Director,4,Divorced,16124,3423,3,No,14,3,2,2,9,2,2,7,7,1,7,0.1428571428571428,1.0,0.2857142857142857,1.0,0.4444444444444444,Medium,1,🟠 Promotion-Stalled,0,1.4070872388404159,-0.643865805082606
34,0,Travel_Rarely,1320,Research & Development,20,3,Technical Degree,3,Female,89,4,1,Research Scientist,3,Married,2585,21643,0,No,17,3,4,0,2,5,2,1,0,0,0,0.0,0.0,5.0,0.0,0.5,Low,0,🚀 Fast-Track Performers,1,-4.639117295710502,1.8638897663248755
44,0,Travel_Rarely,1099,Sales,5,3,Marketing,2,Male,88,3,5,Manager,2,Married,18213,8751,7,No,11,3,3,1,26,5,3,22,9,3,10,0.1363636363636363,0.4090909090909091,0.2272727272727272,0.4545454545454545,0.1923076923076923,Medium,1,🟠 Promotion-Stalled,0,1.0543060523947922,1.934993396513012
33,0,Travel_Rarely,536,Sales,10,5,Marketing,4,Male,82,4,3,Sales Executive,3,Divorced,8380,21708,0,Yes,14,3,4,2,10,3,3,9,8,0,8,0.0,0.8888888888888888,0.3333333333333333,0.8888888888888888,0.3,Medium,1,🟠 Promotion-Stalled,0,0.9703212389602678,-0.8201999625462045
19,0,Travel_Rarely,265,Research & Development,25,3,Life Sciences,2,Female,57,4,1,Research Scientist,4,Single,2994,21221,1,Yes,12,3,4,0,1,2,3,1,0,0,1,0.0,0.0,2.0,1.0,1.0,Low,0,🚀 Fast-Track Performers,1,-2.910912286364359,-0.5827161892382493
23,0,Travel_Rarely,373,Research & Development,1,2,Life Sciences,4,Male,47,3,1,Research Scientist,3,Married,1223,16901,1,No,22,4,4,1,1,2,3,1,0,0,1,0.0,0.0,2.0,1.0,1.0,Low,0,🚀 Fast-Track Performers,1,-2.9775889951215446,-0.6979293939322813
25,1,Travel_Frequently,599,Sales,24,1,Life Sciences,3,Male,73,1,1,Sales Representative,4,Single,1118,8040,1,Yes,14,3,4,0,1,4,3,1,0,1,0,1.0,0.0,4.0,0.0,1.0,Medium,0,🚀 Fast-Track Performers,1,-3.9199040123989843,2.7016227491918596
26,0,Travel_Rarely,583,Research & Development,4,2,Life Sciences,3,Male,53,3,1,Research Scientist,4,Single,2875,9973,1,Yes,20,4,2,0,8,2,2,8,5,2,2,0.25,0.625,0.25,0.25,0.125,Medium,1,🟠 Promotion-Stalled,0,0.04918820994156828,-0.6696266886756054
45,1,Travel_Rarely,1449,Sales,2,3,Marketing,1,Female,94,1,5,Manager,2,Single,18824,2493,2,Yes,16,3,1,0,26,2,3,24,10,1,11,0.0416666666666666,0.4166666666666667,0.0833333333333333,0.4583333333333333,0.1923076923076923,Medium,1,🟠 Promotion-Stalled,0,1.145994562535968,0.564015349656026
55,0,Non-Travel,177,Research & Development,8,1,Medical,4,Male,37,2,4,Healthcare Representative,2,Divorced,13577,25592,1,Yes,15,3,4,1,34,3,3,33,9,15,0,0.4545454545454545,0.2727272727272727,0.0909090909090909,0.0,0.1176470588235294,Medium,1,🟠 Promotion-Stalled,0,2.19820999979757,3.6969282979638223
21,1,Travel_Frequently,251,Research & Development,10,2,Life Sciences,1,Female,45,2,1,Laboratory Technician,3,Single,2625,25308,1,No,20,4,3,0,2,2,1,2,2,2,2,1.0,1.0,1.0,1.0,0.5,High,1,🟠 Promotion-Stalled,0,0.6068574769749562,-0.7709929797625821
46,0,Travel_Rarely,168,Sales,4,2,Marketing,4,Female,33,2,5,Manager,2,Married,18789,9946,2,No,14,3,3,1,26,2,3,11,4,0,8,0.0,0.3636363636363636,0.1818181818181818,0.7272727272727273,0.1923076923076923,Low,1,🟠 Promotion-Stalled,0,0.4422217256950375,-0.04511249531653577
34,0,Travel_Rarely,131,Sales,2,3,Marketing,3,Female,86,3,2,Sales Executive,1,Single,4538,6039,0,Yes,12,3,4,0,4,3,3,3,2,0,2,0.0,0.6666666666666666,1.0,0.6666666666666666,0.5,Medium,1,🟠 Promotion-Stalled,0,-0.9793291998830554,-0.6377792365766437
51,0,Travel_Frequently,237,Sales,9,3,Life Sciences,4,Male,83,3,5,Manager,2,Divorced,19847,19196,4,Yes,24,4,1,1,31,5,2,29,10,11,10,0.3793103448275862,0.3448275862068966,0.1724137931034483,0.3448275862068966,0.1612903225806451,Medium,1,🟠 Promotion-Stalled,0,2.099461868072739,3.4774656334378493
59,0,Travel_Rarely,1429,Research & Development,18,4,Medical,4,Male,67,3,3,Manufacturing Director,4,Single,10512,20002,6,No,12,3,4,0,25,6,2,9,7,5,4,0.5555555555555556,0.7777777777777778,0.6666666666666666,0.4444444444444444,0.12,Medium,1,🟠 Promotion-Stalled,0,1.2295878709572194,1.9315665026509716
34,0,Travel_Frequently,135,Research & Development,19,3,Medical,3,Female,46,3,2,Laboratory Technician,2,Divorced,4444,22534,4,No,13,3,3,2,15,2,4,11,8,5,10,0.4545454545454545,0.7272727272727273,0.1818181818181818,0.9090909090909092,0.1333333333333333,Medium,1,🟠 Promotion-Stalled,0,1.9509020228351717,-0.25857232125397683
28,0,Travel_Frequently,791,Research & Development,1,4,Medical,4,Male,44,3,1,Laboratory Technician,3,Single,2154,6842,0,Yes,11,3,3,0,5,2,2,4,2,0,2,0.0,0.5,0.5,0.5,0.2,Medium,1,🟠 Promotion-Stalled,0,-0.8025278962064903,-1.2766182875397534
44,0,Travel_Rarely,1199,Research & Development,4,2,Life Sciences,3,Male,92,4,5,Manager,1,Divorced,19190,17477,1,No,14,3,4,2,26,4,2,25,9,14,13,0.56,0.36,0.16,0.52,0.1923076923076923,Medium,1,🟠 Promotion-Stalled,0,2.7672990122084915,3.727471257457161
34,0,Travel_Frequently,648,Human Resources,11,3,Life Sciences,3,Male,56,2,2,Human Resources,2,Married,4490,21833,4,No,11,3,4,2,14,5,4,10,9,1,8,0.1,0.9,0.5,0.8,0.1428571428571428,Medium,1,🟠 Promotion-Stalled,0,1.0348266198077185,-0.2187695771562521
35,0,Travel_Rarely,735,Research & Development,6,1,Life Sciences,3,Male,66,3,1,Research Scientist,3,Married,3506,6020,0,Yes,14,3,4,0,4,3,3,3,2,2,2,0.6666666666666666,0.6666666666666666,1.0,0.6666666666666666,0.25,High,1,🟠 Promotion-Stalled,0,-0.04394156838482351,-0.22541737813869617
42,0,Travel_Rarely,603,Research & Development,7,4,Medical,2,Female,78,4,2,Research Scientist,2,Married,2372,5628,6,Yes,16,3,4,0,18,2,3,1,0,0,0,0.0,0.0,2.0,0.0,0.1111111111111111,Low,0,🚀 Fast-Track Performers,1,-2.4017880874395545,0.27013752646073547
43,0,Travel_Rarely,531,Sales,4,4,Marketing,4,Female,56,2,3,Sales Executive,4,Single,10231,20364,3,No,14,3,4,0,23,3,4,21,7,15,17,0.7142857142857143,0.3333333333333333,0.1428571428571428,0.8095238095238095,0.1304347826086956,Medium,1,🟠 Promotion-Stalled,0,2.790520351938077,2.6255978312445247
36,0,Travel_Rarely,429,Research & Development,2,4,Life Sciences,3,Female,53,3,2,Manufacturing Director,2,Single,5410,2323,9,Yes,11,3,4,0,18,2,3,16,14,5,12,0.3125,0.875,0.125,0.75,0.1111111111111111,Medium,1,🟠 Promotion-Stalled,0,2.64266627795378,-0.13284849349616737
44,1,Travel_Rarely,621,Research & Development,15,3,Medical,1,Female,73,3,3,Healthcare Representative,4,Married,7978,14075,1,No,11,3,4,1,10,2,3,10,7,0,5,0.0,0.7,0.2,0.5,0.3,Medium,1,🟠 Promotion-Stalled,0,0.4122435144904336,-0.5802347410543696
28,0,Travel_Frequently,193,Research & Development,2,3,Life Sciences,4,Male,52,2,1,Laboratory Technician,4,Married,3867,14222,1,Yes,12,3,2,1,2,2,3,2,2,2,2,1.0,1.0,1.0,1.0,0.5,High,1,🟠 Promotion-Stalled,0,0.6601988439807045,-0.6788224160073565
51,0,Travel_Frequently,968,Research & Development,6,2,Medical,2,Female,40,2,1,Laboratory Technician,3,Single,2838,4257,0,No,14,3,2,0,8,6,2,7,0,7,7,1.0,0.0,0.8571428571428571,1.0,0.125,Medium,1,🟠 Promotion-Stalled,0,0.1382940319490498,1.7928425329179472
30,0,Non-Travel,879,Research & Development,9,2,Medical,3,Female,72,3,2,Manufacturing Director,3,Single,4695,12858,7,Yes,18,3,3,0,10,3,3,8,4,1,7,0.125,0.5,0.375,0.875,0.2,Medium,1,🟠 Promotion-Stalled,0,0.1513431983110628,-0.794955558774611
29,1,Travel_Rarely,806,Research & Development,7,3,Technical Degree,2,Female,39,3,1,Laboratory Technician,3,Divorced,3339,17285,3,Yes,13,3,1,2,10,2,3,7,7,7,7,1.0,1.0,0.2857142857142857,1.0,0.1,High,1,🟠 Promotion-Stalled,0,2.712451549118373,-0.13868633723135665
28,0,Travel_Rarely,640,Research & Development,1,3,Technical Degree,4,Male,84,3,1,Research Scientist,1,Single,2080,4732,2,No,11,3,2,0,5,2,2,3,2,1,2,0.3333333333333333,0.6666666666666666,0.6666666666666666,0.6666666666666666,0.2,Medium,1,🟠 Promotion-Stalled,0,-0.12760630403989107,-1.0788286021101408
25,0,Travel_Rarely,266,Research & Development,1,3,Medical,4,Female,40,3,1,Research Scientist,2,Single,2096,18830,1,No,18,3,4,0,2,3,2,2,2,2,1,1.0,1.0,1.5,0.5,0.5,High,1,🟠 Promotion-Stalled,0,-0.1491708002895715,0.22388648778215295
32,0,Travel_Rarely,604,Sales,8,3,Medical,3,Male,56,4,2,Sales Executive,4,Married,6209,11693,1,No,15,3,3,2,10,4,4,10,7,0,8,0.0,0.7,0.4,0.8,0.2,Medium,1,🟠 Promotion-Stalled,0,0.378680771420391,-0.7135676333918314
45,0,Travel_Frequently,364,Research & Development,25,3,Medical,2,Female,83,3,5,Manager,2,Single,18061,13035,3,No,22,4,3,0,22,4,3,0,0,0,0,0.0,0.0,4.0,0.0,0.2272727272727272,Low,0,🚀 Fast-Track Performers,1,-2.9726856652806024,2.4857106870107795
39,0,Travel_Rarely,412,Research & Development,13,4,Medical,3,Female,94,2,4,Manager,2,Divorced,17123,17334,6,Yes,13,3,4,2,21,4,3,19,9,15,2,0.7894736842105263,0.4736842105263157,0.2105263157894736,0.1052631578947368,0.1904761904761904,Medium,1,🟠 Promotion-Stalled,0,2.583348986609523,4.120305671265787
58,0,Travel_Rarely,848,Research & Development,23,4,Life Sciences,1,Male,88,3,1,Research Scientist,3,Divorced,2372,26076,1,No,12,3,4,2,2,3,3,2,2,2,2,1.0,1.0,1.5,1.0,0.5,High,1,🟠 Promotion-Stalled,0,0.3772260649267603,-0.24270423774890598
32,1,Travel_Rarely,1089,Research & Development,7,2,Life Sciences,4,Male,79,3,2,Laboratory Technician,3,Married,4883,22845,1,No,18,3,1,1,10,3,3,10,4,1,1,0.1,0.4,0.3,0.1,0.2,Low,1,🟠 Promotion-Stalled,0,-0.7056384809864141,0.07495549084462591
39,1,Travel_Rarely,360,Research & Development,23,3,Medical,3,Male,93,3,1,Research Scientist,1,Single,3904,22154,0,No,13,3,1,0,6,2,3,5,2,0,3,0.0,0.4,0.4,0.6,0.1666666666666666,Low,1,🟠 Promotion-Stalled,0,-0.741773186537341,-1.3709948908752847
30,0,Travel_Rarely,1138,Research & Development,6,3,Technical Degree,1,Female,48,2,2,Laboratory Technician,4,Married,4627,23631,0,No,12,3,1,1,10,6,3,9,2,6,7,0.6666666666666666,0.2222222222222222,0.6666666666666666,0.7777777777777778,0.2,Medium,1,🟠 Promotion-Stalled,0,0.20679236911512136,1.8164843390021377
36,0,Travel_Rarely,325,Research & Development,10,4,Technical Degree,4,Female,63,3,3,Healthcare Representative,3,Married,7094,5747,3,No,12,3,1,0,10,0,3,7,7,1,7,0.1428571428571428,1.0,0.0,1.0,0.3,Medium,1,🟠 Promotion-Stalled,0,1.7057781099811185,-1.7326670764391021
46,0,Travel_Rarely,991,Human Resources,1,2,Life Sciences,4,Female,44,3,1,Human Resources,1,Single,3423,22957,6,No,12,3,3,0,10,3,4,7,6,5,7,0.7142857142857143,0.8571428571428571,0.4285714285714285,1.0,0.1,High,1,🟠 Promotion-Stalled,0,1.8304609090109656,-0.29470236331008387
28,0,Non-Travel,1476,Research & Development,1,3,Life Sciences,3,Female,55,1,2,Laboratory Technician,4,Married,6674,16392,0,No,11,3,1,3,10,6,3,9,8,7,5,0.7777777777777778,0.8888888888888888,0.6666666666666666,0.5555555555555556,0.2,High,1,🟠 Promotion-Stalled,0,1.6850331240875562,1.988611506925134
50,0,Travel_Rarely,1322,Research & Development,28,3,Life Sciences,4,Female,43,3,4,Research Director,1,Married,16880,22422,4,Yes,11,3,2,0,25,2,3,3,2,1,2,0.3333333333333333,0.6666666666666666,0.6666666666666666,0.6666666666666666,0.16,Medium,1,🟠 Promotion-Stalled,0,0.5415816135405974,-0.039444654918815936
40,1,Travel_Rarely,299,Sales,25,4,Marketing,4,Male,57,2,3,Sales Executive,2,Single,9094,17235,2,Yes,12,3,3,0,9,2,3,5,4,1,0,0.2,0.8,0.4,0.0,0.3333333333333333,Medium,1,🟠 Promotion-Stalled,0,-0.18136757558376668,0.17447020586592707
52,1,Travel_Rarely,1030,Sales,5,3,Life Sciences,2,Male,64,3,3,Sales Executive,2,Single,8446,21534,9,Yes,19,3,3,0,10,2,2,8,7,7,7,0.875,0.875,0.25,0.875,0.3,High,1,🟠 Promotion-Stalled,0,2.433738487842351,0.7327284409896158
30,0,Travel_Rarely,634,Research & Development,17,4,Medical,2,Female,95,3,3,Manager,1,Married,11916,25927,1,Yes,23,4,4,2,9,2,3,9,1,0,8,0.0,0.1111111111111111,0.2222222222222222,0.8888888888888888,0.3333333333333333,Low,1,🟠 Promotion-Stalled,0,-0.7400996742873249,-0.8324785233744452
39,0,Travel_Rarely,524,Research & Development,18,2,Life Sciences,1,Male,32,3,2,Manufacturing Director,3,Single,4534,13352,0,No,11,3,1,0,9,6,3,8,7,1,7,0.125,0.875,0.75,0.875,0.2222222222222222,Medium,1,🟠 Promotion-Stalled,0,0.5589970885680657,0.08592871557821825
31,0,Non-Travel,587,Sales,2,4,Life Sciences,4,Female,57,3,3,Sales Executive,3,Divorced,9852,8935,1,Yes,19,3,1,1,10,5,2,10,8,9,6,0.9,0.8,0.5,0.6,0.3,High,1,🟠 Promotion-Stalled,0,2.1111287480803864,2.4305162940380285
41,0,Non-Travel,256,Sales,10,2,Medical,3,Male,40,1,2,Sales Executive,2,Single,6151,22074,1,No,13,3,1,0,19,4,3,19,2,11,9,0.5789473684210527,0.1052631578947368,0.2105263157894736,0.4736842105263157,0.1052631578947368,Medium,1,🟠 Promotion-Stalled,0,0.758892626267471,2.1812778320680715
31,1,Travel_Frequently,1060,Sales,1,3,Life Sciences,4,Female,54,3,1,Sales Representative,2,Single,2302,8319,1,Yes,11,3,1,0,3,2,4,3,2,2,2,0.6666666666666666,0.6666666666666666,0.6666666666666666,0.6666666666666666,0.3333333333333333,High,1,🟠 Promotion-Stalled,0,0.06920646325626445,-0.5308247958998947
44,1,Travel_Rarely,935,Research & Development,3,3,Life Sciences,1,Male,89,3,1,Laboratory Technician,1,Married,2362,14669,4,No,12,3,3,0,10,4,4,3,2,1,2,0.3333333333333333,0.6666666666666666,1.3333333333333333,0.6666666666666666,0.1,Medium,1,🟠 Promotion-Stalled,0,-0.4184457837423238,-0.37089247275477844
42,0,Non-Travel,495,Research & Development,2,1,Life Sciences,3,Male,37,3,4,Manager,3,Married,17861,26582,0,Yes,13,3,4,0,21,3,2,20,8,2,10,0.1,0.4,0.15,0.5,0.1904761904761904,Low,1,🟠 Promotion-Stalled,0,0.7997480968814644,0.6706826364997264
55,0,Travel_Rarely,282,Research & Development,2,2,Medical,4,Female,58,1,5,Manager,3,Married,19187,6992,4,No,14,3,4,1,23,5,3,19,9,9,11,0.4736842105263157,0.4736842105263157,0.2631578947368421,0.5789473684210527,0.217391304347826,Medium,1,🟠 Promotion-Stalled,0,2.1471133542928302,3.020050121852328
56,0,Travel_Rarely,206,Human Resources,8,4,Life Sciences,4,Male,99,3,5,Manager,2,Single,19717,4022,6,No,14,3,1,0,36,4,3,7,3,7,7,1.0,0.4285714285714285,0.5714285714285714,1.0,0.1388888888888889,Medium,1,🟠 Promotion-Stalled,0,2.0560067352281366,2.2961659139476827
40,0,Non-Travel,458,Research & Development,16,2,Life Sciences,3,Male,74,3,1,Research Scientist,3,Divorced,3544,8532,9,No,16,3,2,1,6,0,3,4,2,0,0,0.0,0.5,0.0,0.0,0.1666666666666666,Medium,1,🟠 Promotion-Stalled,0,-0.9097972866641403,-1.5502396396043499
34,0,Travel_Rarely,943,Research & Development,9,3,Life Sciences,4,Male,86,3,3,Healthcare Representative,4,Divorced,8500,5494,0,No,11,3,4,1,10,0,2,9,7,1,6,0.1111111111111111,0.7777777777777778,0.0,0.6666666666666666,0.3,Medium,1,🟠 Promotion-Stalled,0,1.1114860199652277,-1.207427837133729
40,0,Travel_Rarely,523,Research & Development,2,3,Life Sciences,3,Male,98,3,2,Research Scientist,4,Single,4661,22455,1,No,13,3,3,0,9,4,3,9,8,8,8,0.8888888888888888,0.8888888888888888,0.4444444444444444,0.8888888888888888,0.2222222222222222,High,1,🟠 Promotion-Stalled,0,2.421851127151631,1.2317777948759068
41,0,Travel_Frequently,1018,Sales,1,3,Marketing,3,Female,66,3,2,Sales Executive,1,Divorced,4103,4297,0,No,17,3,4,1,10,2,3,9,3,1,7,0.1111111111111111,0.3333333333333333,0.2222222222222222,0.7777777777777778,0.2,Low,1,🟠 Promotion-Stalled,0,-0.11501407052777136,-0.9273682310800342
35,0,Travel_Frequently,482,Research & Development,4,4,Life Sciences,3,Male,87,3,2,Research Scientist,3,Single,4249,2690,1,Yes,11,3,2,0,9,3,3,9,6,1,1,0.1111111111111111,0.6666666666666666,0.3333333333333333,0.1111111111111111,0.2222222222222222,Medium,1,🟠 Promotion-Stalled,0,-0.14154304766941025,0.025385556587182775
51,0,Travel_Rarely,770,Human Resources,5,3,Life Sciences,3,Male,84,3,4,Manager,2,Divorced,14026,17588,1,Yes,11,3,2,1,33,2,3,33,9,0,10,0.0,0.2727272727272727,0.0606060606060606,0.303030303030303,0.1212121212121212,Low,1,🟠 Promotion-Stalled,0,0.5050609155371318,0.26928903908766805
38,0,Travel_Rarely,1009,Sales,2,2,Life Sciences,2,Female,31,3,2,Sales Executive,1,Divorced,6893,19461,3,No,15,3,4,1,11,3,3,7,7,1,7,0.1428571428571428,1.0,0.4285714285714285,1.0,0.1818181818181818,Medium,1,🟠 Promotion-Stalled,0,1.2406595303799712,-1.1838473230733182
34,0,Travel_Rarely,507,Sales,15,2,Medical,3,Female,66,3,2,Sales Executive,1,Single,6125,23553,1,No,12,3,4,0,10,6,4,10,8,9,6,0.9,0.8,0.6,0.6,0.2,High,1,🟠 Promotion-Stalled,0,1.9801073480204998,2.421439180969892
25,0,Travel_Rarely,882,Research & Development,19,1,Medical,4,Male,67,3,1,Laboratory Technician,4,Married,3669,9075,3,No,11,3,3,3,7,6,2,3,2,1,2,0.3333333333333333,0.6666666666666666,2.0,0.6666666666666666,0.1428571428571428,Medium,1,🟠 Promotion-Stalled,0,-0.9056965734051399,0.4447606364378528
58,1,Travel_Rarely,601,Research & Development,7,4,Medical,3,Female,53,2,3,Manufacturing Director,1,Married,10008,12023,7,Yes,14,3,4,0,31,0,2,10,9,5,9,0.5,0.9,0.0,0.9,0.0967741935483871,Medium,1,🟠 Promotion-Stalled,0,2.7812238890390333,-0.6369773509770971
40,0,Travel_Rarely,329,Research & Development,1,4,Life Sciences,2,Male,88,3,1,Laboratory Technician,2,Married,2387,6762,3,No,22,4,3,1,7,3,3,4,2,0,3,0.0,0.5,0.75,0.75,0.1428571428571428,Medium,1,🟠 Promotion-Stalled,0,-0.7305376544154251,-1.339093846275271
36,0,Travel_Frequently,607,Sales,7,3,Marketing,1,Female,83,4,2,Sales Executive,1,Married,4639,2261,2,No,16,3,4,1,17,2,2,15,7,6,13,0.4,0.4666666666666667,0.1333333333333333,0.8666666666666667,0.1176470588235294,Medium,1,🟠 Promotion-Stalled,0,1.5866874473147394,0.022995381595990714
48,0,Travel_Rarely,855,Research & Development,4,3,Life Sciences,4,Male,54,3,3,Manufacturing Director,4,Single,7898,18706,1,No,11,3,3,0,11,2,3,10,9,0,8,0.0,0.9,0.2,0.8,0.2727272727272727,Medium,1,🟠 Promotion-Stalled,0,1.2125239621637653,-1.013158366263706
27,0,Travel_Rarely,1291,Sales,11,3,Medical,3,Female,98,4,1,Sales Representative,4,Married,2534,6527,8,No,14,3,2,1,5,4,3,1,0,0,0,0.0,0.0,4.0,0.0,0.2,Low,0,🚀 Fast-Track Performers,1,-3.69324689581023,1.1442591335930454
51,0,Travel_Rarely,1405,Research & Development,11,2,Technical Degree,4,Female,82,2,4,Manufacturing Director,2,Single,13142,24439,3,No,16,3,2,0,29,1,2,5,2,0,3,0.0,0.4,0.2,0.6,0.1379310344827586,Low,1,🟠 Promotion-Stalled,0,0.05238986966379642,-0.7114602805481726
18,0,Non-Travel,1124,Research & Development,1,3,Life Sciences,4,Female,97,3,1,Laboratory Technician,4,Single,1611,19305,1,No,15,3,3,0,0,5,4,0,0,0,0,0.0,0.0,5.0,0.0,0.0,Low,0,🚀 Fast-Track Performers,1,-3.8916686729676933,1.5905722211190625
35,0,Travel_Rarely,817,Research & Development,1,3,Medical,4,Female,60,2,2,Laboratory Technician,4,Married,5363,10846,0,No,12,3,2,1,10,0,3,9,7,0,0,0.0,0.7777777777777778,0.0,0.0,0.2,Medium,1,🟠 Promotion-Stalled,0,0.19217323277870357,-1.1825307094583724
27,0,Travel_Frequently,793,Sales,2,1,Life Sciences,4,Male,43,1,2,Sales Executive,4,Single,5071,20392,3,No,20,4,2,0,8,3,3,6,2,0,0,0.0,0.3333333333333333,0.5,0.0,0.25,Low,0,🚀 Fast-Track Performers,0,-1.487089506371838,-0.025368086953329722
55,1,Travel_Rarely,267,Sales,13,4,Marketing,1,Male,85,4,4,Sales Executive,3,Single,13695,9277,6,Yes,17,3,3,0,24,2,2,19,7,3,8,0.1578947368421052,0.3684210526315789,0.1052631578947368,0.4210526315789473,0.1666666666666666,Low,1,🟠 Promotion-Stalled,0,0.8358748120659767,0.5923227050099823
56,0,Travel_Rarely,1369,Research & Development,23,3,Life Sciences,4,Male,68,3,4,Manufacturing Director,2,Married,13402,18235,4,Yes,12,3,1,1,33,0,3,19,16,15,9,0.7894736842105263,0.8421052631578947,0.0,0.4736842105263157,0.1212121212121212,High,1,🟠 Promotion-Stalled,0,4.723528575484517,2.3971621471769695
34,0,Non-Travel,999,Research & Development,26,1,Technical Degree,1,Female,92,2,1,Research Scientist,3,Divorced,2029,15891,1,No,20,4,3,3,5,2,3,5,4,0,0,0.0,0.8,0.4,0.0,0.2,Medium,1,🟠 Promotion-Stalled,0,-0.7274247151324058,-1.051590093248992
40,0,Travel_Rarely,1202,Research & Development,2,1,Medical,2,Female,89,4,2,Healthcare Representative,3,Divorced,6377,13888,5,No,20,4,2,3,15,0,3,12,11,11,8,0.9166666666666666,0.9166666666666666,0.0,0.6666666666666666,0.1333333333333333,High,1,🟠 Promotion-Stalled,0,3.555522654057382,0.6242672535369959
34,0,Travel_Rarely,285,Research & Development,29,3,Medical,2,Male,86,3,2,Laboratory Technician,3,Married,5429,17491,4,No,13,3,1,2,10,1,3,8,7,7,7,0.875,0.875,0.125,0.875,0.2,High,1,🟠 Promotion-Stalled,0,2.548233683596892,0.05729712243714226
31,1,Travel_Frequently,703,Sales,2,3,Life Sciences,3,Female,90,2,1,Sales Representative,4,Single,2785,11882,7,No,14,3,3,0,3,3,4,1,0,0,0,0.0,0.0,3.0,0.0,0.3333333333333333,Low,0,🚀 Fast-Track Performers,1,-3.4036110187296353,0.6469100341116759
35,1,Travel_Frequently,662,Sales,18,4,Marketing,4,Female,67,3,2,Sales Executive,3,Married,4614,23288,0,Yes,18,3,3,1,5,0,2,4,2,3,2,0.75,0.5,0.0,0.5,0.4,Medium,1,🟠 Promotion-Stalled,0,0.39363179142691523,-0.4397418203955411
38,0,Travel_Frequently,693,Research & Development,7,3,Life Sciences,4,Male,57,4,1,Research Scientist,3,Divorced,2610,15748,1,No,11,3,4,3,4,2,3,4,2,0,3,0.0,0.5,0.5,0.75,0.25,Medium,1,🟠 Promotion-Stalled,0,-0.6327438043246171,-1.5148415930990304
34,0,Travel_Rarely,404,Research & Development,2,4,Technical Degree,3,Female,98,3,2,Healthcare Representative,4,Single,6687,6163,1,No,11,3,4,0,14,2,4,14,11,4,11,0.2857142857142857,0.7857142857142857,0.1428571428571428,0.7857142857142857,0.1428571428571428,Medium,1,🟠 Promotion-Stalled,0,2.021042491064542,-0.3670410097311813
28,0,Travel_Rarely,736,Sales,26,3,Life Sciences,3,Male,48,2,2,Sales Executive,1,Married,4724,24232,1,No,11,3,3,1,5,0,3,5,3,0,4,0.0,0.6,0.0,0.8,0.4,Medium,1,🟠 Promotion-Stalled,0,-0.0031318005602668257,-1.9047808679540523
31,1,Travel_Rarely,330,Research & Development,22,4,Medical,4,Male,98,3,2,Manufacturing Director,3,Married,6179,21057,1,Yes,15,3,4,2,10,3,2,10,2,6,7,0.6,0.2,0.3,0.7,0.2,Medium,1,🟠 Promotion-Stalled,0,0.4206529907865745,0.8319839601401315
39,0,Travel_Rarely,1498,Sales,21,4,Life Sciences,1,Male,44,2,2,Sales Executive,4,Married,6120,3567,3,Yes,12,3,4,2,8,2,4,5,4,1,4,0.2,0.8,0.4,0.8,0.25,Medium,1,🟠 Promotion-Stalled,0,0.5157236968203023,-1.0864372498751058
51,0,Travel_Frequently,541,Sales,2,3,Marketing,2,Male,52,3,3,Sales Executive,2,Married,10596,15395,2,No,11,3,2,0,14,5,3,4,2,3,2,0.75,0.5,1.25,0.5,0.2142857142857142,Medium,1,🟠 Promotion-Stalled,0,0.007665123607191162,1.71513516715512
41,0,Travel_Frequently,1200,Research & Development,22,3,Life Sciences,4,Female,75,3,2,Research Scientist,4,Divorced,5467,13953,3,Yes,14,3,1,2,12,4,2,6,2,3,3,0.5,0.3333333333333333,0.6666666666666666,0.5,0.1666666666666666,Medium,1,🟠 Promotion-Stalled,0,-0.2251440550241139,0.747522730771649
37,0,Travel_Rarely,1439,Research & Development,4,1,Life Sciences,3,Male,54,3,1,Research Scientist,3,Married,2996,5182,7,Yes,15,3,4,0,8,2,3,6,4,1,3,0.1666666666666666,0.6666666666666666,0.3333333333333333,0.5,0.125,Medium,1,🟠 Promotion-Stalled,0,0.032998602979967914,-1.1659441096514325
33,0,Travel_Frequently,1111,Sales,5,1,Life Sciences,2,Male,61,3,2,Sales Executive,4,Married,9998,19293,6,No,13,3,1,0,8,2,4,5,4,1,2,0.2,0.8,0.4,0.4,0.25,Medium,1,🟠 Promotion-Stalled,0,0.11994335397496712,-0.6693836516665266
32,0,Travel_Rarely,499,Sales,2,1,Marketing,3,Male,36,3,2,Sales Executive,2,Married,4078,20497,0,Yes,13,3,1,3,4,3,2,3,2,1,2,0.3333333333333333,0.6666666666666666,1.0,0.6666666666666666,0.5,Medium,1,🟠 Promotion-Stalled,0,-0.5934205618649193,-0.18032613380769938
39,0,Non-Travel,1485,Research & Development,25,2,Life Sciences,3,Male,71,3,3,Healthcare Representative,3,Married,10920,3449,3,No,21,4,2,1,13,2,3,6,4,0,5,0.0,0.6666666666666666,0.3333333333333333,0.8333333333333334,0.2307692307692307,Medium,1,🟠 Promotion-Stalled,0,0.31519316084396454,-1.1362189117453674
25,0,Travel_Rarely,1372,Sales,18,1,Life Sciences,1,Male,93,4,2,Sales Executive,3,Married,6232,12477,2,No,11,3,2,0,6,3,2,3,2,1,2,0.3333333333333333,0.6666666666666666,1.0,0.6666666666666666,0.3333333333333333,Medium,1,🟠 Promotion-Stalled,0,-0.3353807931163582,-0.25607022158376613
52,0,Travel_Frequently,322,Research & Development,28,2,Medical,4,Female,59,4,4,Manufacturing Director,3,Married,13247,9731,2,Yes,11,3,2,1,24,3,2,5,3,0,2,0.0,0.6,0.6,0.4,0.1666666666666666,Medium,1,🟠 Promotion-Stalled,0,-0.12723609050446055,0.15010712580305055
43,0,Travel_Rarely,930,Research & Development,6,3,Medical,1,Female,73,2,2,Research Scientist,3,Single,4081,20003,1,Yes,14,3,1,0,20,3,1,20,7,1,8,0.05,0.35,0.15,0.4,0.1,Low,1,🟠 Promotion-Stalled,0,0.08722121477997312,-0.1981304060794405
27,0,Travel_Rarely,205,Sales,10,3,Marketing,4,Female,98,2,2,Sales Executive,4,Married,5769,7100,1,Yes,11,3,4,0,6,3,3,6,2,4,4,0.6666666666666666,0.3333333333333333,0.5,0.6666666666666666,0.3333333333333333,Medium,1,🟠 Promotion-Stalled,0,0.1140458494322605,0.6751104289230787
27,1,Travel_Rarely,135,Research & Development,17,4,Life Sciences,4,Female,51,3,1,Research Scientist,3,Single,2394,25681,1,Yes,13,3,4,0,8,2,3,8,2,7,7,0.875,0.25,0.25,0.875,0.125,Medium,1,🟠 Promotion-Stalled,0,1.0119351762645754,0.3322440957645804
26,0,Travel_Rarely,683,Research & Development,2,1,Medical,1,Male,36,2,1,Research Scientist,4,Single,3904,4050,0,No,12,3,4,0,5,2,3,4,3,1,1,0.25,0.75,0.5,0.25,0.2,Medium,1,🟠 Promotion-Stalled,0,-0.3261099607898493,-0.8011749007644757
42,0,Travel_Rarely,1147,Human Resources,10,3,Human Resources,3,Female,31,3,4,Manager,1,Married,16799,16616,0,No,14,3,3,1,21,5,3,20,7,0,9,0.0,0.35,0.25,0.45,0.1904761904761904,Low,1,🟠 Promotion-Stalled,0,0.051862232325585046,0.9224871843461737
52,0,Travel_Rarely,258,Research & Development,8,4,Other,3,Female,54,3,1,Laboratory Technician,1,Married,2950,17363,9,No,13,3,3,0,12,2,1,5,4,0,4,0.0,0.8,0.4,0.8,0.0833333333333333,Medium,1,🟠 Promotion-Stalled,0,0.2687674238348441,-1.897241397419546
37,0,Travel_Rarely,1462,Research & Development,11,3,Medical,1,Female,94,3,1,Laboratory Technician,3,Single,3629,19106,4,No,18,3,1,0,8,6,3,3,2,0,2,0.0,0.6666666666666666,2.0,0.6666666666666666,0.125,Medium,1,🟠 Promotion-Stalled,0,-1.3187282469650468,-0.11544732244862475
35,0,Travel_Frequently,200,Research & Development,18,2,Life Sciences,3,Male,60,3,3,Manufacturing Director,4,Single,9362,19944,2,No,11,3,3,0,10,2,3,2,2,2,2,1.0,1.0,1.0,1.0,0.3,High,1,🟠 Promotion-Stalled,0,1.3674843973204245,-0.07711666194053804
25,0,Travel_Rarely,949,Research & Development,1,3,Technical Degree,1,Male,81,3,1,Laboratory Technician,4,Married,3229,4910,4,No,11,3,2,1,7,2,2,3,2,0,2,0.0,0.6666666666666666,0.6666666666666666,0.6666666666666666,0.1428571428571428,Medium,1,🟠 Promotion-Stalled,0,-0.43628395224901734,-1.5816727609078731
26,0,Travel_Rarely,652,Research & Development,7,3,Other,3,Male,100,4,1,Laboratory Technician,1,Single,3578,23577,0,No,12,3,4,0,8,2,3,7,7,0,7,0.0,1.0,0.2857142857142857,1.0,0.125,Medium,1,🟠 Promotion-Stalled,0,1.045075041894713,-2.1667421810650027
29,0,Travel_Rarely,332,Human Resources,17,3,Other,2,Male,51,2,3,Human Resources,1,Single,7988,9769,1,No,13,3,1,0,10,3,2,10,9,0,9,0.0,0.9,0.3,0.9,0.3,Medium,1,🟠 Promotion-Stalled,0,1.1353927784507383,-0.8032697009069777
49,1,Travel_Frequently,1475,Research & Development,28,2,Life Sciences,1,Male,97,2,2,Laboratory Technician,1,Single,4284,22710,3,No,20,4,1,0,20,2,3,4,3,1,3,0.25,0.75,0.5,0.75,0.1,Medium,1,🟠 Promotion-Stalled,0,0.4572484533984238,-1.1339718960684717
29,1,Travel_Frequently,337,Research & Development,14,1,Other,3,Female,84,3,3,Healthcare Representative,4,Single,7553,22930,0,Yes,12,3,1,0,9,1,3,8,7,7,7,0.875,0.875,0.125,0.875,0.3333333333333333,High,1,🟠 Promotion-Stalled,0,2.562624097908638,0.5022120799060753
54,0,Travel_Rarely,971,Research & Development,1,3,Medical,4,Female,54,3,4,Research Director,4,Single,17328,5652,6,No,19,3,4,0,29,3,2,20,7,12,7,0.6,0.35,0.15,0.35,0.1379310344827586,Medium,1,🟠 Promotion-Stalled,0,2.0786133142696976,2.8163192350418824
58,0,Travel_Rarely,1055,Research & Development,1,3,Medical,4,Female,76,3,5,Research Director,1,Married,19701,22456,3,Yes,21,4,3,1,32,3,3,9,8,1,5,0.1111111111111111,0.8888888888888888,0.3333333333333333,0.5555555555555556,0.15625,Medium,1,🟠 Promotion-Stalled,0,1.4248774887340223,0.34405830600029874
55,0,Travel_Rarely,1136,Research & Development,1,4,Medical,2,Male,81,4,4,Research Director,4,Divorced,14732,12414,2,No,13,3,4,2,31,4,4,7,7,0,0,0.0,1.0,0.5714285714285714,0.0,0.1290322580645161,Medium,1,🟠 Promotion-Stalled,0,0.3933996334422223,0.6305210521260582
36,0,Travel_Rarely,1174,Sales,3,4,Marketing,1,Female,99,3,2,Sales Executive,2,Single,9278,20763,3,Yes,16,3,4,0,15,3,3,5,4,0,1,0.0,0.8,0.6,0.2,0.1333333333333333,Medium,1,🟠 Promotion-Stalled,0,-0.36634643509148174,-0.5529807124271284
31,1,Travel_Frequently,667,Sales,1,4,Life Sciences,2,Female,50,1,1,Sales Representative,3,Single,1359,16154,1,No,12,3,2,0,1,3,3,1,0,0,0,0.0,0.0,3.0,0.0,1.0,Low,0,🚀 Fast-Track Performers,1,-4.369093384966694,1.0650995899099744
30,0,Travel_Rarely,855,Sales,7,4,Marketing,4,Female,73,3,2,Sales Executive,1,Divorced,4779,12761,7,No,14,3,2,2,8,3,3,3,2,0,2,0.0,0.6666666666666666,1.0,0.6666666666666666,0.25,Medium,1,🟠 Promotion-Stalled,0,-0.6256079011388066,-0.8090019705877598
31,0,Travel_Rarely,182,Research & Development,8,5,Life Sciences,1,Female,93,3,4,Research Director,2,Single,16422,8847,3,No,11,3,3,0,9,3,4,3,2,1,0,0.3333333333333333,0.6666666666666666,1.0,0.0,0.4444444444444444,Medium,1,🟠 Promotion-Stalled,0,-0.7400656276630162,1.232807636744716
34,0,Travel_Frequently,560,Research & Development,1,4,Other,4,Male,91,3,1,Research Scientist,1,Divorced,2996,20284,5,No,14,3,3,2,10,2,3,4,3,1,3,0.25,0.75,0.5,0.75,0.1,Medium,1,🟠 Promotion-Stalled,0,0.2937681936190088,-1.419208227279684
31,1,Travel_Rarely,202,Research & Development,8,3,Life Sciences,1,Female,34,2,1,Research Scientist,2,Single,1261,22262,1,No,12,3,3,0,1,3,4,1,0,0,0,0.0,0.0,3.0,0.0,1.0,Low,0,🚀 Fast-Track Performers,1,-4.369093384966694,1.0650995899099744
27,0,Travel_Rarely,1377,Research & Development,11,1,Life Sciences,2,Male,91,3,1,Laboratory Technician,1,Married,2099,7679,0,No,14,3,2,0,6,3,4,5,0,1,4,0.2,0.0,0.6,0.8,0.1666666666666666,Low,1,🟠 Promotion-Stalled,0,-1.127526633523263,-0.6361441477617537
36,0,Travel_Rarely,172,Research & Development,4,4,Life Sciences,1,Male,37,2,2,Laboratory Technician,4,Single,5810,22604,1,No,16,3,3,0,10,2,2,10,4,1,8,0.1,0.4,0.2,0.8,0.2,Low,1,🟠 Promotion-Stalled,0,0.10967550406631678,-0.9759179108056337
36,0,Travel_Rarely,329,Sales,16,4,Marketing,3,Female,98,2,2,Sales Executive,1,Married,5647,13494,4,No,13,3,1,2,11,3,2,3,2,0,2,0.0,0.6666666666666666,1.0,0.6666666666666666,0.1818181818181818,Medium,1,🟠 Promotion-Stalled,0,-0.5188338737642645,-0.8378934027744411
47,0,Travel_Rarely,465,Research & Development,1,3,Technical Degree,1,Male,74,3,1,Research Scientist,4,Married,3420,10205,7,No,12,3,3,1,17,2,2,6,5,1,2,0.1666666666666666,0.8333333333333334,0.3333333333333333,0.3333333333333333,0.0588235294117647,Medium,1,🟠 Promotion-Stalled,0,0.29731130799473676,-1.0954411912169242
25,1,Travel_Rarely,383,Sales,9,2,Life Sciences,1,Male,68,2,1,Sales Representative,1,Married,4400,15182,3,No,12,3,1,0,6,2,3,3,2,2,2,0.6666666666666666,0.6666666666666666,0.6666666666666666,0.6666666666666666,0.1666666666666666,High,1,🟠 Promotion-Stalled,0,0.30724321937766985,-0.6411328450841711
37,0,Non-Travel,1413,Research & Development,5,2,Technical Degree,3,Male,84,4,1,Laboratory Technician,3,Single,3500,25470,0,No,14,3,1,0,7,2,1,6,5,1,3,0.1666666666666666,0.8333333333333334,0.3333333333333333,0.5,0.1428571428571428,Medium,1,🟠 Promotion-Stalled,0,0.3227258628707456,-1.2472482802920686
56,0,Travel_Rarely,1255,Research & Development,1,2,Life Sciences,1,Female,90,3,1,Research Scientist,1,Married,2066,10494,2,No,22,4,4,1,5,3,4,3,2,1,0,0.3333333333333333,0.6666666666666666,1.0,0.0,0.2,Medium,1,🟠 Promotion-Stalled,0,-1.0649690361346502,-0.10190685261676052
47,0,Travel_Rarely,359,Research & Development,2,4,Medical,1,Female,82,3,4,Research Director,3,Married,17169,26703,3,No,19,3,2,2,26,2,4,20,17,5,6,0.25,0.85,0.1,0.3,0.1538461538461538,Medium,1,🟠 Promotion-Stalled,0,2.790467003132633,1.0553620030046498
24,0,Travel_Rarely,1476,Sales,4,1,Medical,4,Female,42,3,2,Sales Executive,3,Married,4162,15211,1,Yes,12,3,3,2,5,3,3,5,4,0,3,0.0,0.8,0.6,0.6,0.4,Medium,1,🟠 Promotion-Stalled,0,-0.3420901628143895,-0.777411583283701
32,0,Travel_Rarely,601,Sales,7,5,Marketing,4,Male,97,3,2,Sales Executive,4,Married,9204,23343,4,No,12,3,3,1,7,3,2,4,3,0,3,0.0,0.75,0.75,0.75,0.2857142857142857,Medium,1,🟠 Promotion-Stalled,0,-0.2669981169438702,-0.9579344770064159
34,0,Travel_Rarely,401,Research & Development,1,3,Life Sciences,4,Female,86,2,1,Laboratory Technician,2,Married,3294,3708,5,No,17,3,1,1,7,2,2,5,4,0,2,0.0,0.8,0.4,0.4,0.1428571428571428,Medium,1,🟠 Promotion-Stalled,0,-0.23441036985090521,-1.4794707860781502
41,0,Travel_Rarely,1283,Research & Development,5,5,Medical,2,Male,90,4,1,Research Scientist,3,Married,2127,5561,2,Yes,12,3,1,0,7,5,2,4,2,0,3,0.0,0.5,1.25,0.75,0.1428571428571428,Medium,1,🟠 Promotion-Stalled,0,-1.0273798641417782,-0.49190458925915553
40,0,Non-Travel,663,Research & Development,9,4,Other,3,Male,81,3,2,Laboratory Technician,3,Divorced,3975,23099,3,No,11,3,3,2,11,2,4,8,7,0,7,0.0,0.875,0.25,0.875,0.1818181818181818,Medium,1,🟠 Promotion-Stalled,0,0.9239004573819456,-1.5387442764394146
31,0,Travel_Rarely,326,Sales,8,2,Life Sciences,1,Male,31,3,3,Sales Executive,4,Divorced,10793,8386,1,No,18,3,1,1,13,5,3,13,7,9,9,0.6923076923076923,0.5384615384615384,0.3846153846153846,0.6923076923076923,0.2307692307692307,Medium,1,🟠 Promotion-Stalled,0,1.7668225818792318,2.2611233147249017
46,1,Travel_Rarely,377,Sales,9,3,Marketing,1,Male,52,3,3,Sales Executive,4,Divorced,10096,15986,4,No,11,3,1,1,28,1,4,7,7,4,3,0.5714285714285714,1.0,0.1428571428571428,0.4285714285714285,0.1071428571428571,Medium,1,🟠 Promotion-Stalled,0,2.0030626988388525,-0.006818908561804549
39,1,Non-Travel,592,Research & Development,2,3,Life Sciences,1,Female,54,2,1,Laboratory Technician,1,Single,3646,17181,2,Yes,23,4,2,0,11,2,4,1,0,0,0,0.0,0.0,2.0,0.0,0.0909090909090909,Low,0,🚀 Fast-Track Performers,1,-2.622286925936992,-0.1768501197878545
31,1,Travel_Frequently,1445,Research & Development,1,5,Life Sciences,3,Female,100,4,3,Manufacturing Director,2,Single,7446,8931,1,No,11,3,1,0,10,2,3,10,8,4,7,0.4,0.8,0.2,0.7,0.3,Medium,1,🟠 Promotion-Stalled,0,1.633819832853935,0.17381377265011463
45,0,Travel_Rarely,1038,Research & Development,20,3,Medical,2,Male,95,1,3,Healthcare Representative,1,Divorced,10851,19863,2,Yes,18,3,2,1,24,2,3,7,7,0,7,0.0,1.0,0.2857142857142857,1.0,0.125,Medium,1,🟠 Promotion-Stalled,0,1.4120415867078542,-1.5271415958261587
31,0,Travel_Rarely,1398,Human Resources,8,2,Medical,4,Female,96,4,1,Human Resources,2,Single,2109,24609,9,No,18,3,4,0,8,3,3,3,2,0,2,0.0,0.6666666666666666,1.0,0.6666666666666666,0.125,Medium,1,🟠 Promotion-Stalled,0,-0.6722365494275641,-1.283541553029159
31,1,Travel_Frequently,523,Research & Development,2,3,Life Sciences,2,Male,94,3,1,Laboratory Technician,4,Married,3722,21081,6,Yes,13,3,3,1,7,2,1,2,2,2,2,1.0,1.0,1.0,1.0,0.1428571428571428,High,1,🟠 Promotion-Stalled,0,1.1778978023845375,-0.9020295837229164
45,0,Travel_Rarely,1448,Research & Development,29,3,Technical Degree,2,Male,55,3,3,Manufacturing Director,4,Married,9380,14720,4,Yes,18,3,4,2,10,4,4,3,1,1,2,0.3333333333333333,0.3333333333333333,1.3333333333333333,0.6666666666666666,0.3,Medium,1,🟠 Promotion-Stalled,0,-0.8420930216316223,0.6300272601721081
48,0,Travel_Rarely,1221,Sales,7,3,Marketing,3,Male,96,3,2,Sales Executive,1,Divorced,5486,24795,4,No,11,3,1,3,15,3,3,2,2,2,2,1.0,1.0,1.5,1.0,0.1333333333333333,High,1,🟠 Promotion-Stalled,0,1.1257297602298781,-0.09414946642459213
34,1,Travel_Rarely,1107,Human Resources,9,4,Technical Degree,1,Female,52,3,1,Human Resources,3,Married,2742,3072,1,No,15,3,4,0,2,0,3,2,2,2,2,1.0,1.0,0.0,1.0,0.5,High,1,🟠 Promotion-Stalled,0,1.2061413894614375,-1.585622733932467
40,0,Non-Travel,218,Research & Development,8,1,Medical,4,Male,55,2,3,Research Director,2,Divorced,13757,25178,2,No,11,3,3,1,16,5,3,9,8,4,8,0.4444444444444444,0.8888888888888888,0.5555555555555556,0.8888888888888888,0.1875,Medium,1,🟠 Promotion-Stalled,0,1.7342815356666637,0.8586837849968281
28,0,Travel_Rarely,866,Sales,5,3,Medical,4,Male,84,3,2,Sales Executive,1,Single,8463,23490,0,No,18,3,4,0,6,4,3,5,4,1,3,0.2,0.8,0.8,0.6,0.3333333333333333,Medium,1,🟠 Promotion-Stalled,0,-0.1642244684760481,-0.18796035751197718
44,0,Non-Travel,981,Research & Development,5,3,Life Sciences,3,Male,90,2,1,Laboratory Technician,3,Single,3162,7973,3,No,14,3,4,0,7,5,3,5,2,0,3,0.0,0.4,1.0,0.6,0.1428571428571428,Low,1,🟠 Promotion-Stalled,0,-1.1980334679657596,-0.3407426139364184
53,0,Travel_Rarely,447,Research & Development,2,3,Medical,4,Male,39,4,4,Research Director,2,Single,16598,19764,4,No,12,3,2,0,35,2,2,9,8,8,8,0.8888888888888888,0.8888888888888888,0.2222222222222222,0.8888888888888888,0.1142857142857142,High,1,🟠 Promotion-Stalled,0,3.2450262903026337,1.233997795130105
49,0,Travel_Rarely,1495,Research & Development,5,4,Technical Degree,1,Male,96,3,2,Healthcare Representative,3,Married,6651,21534,2,No,14,3,2,1,20,0,2,3,2,1,2,0.3333333333333333,0.6666666666666666,0.0,0.6666666666666666,0.1,Medium,1,🟠 Promotion-Stalled,0,0.6336940895899426,-1.5970298337733322
40,0,Travel_Rarely,896,Research & Development,2,3,Medical,3,Male,68,3,1,Research Scientist,3,Divorced,2345,8045,2,No,14,3,3,1,8,3,4,3,1,1,2,0.3333333333333333,0.3333333333333333,1.0,0.6666666666666666,0.125,Medium,1,🟠 Promotion-Stalled,0,-0.7499580273367261,-0.5257067746830034
44,0,Travel_Rarely,1467,Research & Development,20,3,Life Sciences,4,Male,49,3,1,Research Scientist,2,Single,3420,21158,1,No,13,3,3,0,6,3,2,5,2,1,3,0.2,0.4,0.6,0.6,0.1666666666666666,Low,1,🟠 Promotion-Stalled,0,-0.621783237743538,-0.6729010508011926
33,0,Travel_Frequently,430,Sales,7,3,Medical,4,Male,54,3,2,Sales Executive,1,Married,4373,17456,0,No,14,3,1,2,5,2,3,4,3,0,3,0.0,0.75,0.5,0.75,0.4,Medium,1,🟠 Promotion-Stalled,0,-0.2663713208229944,-1.2792256729874938
34,0,Travel_Rarely,1326,Sales,3,3,Other,4,Male,81,1,2,Sales Executive,1,Single,4759,15891,3,No,18,3,4,0,15,2,3,13,9,3,12,0.2307692307692307,0.6923076923076923,0.1538461538461538,0.9230769230769232,0.1333333333333333,Medium,1,🟠 Promotion-Stalled,0,1.6084900525929258,-0.8037231264072272
30,0,Travel_Rarely,1358,Sales,16,1,Life Sciences,4,Male,96,3,2,Sales Executive,3,Married,5301,2939,8,No,15,3,3,2,4,2,2,2,1,2,2,1.0,0.5,1.0,1.0,0.5,Medium,1,🟠 Promotion-Stalled,0,0.1590230962545297,0.02311823960010859
42,0,Travel_Frequently,748,Research & Development,9,2,Medical,1,Female,74,3,1,Laboratory Technician,4,Single,3673,16458,1,No,13,3,3,0,12,3,3,12,9,5,8,0.4166666666666667,0.75,0.25,0.6666666666666666,0.0833333333333333,Medium,1,🟠 Promotion-Stalled,0,1.592479114890586,-0.08579325108378463
44,0,Travel_Frequently,383,Sales,1,5,Marketing,1,Female,79,3,2,Sales Executive,3,Married,4768,9282,7,No,12,3,3,1,11,4,2,1,0,0,0,0.0,0.0,4.0,0.0,0.1818181818181818,Low,0,🚀 Fast-Track Performers,1,-3.4497302406253803,1.5108892945178607
30,0,Non-Travel,990,Research & Development,7,3,Technical Degree,3,Male,64,3,1,Research Scientist,3,Divorced,1274,7152,1,No,13,3,2,2,1,2,2,1,0,0,0,0.0,0.0,2.0,0.0,1.0,Low,0,🚀 Fast-Track Performers,1,-3.890361637164119,0.4771997869873034
57,0,Travel_Rarely,405,Research & Development,1,2,Life Sciences,2,Male,93,4,2,Research Scientist,3,Married,4900,2721,0,No,24,4,1,1,13,2,2,12,9,2,8,0.1666666666666666,0.75,0.1666666666666666,0.6666666666666666,0.1538461538461538,Medium,1,🟠 Promotion-Stalled,0,1.1804135123894535,-0.8515374917933328
49,0,Travel_Rarely,1490,Research & Development,7,4,Life Sciences,3,Male,35,3,3,Healthcare Representative,2,Divorced,10466,20948,3,No,14,3,2,2,29,3,3,8,7,0,7,0.0,0.875,0.375,0.875,0.1034482758620689,Medium,1,🟠 Promotion-Stalled,0,1.091295708037689,-0.9344724735422353
34,0,Travel_Frequently,829,Research & Development,15,3,Medical,2,Male,71,3,4,Research Director,1,Divorced,17007,11929,7,No,14,3,4,2,16,3,2,14,8,6,9,0.4285714285714285,0.5714285714285714,0.2142857142857142,0.6428571428571429,0.25,Medium,1,🟠 Promotion-Stalled,0,1.7449983831854265,1.3662572483164703
28,1,Travel_Frequently,1496,Sales,1,3,Technical Degree,1,Male,92,3,1,Sales Representative,3,Married,2909,15747,3,No,15,3,4,1,5,3,4,3,2,1,2,0.3333333333333333,0.6666666666666666,1.0,0.6666666666666666,0.2,Medium,1,🟠 Promotion-Stalled,0,-0.3697742200552595,-0.7355491404609089
29,1,Travel_Frequently,115,Sales,13,3,Technical Degree,1,Female,51,3,2,Sales Executive,2,Single,5765,17485,5,No,11,3,1,0,7,4,1,5,3,0,0,0.0,0.6,0.8,0.0,0.2857142857142857,Medium,1,🟠 Promotion-Stalled,0,-1.2596270042473812,0.29247748124938244
34,1,Travel_Rarely,790,Sales,24,4,Medical,1,Female,40,2,2,Sales Executive,2,Single,4599,7815,0,Yes,23,4,3,0,16,2,4,15,9,10,10,0.6666666666666666,0.6,0.1333333333333333,0.6666666666666666,0.125,Medium,1,🟠 Promotion-Stalled,0,2.40973752983144,1.0145676781522899
35,0,Travel_Rarely,660,Sales,7,1,Life Sciences,4,Male,76,3,1,Sales Representative,3,Married,2404,16192,1,No,13,3,1,1,1,3,3,1,0,0,0,0.0,0.0,3.0,0.0,1.0,Low,0,🚀 Fast-Track Performers,1,-4.375761055842412,1.0535782694405713
24,1,Travel_Frequently,381,Research & Development,9,3,Medical,2,Male,89,3,1,Laboratory Technician,1,Single,3172,16998,2,Yes,11,3,3,0,4,2,2,0,0,0,0,0.0,0.0,2.0,0.0,0.25,Low,0,🚀 Fast-Track Performers,1,-2.7758563739256243,0.05570214870918097
24,0,Non-Travel,830,Sales,13,2,Life Sciences,4,Female,78,3,1,Sales Representative,2,Married,2033,7103,1,No,13,3,3,1,1,2,3,1,0,0,0,0.0,0.0,2.0,0.0,1.0,Low,0,🚀 Fast-Track Performers,1,-3.890361637164119,0.4771997869873034
44,0,Travel_Frequently,1193,Research & Development,2,1,Medical,2,Male,86,3,3,Manufacturing Director,3,Single,10209,19719,5,Yes,18,3,2,0,16,2,2,2,2,2,2,1.0,1.0,1.0,1.0,0.1875,High,1,🟠 Promotion-Stalled,0,1.4859861894134532,-0.22444694710889976
29,0,Travel_Rarely,1246,Sales,19,3,Life Sciences,3,Male,77,2,2,Sales Executive,3,Divorced,8620,23757,1,No,14,3,3,2,10,3,3,10,7,0,4,0.0,0.7,0.3,0.4,0.2,Medium,1,🟠 Promotion-Stalled,0,0.11726723768095747,-0.5973813291470423
30,0,Travel_Rarely,330,Human Resources,1,3,Life Sciences,3,Male,46,3,1,Human Resources,3,Divorced,2064,15428,0,No,21,4,1,1,6,3,4,5,3,1,3,0.2,0.6,0.6,0.6,0.1666666666666666,Medium,1,🟠 Promotion-Stalled,0,-0.32830857430487903,-0.8963544559803345
55,0,Travel_Rarely,1229,Research & Development,4,4,Life Sciences,4,Male,30,3,2,Healthcare Representative,3,Married,4035,16143,0,Yes,16,3,2,0,4,2,3,3,2,1,2,0.3333333333333333,0.6666666666666666,0.6666666666666666,0.6666666666666666,0.5,Medium,1,🟠 Promotion-Stalled,0,-0.39792634197958066,-0.6042548387427537
33,0,Travel_Rarely,1099,Research & Development,4,4,Medical,1,Female,82,2,1,Laboratory Technician,2,Married,3838,8192,8,No,11,3,4,0,8,5,3,5,4,0,2,0.0,0.8,1.0,0.4,0.125,Medium,1,🟠 Promotion-Stalled,0,-0.6527363989706197,-0.3650411683993586
47,0,Travel_Rarely,571,Sales,14,3,Medical,3,Female,78,3,2,Sales Executive,3,Married,4591,24200,3,Yes,17,3,3,1,11,4,2,5,4,1,2,0.2,0.8,0.8,0.4,0.1818181818181818,Medium,1,🟠 Promotion-Stalled,0,-0.1296545635877524,-0.05195769471710372
28,1,Travel_Frequently,289,Research & Development,2,2,Medical,3,Male,38,2,1,Laboratory Technician,1,Single,2561,5355,7,No,11,3,3,0,8,2,2,0,0,0,0,0.0,0.0,2.0,0.0,0.125,Low,0,🚀 Fast-Track Performers,1,-2.5923280536777815,-0.018387897826973972
28,0,Travel_Rarely,1423,Research & Development,1,3,Life Sciences,1,Male,72,2,1,Research Scientist,3,Divorced,1563,12530,1,No,14,3,4,1,1,2,1,1,0,0,0,0.0,0.0,2.0,0.0,1.0,Low,0,🚀 Fast-Track Performers,1,-3.8970293080398375,0.4656784665179003
28,0,Travel_Frequently,467,Sales,7,3,Life Sciences,3,Male,55,3,2,Sales Executive,1,Single,4898,11827,0,No,14,3,4,0,5,5,3,4,2,1,3,0.25,0.5,1.25,0.75,0.4,Medium,1,🟠 Promotion-Stalled,0,-0.8916150630598599,0.3840286452691155
49,0,Travel_Rarely,271,Research & Development,3,2,Medical,3,Female,43,2,2,Laboratory Technician,1,Married,4789,23070,4,No,25,4,1,1,10,3,3,3,2,1,2,0.3333333333333333,0.6666666666666666,1.0,0.6666666666666666,0.2,Medium,1,🟠 Promotion-Stalled,0,-0.23296464377871867,-0.49639809112730926
29,0,Travel_Frequently,410,Research & Development,2,1,Life Sciences,4,Female,97,3,1,Laboratory Technician,2,Married,3180,4668,0,No,13,3,3,3,4,3,3,3,2,0,2,0.0,0.6666666666666666,1.0,0.6666666666666666,0.25,Medium,1,🟠 Promotion-Stalled,0,-0.8224265152968142,-1.1518449041459884
28,0,Travel_Rarely,1083,Research & Development,29,1,Life Sciences,3,Male,96,1,2,Manufacturing Director,2,Married,6549,3173,1,No,14,3,2,2,8,2,2,8,6,1,7,0.125,0.75,0.25,0.875,0.25,Medium,1,🟠 Promotion-Stalled,0,0.7604659190951276,-1.1872941304606435
33,0,Travel_Rarely,516,Research & Development,8,5,Life Sciences,4,Male,69,3,2,Healthcare Representative,3,Single,6388,22049,2,Yes,17,3,1,0,14,6,3,0,0,0,0,0.0,0.0,6.0,0.0,0.1428571428571428,Low,0,🚀 Fast-Track Performers,1,-4.396663800075519,2.582946655559618
32,0,Travel_Rarely,495,Research & Development,10,3,Medical,3,Male,64,3,3,Manager,4,Single,11244,21072,2,No,25,4,2,0,10,5,4,5,2,0,0,0.0,0.4,1.0,0.0,0.3,Low,0,🚀 Fast-Track Performers,0,-1.6787956023686383,0.9772555197606921
54,0,Travel_Frequently,1050,Research & Development,11,4,Medical,2,Female,87,3,4,Manager,4,Divorced,16032,24456,3,No,20,4,1,1,26,2,3,14,9,1,12,0.0714285714285714,0.6428571428571429,0.1428571428571428,0.8571428571428571,0.1538461538461538,Medium,1,🟠 Promotion-Stalled,0,1.4940918674199672,-0.467506761778596
29,1,Travel_Rarely,224,Research & Development,1,4,Technical Degree,1,Male,100,2,1,Research Scientist,1,Single,2362,7568,6,No,13,3,3,0,11,2,1,9,7,0,7,0.0,0.7777777777777778,0.2222222222222222,0.7777777777777778,0.0909090909090909,Medium,1,🟠 Promotion-Stalled,0,0.6477377462938418,-1.792363146754034
44,0,Travel_Rarely,136,Research & Development,28,3,Life Sciences,4,Male,32,3,4,Research Director,1,Married,16328,22074,3,No,13,3,3,1,24,1,4,20,6,14,17,0.7,0.3,0.05,0.85,0.1666666666666666,Medium,1,🟠 Promotion-Stalled,0,2.8996097995217314,2.1687148619194394
39,0,Travel_Rarely,1089,Research & Development,6,3,Life Sciences,2,Female,32,3,3,Manufacturing Director,2,Single,8376,9150,4,No,18,3,4,0,9,3,3,2,0,2,2,1.0,0.0,1.5,1.0,0.3333333333333333,Medium,1,🟠 Promotion-Stalled,0,-0.3804210035284651,1.0623903447511511
46,0,Travel_Rarely,228,Sales,3,3,Life Sciences,3,Female,51,3,4,Manager,2,Married,16606,11380,8,No,12,3,4,1,23,2,4,13,12,5,1,0.3846153846153846,0.9230769230769232,0.1538461538461538,0.0769230769230769,0.1739130434782608,Medium,1,🟠 Promotion-Stalled,0,2.1553687983222223,1.2851630986031046
35,0,Travel_Rarely,1029,Research & Development,16,3,Life Sciences,4,Female,91,2,3,Healthcare Representative,2,Single,8606,21195,1,No,19,3,4,0,11,3,1,11,8,3,3,0.2727272727272727,0.7272727272727273,0.2727272727272727,0.2727272727272727,0.2727272727272727,Medium,1,🟠 Promotion-Stalled,0,0.7920632368280246,0.6212205598772437
23,0,Travel_Rarely,507,Research & Development,20,1,Life Sciences,1,Male,97,3,2,Laboratory Technician,3,Single,2272,24812,0,No,14,3,2,0,5,2,3,4,3,1,2,0.25,0.75,0.5,0.5,0.4,Medium,1,🟠 Promotion-Stalled,0,-0.18640890992309847,-0.6191685373915419
40,1,Travel_Rarely,676,Research & Development,9,4,Life Sciences,4,Male,86,3,1,Laboratory Technician,1,Single,2018,21831,3,No,14,3,2,0,15,3,1,5,4,1,0,0.2,0.8,0.6,0.0,0.0666666666666666,Medium,1,🟠 Promotion-Stalled,0,-0.3716651994865922,-0.3633977133303793
34,0,Travel_Rarely,971,Sales,1,3,Technical Degree,4,Male,64,2,3,Sales Executive,3,Married,7083,12288,1,Yes,14,3,4,0,10,3,3,10,9,8,6,0.8,0.9,0.3,0.6,0.3,High,1,🟠 Promotion-Stalled,0,2.422527167258604,1.5386394488574728
31,1,Travel_Frequently,561,Research & Development,3,3,Life Sciences,4,Female,33,3,1,Research Scientist,3,Single,4084,4156,1,No,12,3,1,0,7,2,1,7,2,7,7,1.0,0.2857142857142857,0.2857142857142857,1.0,0.1428571428571428,Medium,1,🟠 Promotion-Stalled,0,1.2438703005331164,0.31573956672800035
50,0,Travel_Frequently,333,Research & Development,22,5,Medical,3,Male,88,1,4,Research Director,4,Single,14411,24450,1,Yes,13,3,4,0,32,2,3,32,6,13,9,0.40625,0.1875,0.0625,0.28125,0.125,Medium,1,🟠 Promotion-Stalled,0,1.8356158674231795,2.7143285618653454
34,0,Travel_Rarely,1440,Sales,7,2,Technical Degree,2,Male,55,3,1,Sales Representative,3,Married,2308,4944,0,Yes,25,4,2,1,12,4,3,11,10,5,7,0.4545454545454545,0.9090909090909092,0.3636363636363636,0.6363636363636364,0.0833333333333333,Medium,1,🟠 Promotion-Stalled,0,1.688737023260111,0.07397737842117423
42,0,Travel_Rarely,1210,Research & Development,2,3,Medical,3,Male,68,2,1,Laboratory Technician,2,Married,4841,24052,4,No,14,3,2,1,4,3,3,1,0,0,0,0.0,0.0,3.0,0.0,0.25,Low,0,🚀 Fast-Track Performers,1,-3.281258805231073,0.5975166697542394
37,0,Travel_Rarely,674,Research & Development,13,3,Medical,1,Male,47,3,2,Research Scientist,4,Married,4285,3031,1,No,17,3,1,0,10,2,3,10,8,3,7,0.3,0.8,0.2,0.7,0.2,Medium,1,🟠 Promotion-Stalled,0,1.3389456083065723,-0.5629503515760306
29,0,Travel_Rarely,441,Research & Development,8,1,Other,3,Female,39,1,2,Healthcare Representative,1,Married,9715,7288,3,No,13,3,3,1,9,3,3,7,7,0,7,0.0,1.0,0.4285714285714285,1.0,0.2222222222222222,Medium,1,🟠 Promotion-Stalled,0,0.9607670847916562,-1.4303414090657083
33,0,Travel_Rarely,575,Research & Development,25,3,Life Sciences,4,Male,44,2,2,Manufacturing Director,2,Single,4320,24152,1,No,13,3,4,0,5,2,3,5,3,0,2,0.0,0.6,0.4,0.4,0.4,Medium,1,🟠 Promotion-Stalled,0,-0.7286134048399894,-0.7953245987317563
45,0,Travel_Rarely,950,Research & Development,28,3,Technical Degree,4,Male,97,3,1,Research Scientist,4,Married,2132,4585,4,No,20,4,4,1,8,3,3,5,4,0,3,0.0,0.8,0.6,0.6,0.125,Medium,1,🟠 Promotion-Stalled,0,-0.1951555103086095,-1.3869445034460988
42,0,Travel_Frequently,288,Research & Development,2,3,Life Sciences,4,Male,40,3,3,Healthcare Representative,4,Married,10124,18611,2,Yes,14,3,3,1,24,3,1,20,8,13,9,0.65,0.4,0.15,0.45,0.125,Medium,1,🟠 Promotion-Stalled,0,2.3591772591585385,2.6068332285407014
40,0,Travel_Rarely,1342,Sales,9,2,Medical,1,Male,47,3,2,Sales Executive,1,Married,5473,19345,0,No,12,3,4,0,9,5,4,8,4,7,1,0.875,0.5,0.625,0.125,0.2222222222222222,Medium,1,🟠 Promotion-Stalled,0,0.48101079118693313,2.4149651628044166
33,0,Travel_Rarely,589,Research & Development,28,4,Life Sciences,2,Male,79,3,2,Laboratory Technician,3,Married,5207,22949,1,Yes,12,3,2,1,15,3,3,15,14,5,7,0.3333333333333333,0.9333333333333332,0.2,0.4666666666666667,0.1333333333333333,Medium,1,🟠 Promotion-Stalled,0,2.299886050736023,0.45968887182495904
40,0,Travel_Rarely,898,Human Resources,6,2,Medical,3,Male,38,3,4,Manager,4,Single,16437,17381,1,Yes,21,4,4,0,21,2,3,21,7,7,7,0.3333333333333333,0.3333333333333333,0.0952380952380952,0.3333333333333333,0.1904761904761904,Medium,1,🟠 Promotion-Stalled,0,1.2592132581023718,1.4899702411948377
24,0,Travel_Rarely,350,Research & Development,21,2,Technical Degree,3,Male,57,2,1,Laboratory Technician,1,Divorced,2296,10036,0,No,14,3,2,3,2,3,3,1,1,0,0,0.0,1.0,3.0,0.0,0.5,Medium,0,🚀 Fast-Track Performers,1,-2.400584776113451,-0.054539469435038276
40,0,Non-Travel,1142,Research & Development,8,2,Life Sciences,4,Male,72,3,2,Healthcare Representative,4,Divorced,4069,8841,3,Yes,18,3,3,0,8,2,3,2,2,2,2,1.0,1.0,1.0,1.0,0.25,High,1,🟠 Promotion-Stalled,0,1.1907357442558055,-0.5417661778684537
45,0,Travel_Rarely,538,Research & Development,1,4,Technical Degree,1,Male,66,3,3,Healthcare Representative,2,Divorced,7441,20933,1,No,12,3,1,3,10,4,3,10,8,7,7,0.7,0.8,0.4,0.7,0.3,High,1,🟠 Promotion-Stalled,0,1.9797029386420861,1.5721120524454166
35,0,Travel_Rarely,1402,Sales,28,4,Life Sciences,2,Female,98,2,1,Sales Representative,3,Married,2430,26204,0,No,23,4,1,2,6,5,3,5,3,4,2,0.8,0.6,1.0,0.4,0.1666666666666666,Medium,1,🟠 Promotion-Stalled,0,-0.01471361038038093,1.037209886900567
32,0,Travel_Rarely,824,Research & Development,5,2,Life Sciences,4,Female,67,2,2,Research Scientist,2,Married,5878,15624,3,No,12,3,1,1,12,2,3,7,1,2,5,0.2857142857142857,0.1428571428571428,0.2857142857142857,0.7142857142857143,0.1666666666666666,Low,1,🟠 Promotion-Stalled,0,-0.31753130737896623,-0.39358351515837303
36,0,Travel_Rarely,1157,Sales,2,4,Life Sciences,3,Male,70,3,1,Sales Representative,4,Single,2644,17001,3,Yes,21,4,4,0,7,3,2,3,2,1,2,0.3333333333333333,0.6666666666666666,1.0,0.6666666666666666,0.1428571428571428,Medium,1,🟠 Promotion-Stalled,0,-0.3258815846248424,-0.8385467988367131
48,0,Travel_Rarely,492,Sales,16,4,Life Sciences,3,Female,96,3,2,Sales Executive,3,Divorced,6439,13693,8,No,14,3,3,1,18,2,3,8,7,7,7,0.875,0.875,0.25,0.875,0.1111111111111111,High,1,🟠 Promotion-Stalled,0,2.540922241117291,0.32401249676547766
29,0,Travel_Rarely,598,Research & Development,9,3,Life Sciences,3,Male,91,4,1,Research Scientist,3,Married,2451,22376,6,No,18,3,1,2,5,2,2,1,0,0,0,0.0,0.0,2.0,0.0,0.2,Low,0,🚀 Fast-Track Performers,1,-2.749118741956517,-0.05458311319110337
33,0,Travel_Rarely,1242,Sales,8,4,Life Sciences,1,Male,46,3,2,Sales Executive,1,Married,6392,10589,2,No,13,3,4,1,8,6,1,2,2,2,2,1.0,1.0,3.0,1.0,0.25,High,1,🟠 Promotion-Stalled,0,0.09218298241862154,1.2603131375123642
30,1,Travel_Rarely,740,Sales,1,3,Life Sciences,2,Male,64,2,2,Sales Executive,1,Married,9714,5323,1,No,11,3,4,1,10,4,3,10,8,6,7,0.6,0.8,0.4,0.7,0.2,Medium,1,🟠 Promotion-Stalled,0,1.7315024102247532,0.915997171505094
38,0,Travel_Frequently,888,Human Resources,10,4,Human Resources,3,Male,71,3,2,Human Resources,3,Married,6077,14814,3,No,11,3,3,0,10,2,3,6,3,1,2,0.1666666666666666,0.5,0.3333333333333333,0.3333333333333333,0.2,Medium,1,🟠 Promotion-Stalled,0,-0.31836962109851424,-0.4390578795696557
35,0,Travel_Rarely,992,Research & Development,1,3,Medical,4,Male,68,2,1,Laboratory Technician,1,Single,2450,21731,1,No,19,3,2,0,3,3,3,3,0,1,2,0.3333333333333333,0.0,1.0,0.6666666666666666,0.3333333333333333,Medium,0,🚀 Fast-Track Performers,0,-1.5861453857676144,-0.21705489290623303
30,0,Travel_Rarely,1288,Sales,29,4,Technical Degree,3,Male,33,3,3,Sales Executive,2,Married,9250,17799,3,No,12,3,2,1,9,3,3,4,2,1,3,0.25,0.5,0.75,0.75,0.3333333333333333,Medium,1,🟠 Promotion-Stalled,0,-0.21339274699230815,-0.010055203572479427
35,1,Travel_Rarely,104,Research & Development,2,3,Life Sciences,1,Female,69,3,1,Laboratory Technician,1,Divorced,2074,26619,1,Yes,12,3,4,1,1,2,3,1,0,0,0,0.0,0.0,2.0,0.0,1.0,Low,0,🚀 Fast-Track Performers,1,-3.8836939662884005,0.48872110745670666
53,1,Travel_Rarely,607,Research & Development,2,5,Technical Degree,3,Female,78,2,3,Manufacturing Director,4,Married,10169,14618,0,No,16,3,2,1,34,4,3,33,7,1,9,0.0303030303030303,0.2121212121212121,0.1212121212121212,0.2727272727272727,0.088235294117647,Low,1,🟠 Promotion-Stalled,0,-0.06973371494448735,0.6475109579914065
38,1,Travel_Rarely,903,Research & Development,2,3,Medical,3,Male,81,3,2,Manufacturing Director,2,Married,4855,7653,4,No,11,3,1,2,7,2,3,5,2,1,4,0.2,0.4,0.4,0.8,0.2857142857142857,Low,1,🟠 Promotion-Stalled,0,-0.2236773561207491,-0.7911816618332537
32,0,Non-Travel,1200,Research & Development,1,4,Technical Degree,4,Male,62,3,2,Research Scientist,1,Married,4087,25174,4,No,14,3,2,1,9,3,2,6,5,1,2,0.1666666666666666,0.8333333333333334,0.5,0.3333333333333333,0.2222222222222222,Medium,1,🟠 Promotion-Stalled,0,0.09953426432840903,-0.32465853529867084
48,0,Travel_Rarely,1108,Research & Development,15,4,Other,3,Female,65,3,1,Research Scientist,1,Married,2367,16530,8,No,12,3,4,1,10,3,2,8,2,7,6,0.875,0.25,0.375,0.75,0.1,Medium,1,🟠 Promotion-Stalled,0,0.8025580018636751,0.7938000191259595
34,0,Travel_Rarely,479,Research & Development,7,4,Medical,1,Male,35,3,1,Research Scientist,4,Single,2972,22061,1,No,13,3,3,0,1,4,1,1,0,0,0,0.0,0.0,4.0,0.0,1.0,Low,0,🚀 Fast-Track Performers,1,-4.861160474520706,1.6299567518938396
55,0,Travel_Rarely,685,Sales,26,5,Marketing,3,Male,60,2,5,Manager,4,Married,19586,23037,1,No,21,4,3,1,36,3,3,36,6,2,13,0.0555555555555555,0.1666666666666666,0.0833333333333333,0.3611111111111111,0.1388888888888889,Low,1,🟠 Promotion-Stalled,0,0.3745518139858632,1.1146617107173915
34,0,Travel_Rarely,1351,Research & Development,1,4,Life Sciences,2,Male,45,3,2,Research Scientist,4,Married,5484,13008,9,No,17,3,2,1,9,3,2,2,2,2,1,1.0,1.0,1.5,0.5,0.2222222222222222,High,1,🟠 Promotion-Stalled,0,0.4688238672817465,0.4251275144210658
26,0,Travel_Rarely,474,Research & Development,3,3,Life Sciences,1,Female,89,3,1,Research Scientist,4,Married,2061,11133,1,No,21,4,1,0,1,5,3,1,0,0,0,0.0,0.0,5.0,0.0,1.0,Low,0,🚀 Fast-Track Performers,1,-5.399901260204748,2.114164670591882
38,0,Travel_Rarely,1245,Sales,14,3,Life Sciences,3,Male,80,3,2,Sales Executive,2,Married,9924,12355,0,No,11,3,4,1,10,3,3,9,8,7,7,0.7777777777777778,0.8888888888888888,0.3333333333333333,0.7777777777777778,0.2,High,1,🟠 Promotion-Stalled,0,2.2777963421090264,0.7694338382276995
38,0,Travel_Rarely,437,Sales,16,3,Life Sciences,2,Female,90,3,2,Sales Executive,2,Single,4198,16379,2,No,12,3,2,0,8,5,4,3,2,1,2,0.3333333333333333,0.6666666666666666,1.6666666666666667,0.6666666666666666,0.25,Medium,1,🟠 Promotion-Stalled,0,-0.6506907155185034,0.46174458064308355
36,0,Travel_Rarely,884,Sales,1,4,Life Sciences,2,Female,73,3,2,Sales Executive,3,Single,6815,21447,6,No,13,3,1,0,15,5,3,1,0,0,0,0.0,0.0,5.0,0.0,0.1333333333333333,Low,0,🚀 Fast-Track Performers,1,-3.870610587780229,2.047008499057399
29,0,Travel_Rarely,1370,Research & Development,3,1,Medical,2,Male,87,3,1,Laboratory Technician,1,Single,4723,16213,1,Yes,18,3,4,0,10,3,3,10,9,1,5,0.1,0.9,0.3,0.5,0.1,Medium,1,🟠 Promotion-Stalled,0,0.7978190648892247,-1.005574056935951
35,0,Travel_Rarely,670,Research & Development,10,4,Medical,1,Female,51,3,2,Healthcare Representative,3,Single,6142,4223,3,Yes,16,3,3,0,10,4,3,5,2,0,4,0.0,0.4,0.8,0.8,0.2,Low,1,🟠 Promotion-Stalled,0,-0.7357080541040558,-0.5418007203687595
39,0,Travel_Rarely,1462,Sales,6,3,Medical,4,Male,38,4,3,Sales Executive,3,Married,8237,4658,2,No,11,3,1,1,11,3,3,7,6,7,6,1.0,0.8571428571428571,0.4285714285714285,0.8571428571428571,0.2727272727272727,High,1,🟠 Promotion-Stalled,0,2.3193405727536285,1.2679589591693556
29,0,Travel_Frequently,995,Research & Development,2,1,Life Sciences,1,Male,87,3,2,Healthcare Representative,4,Divorced,8853,24483,1,No,19,3,4,1,6,0,4,6,4,1,3,0.1666666666666666,0.6666666666666666,0.0,0.5,0.3333333333333333,Medium,1,🟠 Promotion-Stalled,0,0.1999770427065039,-1.4194043441983002
50,0,Travel_Rarely,264,Sales,9,3,Marketing,3,Male,59,3,5,Manager,3,Married,19331,19519,4,Yes,16,3,3,1,27,2,3,1,0,0,0,0.0,0.0,2.0,0.0,0.1851851851851851,Low,0,🚀 Fast-Track Performers,1,-1.900086755448208,1.3771355013057958
23,0,Travel_Rarely,977,Research & Development,10,3,Technical Degree,4,Male,45,4,1,Research Scientist,3,Married,2073,12826,2,No,16,3,4,1,4,2,3,2,2,2,2,1.0,1.0,1.0,1.0,0.25,High,1,🟠 Promotion-Stalled,0,1.0005848009735163,-0.873087790957279
36,0,Travel_Frequently,1302,Research & Development,6,4,Life Sciences,1,Male,80,4,2,Laboratory Technician,1,Married,5562,19711,3,Yes,13,3,4,1,9,3,3,3,2,0,2,0.0,0.6666666666666666,1.0,0.6666666666666666,0.2222222222222222,Medium,1,🟠 Promotion-Stalled,0,-0.5781561590969007,-0.8139451049041688
42,0,Travel_Rarely,1059,Research & Development,9,2,Other,4,Male,93,2,5,Manager,4,Single,19613,26362,8,No,22,4,4,0,24,2,3,1,0,0,1,0.0,0.0,2.0,1.0,0.2083333333333333,Low,1,🟠 Promotion-Stalled,0,-1.0012978267503008,0.2502906607825976
35,0,Travel_Rarely,750,Research & Development,28,3,Life Sciences,2,Male,46,4,2,Laboratory Technician,3,Married,3407,25348,1,No,17,3,4,2,10,3,2,10,9,6,8,0.6,0.9,0.3,0.8,0.2,Medium,1,🟠 Promotion-Stalled,0,2.1440077208656056,0.36815191654737484
34,0,Travel_Frequently,653,Research & Development,10,4,Technical Degree,4,Male,92,2,2,Healthcare Representative,3,Married,5063,15332,1,No,14,3,2,1,8,3,2,8,2,7,7,0.875,0.25,0.375,0.875,0.25,Medium,1,🟠 Promotion-Stalled,0,0.8940726708390576,1.0801000259713007
40,0,Travel_Rarely,118,Sales,14,2,Life Sciences,4,Female,84,3,2,Sales Executive,1,Married,4639,11262,1,No,15,3,3,1,5,2,3,5,4,1,2,0.2,0.8,0.4,0.4,0.4,Medium,1,🟠 Promotion-Stalled,0,-0.11362597207388155,-0.6035182367619472
43,0,Travel_Rarely,990,Research & Development,27,3,Technical Degree,4,Male,87,4,1,Laboratory Technician,2,Divorced,4876,5855,5,No,12,3,3,1,8,0,3,6,4,0,2,0.0,0.6666666666666666,0.0,0.3333333333333333,0.125,Medium,1,🟠 Promotion-Stalled,0,-0.06682464530608595,-1.9534510826572866
35,0,Travel_Rarely,1349,Research & Development,7,2,Life Sciences,3,Male,63,2,1,Laboratory Technician,4,Married,2690,7713,1,No,18,3,4,1,1,5,2,1,0,0,1,0.0,0.0,5.0,1.0,1.0,Low,0,🚀 Fast-Track Performers,1,-4.40711656765355,1.0772913353051357
46,0,Travel_Rarely,563,Sales,1,4,Life Sciences,4,Male,56,4,4,Manager,1,Single,17567,3156,1,No,15,3,2,0,27,5,1,26,0,0,12,0.0,0.0,0.1923076923076923,0.4615384615384615,0.1481481481481481,Low,1,🟠 Promotion-Stalled,0,-1.103338707733262,0.8983091160707561
28,1,Travel_Rarely,329,Research & Development,24,3,Medical,3,Male,51,3,1,Laboratory Technician,2,Married,2408,7324,1,Yes,17,3,3,3,1,3,3,1,1,0,0,0.0,1.0,3.0,0.0,1.0,Medium,0,🚀 Fast-Track Performers,1,-3.1547010697319786,0.20725675530137141
22,0,Non-Travel,457,Research & Development,26,2,Other,2,Female,85,2,1,Research Scientist,3,Married,2814,10293,1,Yes,14,3,2,0,4,2,2,4,2,1,3,0.25,0.5,0.5,0.75,0.25,Medium,1,🟠 Promotion-Stalled,0,-0.3295889860708664,-1.157207743085027
50,0,Travel_Frequently,1234,Research & Development,20,5,Medical,2,Male,41,3,4,Healthcare Representative,3,Married,11245,20689,2,Yes,15,3,3,1,32,3,3,30,8,12,13,0.4,0.2666666666666666,0.1,0.4333333333333333,0.125,Medium,1,🟠 Promotion-Stalled,0,2.086715238537857,2.6728018403417626
32,0,Travel_Rarely,634,Research & Development,5,4,Other,2,Female,35,4,1,Research Scientist,4,Married,3312,18783,3,No,17,3,4,2,6,3,3,3,2,0,2,0.0,0.6666666666666666,1.0,0.6666666666666666,0.1666666666666666,Medium,1,🟠 Promotion-Stalled,0,-0.7267449853011263,-1.2473235503810376
44,0,Travel_Rarely,1313,Research & Development,7,3,Medical,2,Female,31,3,5,Research Director,4,Divorced,19049,3549,0,Yes,14,3,4,1,23,4,2,22,7,1,10,0.0454545454545454,0.3181818181818182,0.1818181818181818,0.4545454545454545,0.217391304347826,Low,1,🟠 Promotion-Stalled,0,0.44533772824166207,1.2033023546219406
30,0,Travel_Rarely,241,Research & Development,7,3,Medical,2,Male,48,2,1,Research Scientist,2,Married,2141,5348,1,No,12,3,2,1,6,3,2,6,4,1,1,0.1666666666666666,0.6666666666666666,0.5,0.1666666666666666,0.1666666666666666,Medium,1,🟠 Promotion-Stalled,0,-0.48045673708788234,-0.4069263917042805
45,0,Travel_Rarely,1015,Research & Development,5,5,Medical,3,Female,50,1,2,Laboratory Technician,1,Single,5769,23447,1,Yes,14,3,1,0,10,3,3,10,7,1,4,0.1,0.7,0.3,0.4,0.2,Medium,1,🟠 Promotion-Stalled,0,0.31547180813855696,-0.3433814189938715
45,0,Non-Travel,336,Sales,26,3,Marketing,1,Male,52,2,2,Sales Executive,1,Married,4385,24162,1,No,15,3,1,1,10,2,3,10,7,4,5,0.4,0.7,0.2,0.5,0.2,Medium,1,🟠 Promotion-Stalled,0,1.1217274839825058,-0.023956673575854428
31,0,Travel_Frequently,715,Sales,2,4,Other,4,Male,54,3,2,Sales Executive,1,Single,5332,21602,7,No,13,3,4,0,10,3,3,5,2,0,3,0.0,0.4,0.6,0.6,0.2,Low,1,🟠 Promotion-Stalled,0,-0.7487445821823742,-0.6449112953631186
36,0,Travel_Rarely,559,Research & Development,12,4,Life Sciences,3,Female,76,3,2,Manufacturing Director,3,Married,4663,12421,9,Yes,12,3,2,2,7,2,3,3,2,1,1,0.3333333333333333,0.6666666666666666,0.6666666666666666,0.3333333333333333,0.2857142857142857,Medium,1,🟠 Promotion-Stalled,0,-0.38089624088365615,-0.32803529964784955
34,0,Travel_Frequently,426,Research & Development,10,4,Life Sciences,3,Male,42,4,2,Manufacturing Director,4,Divorced,4724,17000,1,No,13,3,1,1,9,3,3,9,7,7,2,0.7777777777777778,0.7777777777777778,0.3333333333333333,0.2222222222222222,0.2222222222222222,High,1,🟠 Promotion-Stalled,0,1.4446850729300873,1.4117603906122491
49,0,Travel_Rarely,722,Research & Development,25,4,Life Sciences,3,Female,84,3,1,Laboratory Technician,1,Married,3211,22102,1,No,14,3,4,1,10,3,2,9,6,1,4,0.1111111111111111,0.6666666666666666,0.3333333333333333,0.4444444444444444,0.1,Medium,1,🟠 Promotion-Stalled,0,0.13867812777561261,-0.7931320254712173
39,0,Travel_Rarely,1387,Research & Development,10,5,Medical,2,Male,76,3,2,Manufacturing Director,1,Married,5377,3835,2,No,13,3,4,3,10,3,3,7,7,7,7,1.0,1.0,0.4285714285714285,1.0,0.2,High,1,🟠 Promotion-Stalled,0,2.6307328557744163,0.6108822007159224
27,0,Travel_Rarely,1302,Research & Development,19,3,Other,4,Male,67,2,1,Laboratory Technician,1,Divorced,4066,16290,1,No,11,3,1,2,7,3,3,7,7,0,7,0.0,1.0,0.4285714285714285,1.0,0.1428571428571428,Medium,1,🟠 Promotion-Stalled,0,0.8871420591270451,-1.808704321542568
35,0,Travel_Rarely,819,Research & Development,18,5,Life Sciences,2,Male,48,4,2,Research Scientist,1,Married,5208,26312,1,No,11,3,4,0,16,2,3,16,15,1,10,0.0625,0.9375,0.125,0.625,0.125,Medium,1,🟠 Promotion-Stalled,0,2.024782837810343,-0.8847948207337248
28,0,Travel_Rarely,580,Research & Development,27,3,Medical,2,Female,39,1,2,Manufacturing Director,1,Divorced,4877,20460,0,No,21,4,2,1,6,5,2,5,3,0,0,0.0,0.6,1.0,0.0,0.3333333333333333,Medium,0,🚀 Fast-Track Performers,0,-1.5577360588545082,0.5574510519297314
21,0,Travel_Rarely,546,Research & Development,5,1,Medical,3,Male,97,3,1,Research Scientist,4,Single,3117,26009,1,No,18,3,3,0,3,2,3,2,2,2,2,1.0,1.0,1.0,1.0,0.3333333333333333,High,1,🟠 Promotion-Stalled,0,0.8648972457235172,-0.8467370675386489
18,1,Travel_Frequently,544,Sales,3,2,Medical,2,Female,70,3,1,Sales Representative,4,Single,1569,18420,1,Yes,12,3,3,0,0,2,4,0,0,0,0,0.0,0.0,2.0,0.0,0.0,Low,0,🚀 Fast-Track Performers,1,-2.415467404305657,-0.10399926483253197
47,0,Travel_Rarely,1176,Human Resources,26,4,Life Sciences,4,Female,98,3,5,Manager,3,Married,19658,5220,3,No,11,3,3,1,27,2,3,5,2,1,0,0.2,0.4,0.4,0.0,0.1851851851851851,Low,1,🟠 Promotion-Stalled,0,-0.24384434930974466,1.069475291714095
39,0,Travel_Rarely,170,Research & Development,3,2,Medical,3,Male,76,2,2,Laboratory Technician,3,Divorced,3069,10302,0,No,15,3,4,1,11,3,3,10,8,0,7,0.0,0.8,0.3,0.7,0.1818181818181818,Medium,1,🟠 Promotion-Stalled,0,0.6633307997304324,-0.9887742402357628
40,0,Travel_Rarely,884,Research & Development,15,3,Life Sciences,1,Female,80,2,3,Manufacturing Director,3,Married,10435,25800,1,No,13,3,4,2,18,2,3,18,15,14,12,0.7777777777777778,0.8333333333333334,0.1111111111111111,0.6666666666666666,0.1666666666666666,High,1,🟠 Promotion-Stalled,0,4.172179708134797,2.2730703794572267
35,0,Non-Travel,208,Research & Development,8,4,Life Sciences,3,Female,52,3,2,Healthcare Representative,3,Married,4148,12250,1,No,12,3,4,1,15,5,3,14,11,2,9,0.1428571428571428,0.7857142857142857,0.3571428571428571,0.6428571428571429,0.1333333333333333,Medium,1,🟠 Promotion-Stalled,0,1.2121885276225421,0.2611873651855307
37,0,Travel_Rarely,671,Research & Development,19,3,Life Sciences,3,Male,85,3,2,Manufacturing Director,3,Married,5768,26493,3,No,17,3,1,3,9,2,2,4,3,0,2,0.0,0.75,0.5,0.5,0.2222222222222222,Medium,1,🟠 Promotion-Stalled,0,-0.2685516979675615,-1.1513028208511624
39,0,Travel_Frequently,711,Research & Development,4,3,Medical,1,Female,81,3,2,Manufacturing Director,3,Single,5042,3140,0,No,13,3,4,0,10,2,1,9,2,3,8,0.3333333333333333,0.2222222222222222,0.2222222222222222,0.8888888888888888,0.2,Medium,1,🟠 Promotion-Stalled,0,0.18794979748189636,-0.4149032673803745
45,0,Travel_Rarely,1329,Research & Development,2,2,Other,4,Female,59,2,2,Manufacturing Director,4,Divorced,5770,5388,1,No,19,3,1,2,10,3,3,10,7,3,9,0.3,0.7,0.3,0.9,0.2,Medium,1,🟠 Promotion-Stalled,0,1.164933434637184,-0.42870684938202386
38,0,Travel_Rarely,397,Research & Development,2,2,Medical,4,Female,54,2,3,Manufacturing Director,3,Married,7756,14199,3,Yes,19,3,4,1,10,6,4,5,4,0,2,0.0,0.8,1.2,0.4,0.3,Medium,1,🟠 Promotion-Stalled,0,-0.7175616395352301,0.7072048367928555
35,1,Travel_Rarely,737,Sales,10,3,Medical,4,Male,55,2,3,Sales Executive,1,Married,10306,21530,9,No,17,3,3,0,15,3,3,13,12,6,0,0.4615384615384615,0.9230769230769232,0.2307692307692307,0.0,0.2,Medium,1,🟠 Promotion-Stalled,0,1.8727055289883747,1.5212478433764507
37,0,Travel_Rarely,1470,Research & Development,10,3,Medical,2,Female,71,3,1,Research Scientist,2,Married,3936,9953,1,No,11,3,1,1,8,2,1,8,4,7,7,0.875,0.5,0.25,0.875,0.125,Medium,1,🟠 Promotion-Stalled,0,1.5499810840606583,0.21814981463761682
40,0,Travel_Rarely,448,Research & Development,16,3,Life Sciences,3,Female,84,3,3,Manufacturing Director,4,Single,7945,19948,6,Yes,15,3,4,0,18,2,2,4,2,3,3,0.75,0.5,0.5,0.75,0.1666666666666666,Medium,1,🟠 Promotion-Stalled,0,0.8393837883812422,0.27500170298782206
44,0,Travel_Frequently,602,Human Resources,1,5,Human Resources,1,Male,37,3,2,Human Resources,4,Married,5743,10503,4,Yes,11,3,3,0,14,3,3,10,7,0,2,0.0,0.7,0.3,0.2,0.1428571428571428,Medium,1,🟠 Promotion-Stalled,0,0.026612575008033067,-0.38239964395922665
48,0,Travel_Frequently,365,Research & Development,4,5,Medical,3,Male,89,2,4,Manager,4,Married,15202,5602,2,No,25,4,2,1,23,3,3,2,2,2,2,1.0,1.0,1.5,1.0,0.1739130434782608,High,1,🟠 Promotion-Stalled,0,1.3797747297249279,0.4773329759635169
35,1,Travel_Rarely,763,Sales,15,2,Medical,1,Male,59,1,2,Sales Executive,4,Divorced,5440,22098,6,Yes,14,3,4,2,7,2,2,2,2,2,2,1.0,1.0,1.0,1.0,0.2857142857142857,High,1,🟠 Promotion-Stalled,0,1.1649697648307245,-0.47451231126622534
24,0,Travel_Frequently,567,Research & Development,2,1,Technical Degree,1,Female,32,3,1,Research Scientist,4,Single,3760,17218,1,Yes,13,3,3,0,6,2,3,6,3,1,3,0.1666666666666666,0.5,0.3333333333333333,0.5,0.1666666666666666,Medium,1,🟠 Promotion-Stalled,0,-0.3241200824969125,-1.014795003061561
27,0,Travel_Rarely,486,Research & Development,8,3,Medical,2,Female,86,4,1,Research Scientist,3,Married,3517,22490,7,No,17,3,1,0,5,0,3,3,2,0,2,0.0,0.6666666666666666,0.0,0.6666666666666666,0.2,Medium,1,🟠 Promotion-Stalled,0,-0.1291941731630683,-2.395660435218597
27,0,Travel_Frequently,591,Research & Development,2,3,Medical,4,Male,87,3,1,Research Scientist,4,Single,2580,6297,2,No,13,3,3,0,6,0,2,4,2,1,2,0.25,0.5,0.0,0.5,0.1666666666666666,Medium,1,🟠 Promotion-Stalled,0,-0.08024560319405744,-1.6591965151214052
40,1,Travel_Rarely,1329,Research & Development,7,3,Life Sciences,1,Male,73,3,1,Laboratory Technician,1,Single,2166,3339,3,Yes,14,3,2,0,10,3,1,4,2,0,3,0.0,0.5,0.75,0.75,0.1,Medium,1,🟠 Promotion-Stalled,0,-0.6142722918961306,-1.2723255841895842
29,0,Travel_Rarely,469,Sales,10,3,Medical,3,Male,42,2,2,Sales Executive,3,Single,5869,23413,9,No,11,3,3,0,8,2,3,5,2,1,4,0.2,0.4,0.4,0.8,0.25,Low,1,🟠 Promotion-Stalled,0,-0.171240693192794,-0.8123502465578694
36,0,Travel_Rarely,711,Research & Development,5,4,Life Sciences,2,Female,42,3,3,Healthcare Representative,1,Married,8008,22792,4,No,12,3,3,2,9,6,3,3,2,0,2,0.0,0.6666666666666666,2.0,0.6666666666666666,0.3333333333333333,Medium,1,🟠 Promotion-Stalled,0,-1.177630185389688,0.7858925193166487
25,0,Travel_Frequently,772,Research & Development,2,1,Life Sciences,4,Male,77,4,2,Manufacturing Director,3,Divorced,5206,4973,1,No,17,3,3,2,7,6,3,7,7,0,7,0.0,1.0,0.8571428571428571,1.0,0.2857142857142857,Medium,1,🟠 Promotion-Stalled,0,0.4257287006564133,-0.4309969113607217
39,0,Travel_Rarely,492,Research & Development,12,3,Medical,4,Male,66,3,2,Manufacturing Director,2,Married,5295,7693,4,No,21,4,3,0,7,3,3,5,4,1,0,0.2,0.8,0.6,0.0,0.2857142857142857,Medium,1,🟠 Promotion-Stalled,0,-0.5364641432076874,0.04015128372240601
49,0,Travel_Rarely,301,Research & Development,22,4,Other,1,Female,72,3,4,Research Director,2,Married,16413,3498,3,No,16,3,2,2,27,2,3,4,2,1,2,0.25,0.5,0.5,0.5,0.1481481481481481,Medium,1,🟠 Promotion-Stalled,0,0.17388070157388508,0.09033203468482184
50,0,Travel_Rarely,813,Research & Development,17,5,Life Sciences,4,Female,50,2,3,Research Director,1,Divorced,13269,21981,5,No,15,3,3,3,19,3,3,14,11,1,11,0.0714285714285714,0.7857142857142857,0.2142857142857142,0.7857142857142857,0.1578947368421052,Medium,1,🟠 Promotion-Stalled,0,1.5431034186000925,-0.4169833900617999
20,0,Travel_Rarely,1141,Sales,2,3,Medical,3,Female,31,3,1,Sales Representative,3,Single,2783,13251,1,No,19,3,1,0,2,3,3,2,2,2,2,1.0,1.0,1.5,1.0,0.5,High,1,🟠 Promotion-Stalled,0,0.3305523687967305,-0.32335348103472833
34,0,Travel_Rarely,1130,Research & Development,3,3,Life Sciences,4,Female,66,3,2,Research Scientist,2,Divorced,5433,19332,1,No,12,3,3,1,11,2,3,11,8,7,9,0.6363636363636364,0.7272727272727273,0.1818181818181818,0.8181818181818182,0.1818181818181818,High,1,🟠 Promotion-Stalled,0,2.1792115443037336,0.3703389068148433
36,0,Travel_Rarely,311,Research & Development,7,3,Life Sciences,1,Male,77,3,1,Laboratory Technician,2,Single,2013,10950,2,No,11,3,3,0,15,4,3,4,3,1,3,0.25,0.75,1.0,0.75,0.0666666666666666,Medium,1,🟠 Promotion-Stalled,0,-0.000806826837949318,-0.6724255592923655
49,0,Travel_Rarely,465,Research & Development,6,1,Life Sciences,3,Female,41,2,4,Healthcare Representative,3,Married,13966,11652,2,Yes,19,3,2,1,30,3,3,15,11,2,12,0.1333333333333333,0.7333333333333333,0.2,0.8,0.1333333333333333,Medium,1,🟠 Promotion-Stalled,0,1.8831431751420935,0.12012640360217781
36,0,Non-Travel,894,Research & Development,1,4,Medical,4,Female,33,2,2,Manufacturing Director,3,Married,4374,15411,0,No,15,3,3,0,4,6,3,3,2,1,2,0.3333333333333333,0.6666666666666666,2.0,0.6666666666666666,0.5,Medium,1,🟠 Promotion-Stalled,0,-1.2532476011538392,0.9647254558340282
36,0,Travel_Rarely,1040,Research & Development,3,2,Life Sciences,4,Male,79,4,2,Healthcare Representative,1,Divorced,6842,26308,6,No,20,4,1,1,13,3,3,5,4,0,4,0.0,0.8,0.6,0.8,0.1538461538461538,Medium,1,🟠 Promotion-Stalled,0,0.16053442142196137,-1.2297700057106535
54,0,Travel_Rarely,584,Research & Development,22,5,Medical,2,Female,91,3,4,Manager,3,Married,17426,18685,3,No,25,4,3,1,36,6,3,10,8,4,7,0.4,0.8,0.6,0.7,0.1111111111111111,Medium,1,🟠 Promotion-Stalled,0,1.5371645401398175,1.5505609871729646
43,0,Travel_Rarely,1291,Research & Development,15,2,Life Sciences,3,Male,65,2,4,Research Director,3,Married,17603,3525,1,No,24,4,1,1,14,3,3,14,10,6,11,0.4285714285714285,0.7142857142857143,0.2142857142857142,0.7857142857142857,0.2857142857142857,Medium,1,🟠 Promotion-Stalled,0,2.1689061783596744,1.07160520731205
35,1,Travel_Frequently,880,Sales,12,4,Other,4,Male,36,3,2,Sales Executive,4,Single,4581,10414,3,Yes,24,4,1,0,13,2,4,11,9,6,7,0.5454545454545454,0.8181818181818182,0.1818181818181818,0.6363636363636364,0.1538461538461538,Medium,1,🟠 Promotion-Stalled,0,1.996731760516984,0.12462404730126844
38,0,Travel_Frequently,1189,Research & Development,1,3,Life Sciences,4,Male,90,3,2,Research Scientist,4,Married,4735,9867,7,No,15,3,4,2,19,4,4,13,11,2,9,0.1538461538461538,0.8461538461538461,0.3076923076923077,0.6923076923076923,0.1052631578947368,Medium,1,🟠 Promotion-Stalled,0,1.4592875282706848,-0.19314196911256723
29,0,Travel_Rarely,991,Sales,5,3,Medical,1,Male,43,2,2,Sales Executive,2,Divorced,4187,3356,1,Yes,13,3,2,1,10,3,2,10,0,0,9,0.0,0.0,0.3,0.9,0.2,Low,1,🟠 Promotion-Stalled,0,-1.0290861553193669,-0.7879329840406626
33,0,Travel_Rarely,392,Sales,2,4,Medical,4,Male,93,3,2,Sales Executive,4,Divorced,5505,3921,1,No,14,3,3,2,6,5,3,6,2,0,4,0.0,0.3333333333333333,0.8333333333333334,0.6666666666666666,0.3333333333333333,Low,1,🟠 Promotion-Stalled,0,-1.2169579466088165,0.06408428668103319
32,0,Travel_Rarely,977,Research & Development,2,3,Medical,4,Male,45,3,2,Research Scientist,2,Divorced,5470,25518,0,No,13,3,3,2,10,4,2,9,5,1,6,0.1111111111111111,0.5555555555555556,0.4444444444444444,0.6666666666666666,0.2,Medium,1,🟠 Promotion-Stalled,0,0.0459388931425905,-0.22209007335081446
31,0,Travel_Rarely,1112,Sales,5,4,Life Sciences,1,Female,67,3,2,Sales Executive,4,Married,5476,22589,1,No,11,3,1,2,10,2,3,10,0,0,2,0.0,0.0,0.2,0.2,0.2,Low,0,🚀 Fast-Track Performers,0,-1.5756665221602941,-0.33879417031798365
49,0,Travel_Rarely,464,Research & Development,16,3,Medical,4,Female,74,3,1,Laboratory Technician,1,Divorced,2587,24941,4,Yes,16,3,2,1,17,2,2,2,2,2,2,1.0,1.0,1.0,1.0,0.0588235294117647,High,1,🟠 Promotion-Stalled,0,1.2812751731172762,-0.9864019797772805
38,0,Travel_Frequently,148,Research & Development,2,3,Medical,4,Female,42,2,1,Laboratory Technician,2,Single,2440,23826,1,No,22,4,2,0,4,3,3,4,3,3,3,0.75,0.75,0.75,0.75,0.25,High,1,🟠 Promotion-Stalled,0,0.48474904483589215,-0.27208708618605587
47,0,Travel_Rarely,1225,Sales,2,4,Life Sciences,2,Female,47,4,4,Manager,2,Divorced,15972,21086,6,No,14,3,3,3,29,2,3,3,2,1,2,0.3333333333333333,0.6666666666666666,0.6666666666666666,0.6666666666666666,0.1379310344827586,Medium,1,🟠 Promotion-Stalled,0,0.5539808422813368,-0.08708934178444319
49,0,Travel_Rarely,809,Research & Development,1,3,Life Sciences,3,Male,36,3,4,Manager,3,Single,15379,22384,4,No,14,3,1,0,23,2,3,8,7,0,0,0.0,0.875,0.25,0.0,0.1739130434782608,Medium,1,🟠 Promotion-Stalled,0,0.47129257897552634,0.06824236827588928
41,0,Travel_Rarely,1206,Sales,23,2,Life Sciences,4,Male,80,3,3,Sales Executive,3,Single,7082,11591,3,Yes,16,3,4,0,21,2,3,2,0,0,2,0.0,0.0,1.0,1.0,0.1428571428571428,Low,1,🟠 Promotion-Stalled,0,-0.8672772102801585,-0.7086396048410101
20,0,Travel_Rarely,727,Sales,9,1,Life Sciences,4,Male,54,3,1,Sales Representative,1,Single,2728,21082,1,No,11,3,1,0,2,3,3,2,2,0,2,0.0,1.0,1.5,1.0,0.5,Medium,1,🟠 Promotion-Stalled,0,-0.6789327940370234,-1.4762382110207362
33,0,Non-Travel,530,Sales,16,3,Life Sciences,3,Female,36,3,2,Sales Executive,4,Divorced,5368,16130,1,Yes,25,4,3,1,7,2,3,6,5,1,2,0.1666666666666666,0.8333333333333334,0.3333333333333333,0.3333333333333333,0.2857142857142857,Medium,1,🟠 Promotion-Stalled,0,0.080990836572407,-0.7563713297469169
36,0,Travel_Rarely,1351,Research & Development,26,4,Life Sciences,1,Male,80,3,2,Healthcare Representative,3,Married,5347,7419,6,No,14,3,2,2,10,2,2,3,2,0,2,0.0,0.6666666666666666,0.6666666666666666,0.6666666666666666,0.2,Medium,1,🟠 Promotion-Stalled,0,-0.33669934052717504,-1.2280027327290663
44,0,Travel_Rarely,528,Human Resources,1,3,Life Sciences,3,Female,44,3,1,Human Resources,4,Divorced,3195,4167,4,Yes,18,3,1,3,8,2,3,2,2,2,2,1.0,1.0,1.0,1.0,0.125,High,1,🟠 Promotion-Stalled,0,1.1707777794699223,-0.9702204784322402
23,1,Travel_Rarely,1320,Research & Development,8,1,Medical,4,Male,93,2,1,Laboratory Technician,3,Single,3989,20586,1,Yes,11,3,1,0,5,2,3,5,4,1,2,0.2,0.8,0.4,0.4,0.2,Medium,1,🟠 Promotion-Stalled,0,0.0032037387918151176,-1.0303412833698136
38,0,Travel_Rarely,1495,Research & Development,4,2,Medical,4,Female,87,3,1,Laboratory Technician,3,Married,3306,26176,7,No,19,3,4,1,7,5,2,0,0,0,0,0.0,0.0,5.0,0.0,0.1428571428571428,Low,0,🚀 Fast-Track Performers,1,-4.128086008182388,1.6291612781399125
53,0,Travel_Rarely,1395,Research & Development,24,4,Medical,2,Male,48,4,3,Healthcare Representative,4,Married,7005,3458,3,No,15,3,3,0,11,2,3,4,3,1,2,0.25,0.75,0.5,0.5,0.2727272727272727,Medium,1,🟠 Promotion-Stalled,0,0.19727490303271306,-0.35176274212467123
48,1,Travel_Frequently,708,Sales,7,2,Medical,4,Female,95,3,1,Sales Representative,3,Married,2655,11740,2,Yes,11,3,3,2,19,3,3,9,7,7,7,0.7777777777777778,0.7777777777777778,0.3333333333333333,0.7777777777777778,0.0526315789473684,High,1,🟠 Promotion-Stalled,0,2.0439658833921457,0.3846760056964726
32,1,Travel_Rarely,1259,Research & Development,2,4,Life Sciences,4,Male,95,3,1,Laboratory Technician,2,Single,1393,24852,1,No,12,3,1,0,1,2,3,1,0,0,0,0.0,0.0,2.0,0.0,1.0,Low,0,🚀 Fast-Track Performers,1,-3.8836939662884005,0.48872110745670666
26,0,Non-Travel,786,Research & Development,7,3,Medical,4,Male,76,3,1,Laboratory Technician,4,Single,2570,11925,1,No,20,4,3,0,7,5,3,7,7,5,7,0.7142857142857143,1.0,0.7142857142857143,1.0,0.1428571428571428,High,1,🟠 Promotion-Stalled,0,1.719895886922339,0.22689341162159374
55,0,Travel_Rarely,1441,Research & Development,22,3,Technical Degree,1,Male,94,2,1,Research Scientist,2,Divorced,3537,23737,5,No,12,3,4,1,8,1,3,4,2,1,2,0.25,0.5,0.25,0.5,0.125,Medium,1,🟠 Promotion-Stalled,0,-0.1941612848108273,-1.3063838506696783
34,0,Travel_Rarely,1157,Research & Development,5,2,Medical,2,Male,57,2,2,Laboratory Technician,4,Married,3986,11912,1,No,14,3,3,1,15,3,4,15,10,4,13,0.2666666666666666,0.6666666666666666,0.2,0.8666666666666667,0.1333333333333333,Medium,1,🟠 Promotion-Stalled,0,1.7185718393700862,-0.13605551474799402
60,0,Travel_Rarely,370,Research & Development,1,4,Medical,3,Male,92,1,3,Healthcare Representative,4,Divorced,10883,20467,3,No,20,4,3,1,19,2,4,1,0,0,0,0.0,0.0,2.0,0.0,0.1578947368421052,Low,0,🚀 Fast-Track Performers,1,-2.293661447872807,0.6061461066710693
33,0,Travel_Rarely,267,Research & Development,21,3,Medical,2,Male,79,4,1,Laboratory Technician,2,Married,2028,13637,1,No,18,3,4,3,14,6,3,14,11,2,13,0.1428571428571428,0.7857142857142857,0.4285714285714285,0.9285714285714286,0.0714285714285714,Medium,1,🟠 Promotion-Stalled,0,1.228059825107232,-0.18922690671685327
37,0,Travel_Frequently,1278,Sales,1,4,Medical,3,Male,31,1,2,Sales Executive,4,Divorced,9525,7677,1,No,14,3,3,2,6,2,2,6,3,1,3,0.1666666666666666,0.5,0.3333333333333333,0.5,0.3333333333333333,Medium,1,🟠 Promotion-Stalled,0,-0.3720058953360288,-0.5731653407884595
34,0,Travel_Rarely,678,Research & Development,19,3,Life Sciences,2,Female,35,2,1,Research Scientist,4,Married,2929,20338,1,No,12,3,2,0,10,3,3,10,9,8,7,0.8,0.9,0.3,0.7,0.1,High,1,🟠 Promotion-Stalled,0,2.4198134193315415,0.627265777613673
23,1,Travel_Rarely,427,Sales,7,3,Life Sciences,3,Male,99,3,1,Sales Representative,4,Divorced,2275,25103,1,Yes,21,4,2,1,3,2,3,3,2,0,2,0.0,0.6666666666666666,0.6666666666666666,0.6666666666666666,0.3333333333333333,Medium,1,🟠 Promotion-Stalled,0,-0.7826228632886301,-1.5839868470706218
44,0,Travel_Rarely,921,Research & Development,2,3,Life Sciences,3,Female,96,4,3,Healthcare Representative,4,Married,7879,14810,1,Yes,19,3,2,1,9,2,3,8,7,6,7,0.75,0.875,0.25,0.875,0.3333333333333333,High,1,🟠 Promotion-Stalled,0,2.165767488581442,0.4754528930345793
35,0,Travel_Frequently,146,Research & Development,2,4,Medical,1,Male,79,2,1,Research Scientist,4,Single,4930,13970,0,Yes,14,3,3,0,6,2,4,5,4,1,4,0.2,0.8,0.4,0.8,0.1666666666666666,Medium,1,🟠 Promotion-Stalled,0,0.421254283533701,-1.5132375091989803
43,0,Travel_Rarely,1179,Sales,2,3,Medical,4,Male,73,3,2,Sales Executive,4,Married,7847,6069,1,Yes,17,3,1,1,10,3,3,10,9,8,8,0.8,0.9,0.3,0.8,0.2,High,1,🟠 Promotion-Stalled,0,2.5404168617808045,0.8761517368537167
24,0,Travel_Rarely,581,Research & Development,9,3,Medical,3,Male,62,4,1,Research Scientist,3,Married,4401,17616,1,No,16,3,4,1,5,1,3,5,3,0,4,0.0,0.6,0.2,0.8,0.2,Medium,1,🟠 Promotion-Stalled,0,-0.10782792285537143,-2.0833338030449875
41,0,Travel_Rarely,918,Sales,6,3,Marketing,4,Male,35,3,3,Sales Executive,3,Single,9241,15869,1,No,12,3,2,0,10,3,3,10,8,8,7,0.8,0.8,0.3,0.7,0.3,High,1,🟠 Promotion-Stalled,0,2.29893897645415,1.502202027695991
29,0,Travel_Rarely,1082,Research & Development,9,4,Medical,4,Female,43,3,1,Laboratory Technician,3,Married,2974,25412,9,No,17,3,3,1,9,2,3,5,3,1,2,0.2,0.6,0.4,0.4,0.1111111111111111,Medium,1,🟠 Promotion-Stalled,0,-0.25310928917510417,-1.020872620076915
36,0,Travel_Rarely,530,Sales,2,4,Life Sciences,3,Female,51,3,2,Sales Representative,4,Single,4502,7439,3,No,15,3,3,0,17,2,2,13,7,6,7,0.4615384615384615,0.5384615384615384,0.1538461538461538,0.5384615384615384,0.1176470588235294,Medium,1,🟠 Promotion-Stalled,0,1.3978926894068007,0.38858448249564953
45,0,Non-Travel,1238,Research & Development,1,1,Life Sciences,3,Male,74,2,3,Healthcare Representative,3,Married,10748,3395,3,No,23,4,4,1,25,3,2,23,15,14,4,0.6086956521739131,0.6521739130434783,0.1304347826086956,0.1739130434782608,0.12,High,1,🟠 Promotion-Stalled,0,3.2614485973539384,2.955135440773056
24,1,Travel_Rarely,240,Human Resources,22,1,Human Resources,4,Male,58,1,1,Human Resources,3,Married,1555,11585,1,No,11,3,3,1,1,2,3,1,0,0,0,0.0,0.0,2.0,0.0,1.0,Low,0,🚀 Fast-Track Performers,1,-3.877026295412682,0.5002424279261097
47,1,Travel_Frequently,1093,Sales,9,3,Life Sciences,3,Male,82,1,4,Sales Executive,3,Married,12936,24164,7,No,11,3,3,0,25,3,1,23,5,14,10,0.6086956521739131,0.217391304347826,0.1304347826086956,0.4347826086956521,0.16,Medium,1,🟠 Promotion-Stalled,0,2.034485776500937,3.195965536178831
26,0,Travel_Rarely,390,Research & Development,17,4,Medical,4,Male,62,1,1,Laboratory Technician,3,Married,2305,6217,1,No,15,3,3,3,3,3,4,3,2,0,2,0.0,0.6666666666666666,1.0,0.6666666666666666,0.3333333333333333,Medium,1,🟠 Promotion-Stalled,0,-0.9581140705468133,-1.1254941807273582
45,0,Travel_Rarely,1005,Research & Development,28,2,Technical Degree,4,Female,48,2,4,Research Director,2,Single,16704,17119,1,No,11,3,3,0,21,2,3,21,6,8,6,0.3809523809523809,0.2857142857142857,0.0952380952380952,0.2857142857142857,0.1904761904761904,Medium,1,🟠 Promotion-Stalled,0,1.2589238862527803,1.8658077430550661
32,0,Travel_Frequently,585,Research & Development,10,3,Life Sciences,1,Male,56,3,1,Research Scientist,3,Married,3433,17360,6,No,13,3,1,1,10,3,2,5,2,1,3,0.2,0.4,0.6,0.6,0.1,Low,1,🟠 Promotion-Stalled,0,-0.5239014669446885,-0.7124157422871418
31,0,Travel_Rarely,741,Research & Development,2,4,Life Sciences,2,Male,69,3,1,Laboratory Technician,3,Married,3477,18103,1,No,14,3,4,1,6,2,4,5,2,0,3,0.0,0.4,0.4,0.6,0.1666666666666666,Low,1,🟠 Promotion-Stalled,0,-0.7484408574130597,-1.3825162113446878
41,0,Non-Travel,552,Human Resources,4,3,Human Resources,3,Male,60,1,2,Human Resources,2,Married,6430,20794,6,No,19,3,2,1,10,4,3,3,2,1,2,0.3333333333333333,0.6666666666666666,1.3333333333333333,0.6666666666666666,0.2,Medium,1,🟠 Promotion-Stalled,0,-0.40845585103690174,-0.037905424784045474
40,0,Travel_Rarely,369,Research & Development,8,2,Life Sciences,2,Female,92,3,2,Manufacturing Director,1,Married,6516,5041,2,Yes,16,3,2,1,18,3,3,1,0,0,0,0.0,0.0,3.0,0.0,0.1111111111111111,Low,0,🚀 Fast-Track Performers,1,-2.887187506117848,0.8465160089140035
24,0,Travel_Rarely,506,Research & Development,29,1,Medical,2,Male,91,3,1,Laboratory Technician,1,Divorced,3907,3622,1,No,13,3,2,3,6,2,4,6,2,1,2,0.1666666666666666,0.3333333333333333,0.3333333333333333,0.3333333333333333,0.1666666666666666,Low,1,🟠 Promotion-Stalled,0,-0.7955282829632891,-0.7328123368067213
46,0,Travel_Rarely,717,Research & Development,13,4,Life Sciences,3,Male,34,3,2,Healthcare Representative,2,Single,5562,9697,6,No,14,3,4,0,19,3,3,10,7,0,9,0.0,0.7,0.3,0.9,0.1052631578947368,Medium,1,🟠 Promotion-Stalled,0,0.7427532256202907,-1.1892524338166588
35,0,Travel_Rarely,1370,Research & Development,27,4,Life Sciences,4,Male,49,3,2,Manufacturing Director,3,Married,6883,5151,2,No,16,3,2,1,17,3,3,7,7,0,7,0.0,1.0,0.4285714285714285,1.0,0.1176470588235294,Medium,1,🟠 Promotion-Stalled,0,1.094304104790147,-1.526889200255799
30,0,Travel_Rarely,793,Research & Development,16,1,Life Sciences,2,Male,33,3,1,Research Scientist,4,Married,2862,3811,1,No,12,3,2,1,10,2,2,10,0,0,8,0.0,0.0,0.2,0.8,0.1,Low,1,🟠 Promotion-Stalled,0,-1.0553288139170394,-1.4068141600609159
47,0,Non-Travel,543,Sales,2,4,Marketing,3,Male,87,3,2,Sales Executive,2,Married,4978,3536,7,No,11,3,4,1,4,3,1,1,0,0,0,0.0,0.0,3.0,0.0,0.5,Low,0,🚀 Fast-Track Performers,1,-3.4248261480658777,1.13462497826239
46,0,Travel_Rarely,1277,Sales,2,3,Life Sciences,3,Male,74,3,3,Sales Executive,4,Divorced,10368,5596,4,Yes,12,3,2,1,13,5,2,10,6,0,3,0.0,0.6,0.5,0.3,0.2307692307692307,Medium,1,🟠 Promotion-Stalled,0,-0.28463014069066833,0.6008903827798839
36,1,Travel_Rarely,1456,Sales,13,5,Marketing,2,Male,96,2,2,Sales Executive,1,Divorced,6134,8658,5,Yes,13,3,2,3,16,3,3,2,2,2,2,1.0,1.0,1.5,1.0,0.125,High,1,🟠 Promotion-Stalled,0,1.1246296398282971,-0.12213144379914215
32,1,Travel_Rarely,964,Sales,1,2,Life Sciences,1,Male,34,1,2,Sales Executive,2,Single,6735,12147,6,No,15,3,2,0,10,2,3,0,0,0,0,0.0,0.0,2.0,0.0,0.2,Low,0,🚀 Fast-Track Performers,1,-2.525629444295635,0.33434510224473774
23,0,Travel_Rarely,160,Research & Development,4,1,Medical,3,Female,51,3,1,Laboratory Technician,2,Single,3295,12862,1,No,13,3,3,0,3,3,1,3,2,1,2,0.3333333333333333,0.6666666666666666,1.0,0.6666666666666666,0.3333333333333333,Medium,1,🟠 Promotion-Stalled,0,-0.5522024199015216,-0.6334771165502041
31,0,Travel_Frequently,163,Research & Development,24,1,Technical Degree,4,Female,30,3,2,Manufacturing Director,4,Single,5238,6670,2,No,20,4,4,0,9,3,2,5,4,1,4,0.2,0.8,0.6,0.8,0.2222222222222222,Medium,1,🟠 Promotion-Stalled,0,0.341649605701407,-0.8431102726745836
39,0,Non-Travel,792,Research & Development,1,3,Life Sciences,4,Male,77,3,2,Laboratory Technician,4,Married,6472,8989,1,Yes,15,3,4,1,9,2,3,9,8,5,8,0.5555555555555556,0.8888888888888888,0.2222222222222222,0.8888888888888888,0.2222222222222222,Medium,1,🟠 Promotion-Stalled,0,2.037194357070005,-0.23802888235160632
32,0,Travel_Rarely,371,Sales,19,3,Life Sciences,4,Male,80,1,3,Sales Executive,3,Married,9610,3840,3,No,13,3,3,1,10,2,1,4,3,0,2,0.0,0.75,0.5,0.5,0.3,Medium,1,🟠 Promotion-Stalled,0,-0.15259012869628558,-0.7047528115456441
40,0,Travel_Rarely,611,Sales,7,4,Medical,2,Male,88,3,5,Manager,2,Single,19833,4349,1,No,14,3,2,0,21,3,2,21,8,12,8,0.5714285714285714,0.3809523809523809,0.1428571428571428,0.3809523809523809,0.238095238095238,Medium,1,🟠 Promotion-Stalled,0,2.33401949367191,3.2362421727457527
45,0,Travel_Rarely,176,Human Resources,4,3,Life Sciences,3,Female,56,1,3,Human Resources,3,Married,9756,6595,4,No,21,4,3,2,9,2,4,5,0,0,3,0.0,0.0,0.4,0.6,0.3333333333333333,Low,1,🟠 Promotion-Stalled,0,-1.326478471361576,-0.3930845350125409
30,0,Travel_Frequently,1312,Research & Development,2,4,Technical Degree,4,Female,78,2,1,Research Scientist,1,Single,4968,26427,0,No,16,3,4,0,10,2,3,9,7,0,7,0.0,0.7777777777777778,0.2222222222222222,0.7777777777777778,0.1,Medium,1,🟠 Promotion-Stalled,0,0.614387219466843,-1.8215387411414323
24,0,Travel_Frequently,897,Human Resources,10,3,Medical,1,Male,59,3,1,Human Resources,4,Married,2145,2097,0,No,14,3,4,1,3,2,3,2,2,2,1,1.0,1.0,1.0,0.5,0.3333333333333333,High,1,🟠 Promotion-Stalled,0,0.40517708926437057,-0.26493313731355794
30,1,Travel_Frequently,600,Human Resources,8,3,Human Resources,3,Female,66,2,1,Human Resources,4,Divorced,2180,9732,6,No,11,3,3,1,6,0,2,4,2,1,2,0.25,0.5,0.0,0.5,0.1666666666666666,Medium,1,🟠 Promotion-Stalled,0,-0.0669102614426203,-1.6361538741825987
31,0,Travel_Rarely,1003,Sales,5,3,Technical Degree,1,Male,51,3,2,Sales Executive,3,Married,8346,20943,1,No,19,3,3,1,6,3,3,5,2,0,2,0.0,0.4,0.6,0.4,0.3333333333333333,Low,1,🟠 Promotion-Stalled,0,-1.1790704850191926,-0.42072237586864814
27,0,Travel_Rarely,1054,Research & Development,8,3,Medical,3,Female,67,3,1,Research Scientist,4,Single,3445,6152,1,No,11,3,3,0,6,5,2,6,2,1,4,0.1666666666666666,0.3333333333333333,0.8333333333333334,0.6666666666666666,0.1666666666666666,Low,1,🟠 Promotion-Stalled,0,-0.901997439150305,-0.03908153504718367
29,1,Travel_Rarely,428,Sales,9,3,Marketing,2,Female,52,1,1,Sales Representative,2,Single,2760,14630,1,No,13,3,3,0,2,3,3,2,2,2,2,1.0,1.0,1.5,1.0,0.5,High,1,🟠 Promotion-Stalled,0,0.37055839405104174,-0.25422555821830917
29,0,Travel_Frequently,461,Research & Development,1,3,Life Sciences,4,Male,70,4,2,Healthcare Representative,3,Single,6294,23060,8,Yes,12,3,4,0,10,5,4,3,2,0,2,0.0,0.6666666666666666,1.6666666666666667,0.6666666666666666,0.2,Medium,1,🟠 Promotion-Stalled,0,-0.9698556963132209,-0.03686586120972587
30,0,Travel_Rarely,979,Sales,15,2,Marketing,3,Male,94,2,3,Sales Executive,1,Divorced,7140,3088,2,No,11,3,1,1,12,2,3,7,7,1,7,0.1428571428571428,1.0,0.2857142857142857,1.0,0.25,Medium,1,🟠 Promotion-Stalled,0,1.5090924645971566,-1.078917281202713
34,0,Travel_Rarely,181,Research & Development,2,4,Medical,4,Male,97,4,1,Research Scientist,4,Married,2932,5586,0,Yes,14,3,1,3,6,3,3,5,0,1,2,0.2,0.0,0.6,0.4,0.1666666666666666,Low,1,🟠 Promotion-Stalled,0,-1.5166393054928797,-0.20756922908377118
33,0,Non-Travel,1283,Sales,2,3,Marketing,4,Female,62,3,2,Sales Executive,2,Single,5147,10697,8,No,15,3,4,0,13,2,2,11,7,1,7,0.0909090909090909,0.6363636363636364,0.1818181818181818,0.6363636363636364,0.1538461538461538,Medium,1,🟠 Promotion-Stalled,0,0.655654502092947,-0.9196816183572333
49,0,Travel_Rarely,1313,Sales,11,4,Marketing,4,Female,80,3,2,Sales Executive,4,Single,4507,8191,3,No,12,3,3,0,8,1,4,5,1,0,4,0.0,0.2,0.2,0.8,0.25,Low,1,🟠 Promotion-Stalled,0,-0.644714343306723,-1.3906825656774482
33,1,Travel_Rarely,211,Sales,16,3,Life Sciences,1,Female,74,3,3,Sales Executive,1,Single,8564,10092,2,Yes,20,4,3,0,11,2,2,0,0,0,0,0.0,0.0,2.0,0.0,0.2727272727272727,Low,0,🚀 Fast-Track Performers,1,-2.4622616272392466,0.6742096900918432
38,0,Travel_Frequently,594,Research & Development,2,2,Medical,3,Female,75,2,1,Laboratory Technician,2,Married,2468,15963,4,No,14,3,2,1,9,4,2,6,1,0,5,0.0,0.1666666666666666,0.6666666666666666,0.8333333333333334,0.1111111111111111,Low,1,🟠 Promotion-Stalled,0,-1.0932976168336959,-0.8397700137384804
31,1,Travel_Rarely,1079,Sales,16,4,Marketing,1,Male,70,3,3,Sales Executive,3,Married,8161,19002,2,No,13,3,1,3,10,2,3,1,0,0,0,0.0,0.0,2.0,0.0,0.3,Low,0,🚀 Fast-Track Performers,1,-2.455630473708746,0.7710240344400993
29,0,Travel_Rarely,590,Research & Development,4,3,Technical Degree,4,Female,91,2,1,Research Scientist,1,Divorced,2109,10007,1,No,13,3,3,1,1,2,3,1,0,0,0,0.0,0.0,2.0,0.0,1.0,Low,0,🚀 Fast-Track Performers,1,-3.890361637164119,0.4771997869873034
30,0,Travel_Rarely,305,Research & Development,16,3,Life Sciences,3,Male,58,4,2,Healthcare Representative,3,Married,5294,9128,3,No,16,3,3,1,10,3,3,7,0,1,7,0.1428571428571428,0.0,0.4285714285714285,1.0,0.2,Low,1,🟠 Promotion-Stalled,0,-0.7699580624218353,-0.6000887149525177
32,0,Non-Travel,953,Research & Development,5,4,Technical Degree,2,Male,65,3,1,Research Scientist,2,Single,2718,17674,2,No,14,3,2,0,12,3,3,7,7,0,7,0.0,1.0,0.4285714285714285,1.0,0.0833333333333333,Medium,1,🟠 Promotion-Stalled,0,0.954533484713148,-1.8785492574918037
38,0,Travel_Rarely,833,Research & Development,18,3,Medical,2,Male,60,1,2,Healthcare Representative,4,Married,5811,24539,3,Yes,16,3,3,1,15,2,3,1,0,1,0,1.0,0.0,2.0,0.0,0.1333333333333333,Medium,0,🚀 Fast-Track Performers,0,-1.4864912113750635,1.3664964080568092
43,1,Travel_Frequently,807,Research & Development,17,3,Technical Degree,3,Male,38,2,1,Research Scientist,3,Married,2437,15587,9,Yes,16,3,4,1,6,4,3,1,0,0,0,0.0,0.0,4.0,0.0,0.1666666666666666,Low,0,🚀 Fast-Track Performers,1,-3.6576413521622424,1.1014591469112642
42,0,Travel_Rarely,855,Research & Development,12,3,Medical,2,Male,57,3,1,Laboratory Technician,2,Divorced,2766,8952,8,No,22,4,2,3,7,6,2,5,3,0,4,0.0,0.6,1.2,0.8,0.1428571428571428,Medium,1,🟠 Promotion-Stalled,0,-0.8715192638216264,-0.42652148271299173
55,0,Travel_Rarely,478,Research & Development,2,3,Medical,3,Male,60,2,5,Research Director,1,Married,19038,19805,8,No,12,3,2,3,34,2,3,1,0,0,0,0.0,0.0,2.0,0.0,0.1470588235294117,Low,0,🚀 Fast-Track Performers,1,-1.817437935050567,1.4006225119087643
33,0,Non-Travel,775,Research & Development,4,3,Technical Degree,4,Male,90,3,2,Research Scientist,2,Divorced,3055,6194,5,No,15,3,4,2,11,2,2,9,8,1,7,0.1111111111111111,0.8888888888888888,0.2222222222222222,0.7777777777777778,0.1818181818181818,Medium,1,🟠 Promotion-Stalled,0,1.1585883189737773,-1.1998757586148387
41,0,Travel_Rarely,548,Research & Development,9,4,Life Sciences,3,Male,94,3,1,Laboratory Technician,1,Divorced,2289,20520,1,No,20,4,2,2,5,2,3,5,3,0,4,0.0,0.6,0.4,0.8,0.2,Medium,1,🟠 Promotion-Stalled,0,-0.29601540163758006,-1.7774570891810402
34,0,Non-Travel,1375,Sales,10,3,Life Sciences,4,Male,87,3,2,Sales Executive,3,Divorced,4001,12313,1,Yes,14,3,3,1,15,3,3,15,14,0,7,0.0,0.9333333333333332,0.2,0.4666666666666667,0.1333333333333333,Medium,1,🟠 Promotion-Stalled,0,1.4343648127224844,-0.6798000962474323
53,0,Non-Travel,661,Research & Development,1,4,Medical,1,Female,60,2,4,Manufacturing Director,3,Married,12965,22308,4,Yes,20,4,4,3,27,2,2,3,2,0,2,0.0,0.6666666666666666,0.6666666666666666,0.6666666666666666,0.1481481481481481,Medium,1,🟠 Promotion-Stalled,0,0.10639747046284924,-0.6191357964237387
43,0,Travel_Rarely,244,Human Resources,2,3,Life Sciences,2,Male,97,3,1,Human Resources,4,Single,3539,5033,0,No,13,3,2,0,10,5,3,9,7,1,8,0.1111111111111111,0.7777777777777778,0.5555555555555556,0.8888888888888888,0.1,Medium,1,🟠 Promotion-Stalled,0,0.5733479415732012,-0.6607060848721185
34,0,Travel_Rarely,511,Sales,3,2,Life Sciences,4,Female,32,1,2,Sales Executive,4,Single,6029,25353,5,No,12,3,1,0,6,3,3,2,2,2,2,1.0,1.0,1.5,1.0,0.3333333333333333,High,1,🟠 Promotion-Stalled,0,0.8254167769576105,0.01287328756385243
21,1,Travel_Rarely,337,Sales,7,1,Marketing,2,Male,31,3,1,Sales Representative,2,Single,2679,4567,1,No,13,3,2,0,1,3,3,1,0,1,0,1.0,0.0,3.0,0.0,1.0,Medium,0,🚀 Fast-Track Performers,1,-3.4278369228449725,2.136765587207995
38,0,Travel_Rarely,1153,Research & Development,6,2,Other,4,Female,40,2,1,Laboratory Technician,3,Married,3702,16376,1,No,11,3,2,1,5,3,3,5,4,0,4,0.0,0.8,0.6,0.8,0.2,Medium,1,🟠 Promotion-Stalled,0,-0.050707128591040075,-1.4530860506387682
22,1,Travel_Rarely,1294,Research & Development,8,1,Medical,3,Female,79,3,1,Laboratory Technician,1,Married,2398,15999,1,Yes,17,3,3,0,1,6,3,1,0,0,0,0.0,0.0,6.0,0.0,1.0,Low,0,🚀 Fast-Track Performers,1,-5.858629995380168,2.7366284349227623
31,0,Travel_Rarely,196,Sales,29,4,Marketing,1,Female,91,2,2,Sales Executive,4,Married,5468,13402,1,No,14,3,1,2,13,3,3,12,7,5,7,0.4166666666666667,0.5833333333333334,0.25,0.5833333333333334,0.1538461538461538,Medium,1,🟠 Promotion-Stalled,0,1.17383850188646,0.4555847862780591
51,0,Travel_Rarely,942,Research & Development,3,3,Technical Degree,1,Female,53,3,3,Manager,3,Married,13116,22984,2,No,11,3,4,0,15,2,3,2,2,2,2,1.0,1.0,1.0,1.0,0.2,High,1,🟠 Promotion-Stalled,0,1.5143070535186989,-0.13638869916946192
37,0,Travel_Rarely,589,Sales,9,2,Marketing,2,Male,46,2,2,Sales Executive,2,Married,4189,8800,1,No,14,3,1,2,5,2,3,5,2,0,3,0.0,0.4,0.4,0.6,0.4,Low,1,🟠 Promotion-Stalled,0,-0.8875407701753071,-0.8898505371162341
46,0,Travel_Rarely,734,Research & Development,2,4,Medical,3,Male,46,3,5,Research Director,4,Divorced,19328,14218,7,Yes,17,3,3,1,24,3,3,2,1,2,2,1.0,0.5,1.5,1.0,0.2083333333333333,Medium,1,🟠 Promotion-Stalled,0,0.9014065777952941,1.3264097637516192
36,0,Travel_Rarely,1383,Research & Development,10,3,Life Sciences,4,Male,90,3,3,Healthcare Representative,1,Married,8321,25949,7,Yes,13,3,4,1,15,1,3,12,8,5,7,0.4166666666666667,0.6666666666666666,0.0833333333333333,0.5833333333333334,0.2,Medium,1,🟠 Promotion-Stalled,0,1.760228625901411,0.17663036419768674
44,1,Travel_Frequently,429,Research & Development,1,2,Medical,3,Male,99,3,1,Research Scientist,2,Divorced,2342,11092,1,Yes,12,3,3,3,6,2,2,5,3,2,3,0.4,0.6,0.4,0.6,0.1666666666666666,Medium,1,🟠 Promotion-Stalled,0,0.17472400292905962,-0.7984927231647336
37,0,Travel_Rarely,1239,Human Resources,8,2,Other,3,Male,89,3,2,Human Resources,2,Divorced,4071,12832,2,No,13,3,3,0,19,4,2,10,0,4,7,0.4,0.0,0.4,0.7,0.1052631578947368,Medium,1,🟠 Promotion-Stalled,0,-0.41276052885092895,0.71011159449147
35,1,Travel_Rarely,303,Sales,27,3,Life Sciences,3,Male,84,3,2,Sales Executive,4,Single,5813,13492,1,Yes,18,3,4,0,10,2,3,10,7,7,7,0.7,0.7,0.2,0.7,0.2,High,1,🟠 Promotion-Stalled,0,1.890894518712957,0.48919163613645716
33,0,Travel_Rarely,867,Research & Development,8,4,Life Sciences,4,Male,90,4,1,Research Scientist,1,Married,3143,6076,6,No,19,3,2,1,14,1,3,10,8,7,6,0.7,0.8,0.1,0.6,0.0714285714285714,High,1,🟠 Promotion-Stalled,0,2.127467549254506,-0.21733071617150285
28,0,Travel_Rarely,1181,Research & Development,1,3,Life Sciences,3,Male,82,3,1,Research Scientist,4,Married,2044,5531,1,No,11,3,3,1,5,6,4,5,3,0,3,0.0,0.6,1.2,0.6,0.2,Medium,1,🟠 Promotion-Stalled,0,-1.076629880858259,-0.05162976265118024
39,0,Travel_Rarely,1253,Research & Development,10,1,Medical,3,Male,65,3,3,Research Director,3,Single,13464,7914,7,No,21,4,3,0,9,3,3,4,3,2,2,0.5,0.75,0.75,0.5,0.3333333333333333,Medium,1,🟠 Promotion-Stalled,0,0.2096838214185846,0.37321761944757276
46,0,Non-Travel,849,Sales,26,2,Life Sciences,2,Male,98,2,2,Sales Executive,2,Single,7991,25166,8,No,15,3,3,0,6,3,3,2,2,2,2,1.0,1.0,1.5,1.0,0.3333333333333333,High,1,🟠 Promotion-Stalled,0,0.8054137643304549,-0.02169067384435715
40,0,Travel_Rarely,616,Research & Development,2,2,Life Sciences,3,Female,99,3,1,Laboratory Technician,1,Married,3377,25605,4,No,17,3,4,1,7,5,2,4,3,0,2,0.0,0.75,1.25,0.5,0.1428571428571428,Medium,1,🟠 Promotion-Stalled,0,-0.9007904431089175,-0.4547442957837035
42,0,Travel_Rarely,1128,Research & Development,13,3,Medical,2,Male,95,4,2,Healthcare Representative,1,Married,5538,5696,5,No,18,3,3,2,10,2,2,0,0,0,0,0.0,0.0,2.0,0.0,0.2,Low,0,🚀 Fast-Track Performers,1,-2.5456324569227906,0.2997811408365281
35,0,Non-Travel,1180,Research & Development,2,2,Medical,2,Male,90,3,2,Manufacturing Director,4,Divorced,5762,24442,2,No,14,3,3,1,15,6,3,7,7,1,7,0.1428571428571428,1.0,0.8571428571428571,1.0,0.1333333333333333,Medium,1,🟠 Promotion-Stalled,0,0.9033669771166264,-0.19326721997607033
38,0,Non-Travel,1336,Human Resources,2,3,Human Resources,1,Male,100,3,1,Human Resources,2,Divorced,2592,7129,5,No,13,3,4,3,13,3,3,11,10,3,8,0.2727272727272727,0.9090909090909092,0.2727272727272727,0.7272727272727273,0.0769230769230769,Medium,1,🟠 Promotion-Stalled,0,1.6026831725050437,-0.7015779632206341
34,1,Travel_Frequently,234,Research & Development,9,4,Life Sciences,4,Male,93,3,2,Laboratory Technician,1,Married,5346,6208,4,No,17,3,3,1,11,3,2,7,1,0,7,0.0,0.1428571428571428,0.4285714285714285,1.0,0.1818181818181818,Low,1,🟠 Promotion-Stalled,0,-0.7013712221154973,-0.9993722506290948
37,1,Travel_Rarely,370,Research & Development,10,4,Medical,4,Male,58,3,2,Manufacturing Director,1,Single,4213,4992,1,No,15,3,2,0,10,4,1,10,3,0,8,0.0,0.3,0.4,0.8,0.2,Low,1,🟠 Promotion-Stalled,0,-0.5581260307727881,-0.5229129631150002
39,0,Travel_Frequently,766,Sales,20,3,Life Sciences,3,Male,83,3,2,Sales Executive,4,Divorced,4127,19188,2,No,18,3,4,1,7,6,3,2,1,2,2,1.0,0.5,3.0,1.0,0.2857142857142857,Medium,1,🟠 Promotion-Stalled,0,-0.6782510550206716,1.606015482878007
43,0,Non-Travel,343,Research & Development,9,3,Life Sciences,1,Male,52,3,1,Research Scientist,3,Single,2438,24978,4,No,13,3,3,0,7,2,2,3,2,1,2,0.3333333333333333,0.6666666666666666,0.6666666666666666,0.6666666666666666,0.1428571428571428,Medium,1,🟠 Promotion-Stalled,0,-0.057042985106599796,-1.1357409786083323
41,0,Travel_Rarely,447,Research & Development,5,3,Life Sciences,2,Male,85,4,2,Healthcare Representative,2,Single,6870,15530,3,No,12,3,1,0,11,3,1,3,2,1,2,0.3333333333333333,0.6666666666666666,1.0,0.6666666666666666,0.1818181818181818,Medium,1,🟠 Promotion-Stalled,0,-0.11958989399469135,-0.35739765906669035
41,0,Travel_Rarely,796,Sales,4,1,Marketing,3,Female,81,3,3,Sales Executive,3,Divorced,10447,26458,0,Yes,13,3,4,1,23,3,4,22,14,13,5,0.5909090909090909,0.6363636363636364,0.1363636363636363,0.2272727272727272,0.1304347826086956,Medium,1,🟠 Promotion-Stalled,0,3.0932006912964187,2.820035001572059
30,0,Travel_Rarely,1092,Research & Development,10,3,Medical,1,Female,64,3,3,Manufacturing Director,3,Single,9667,2739,9,No,14,3,2,0,9,3,3,7,7,0,2,0.0,1.0,0.4285714285714285,0.2857142857142857,0.3333333333333333,Medium,1,🟠 Promotion-Stalled,0,0.29960535719631354,-0.2563283015821196
26,1,Travel_Rarely,920,Human Resources,20,2,Medical,4,Female,69,3,1,Human Resources,2,Married,2148,6889,0,Yes,11,3,3,0,6,3,3,5,1,1,4,0.2,0.2,0.6,0.8,0.1666666666666666,Low,1,🟠 Promotion-Stalled,0,-0.7607075904517001,-0.7328630277774607
46,1,Travel_Rarely,261,Research & Development,21,2,Medical,4,Female,66,3,2,Healthcare Representative,2,Married,8926,10842,4,No,22,4,4,1,13,2,4,9,7,3,7,0.3333333333333333,0.7777777777777778,0.2222222222222222,0.7777777777777778,0.1538461538461538,Medium,1,🟠 Promotion-Stalled,0,1.3211902284867034,-0.7116763223902179
40,0,Travel_Rarely,1194,Research & Development,1,3,Life Sciences,3,Female,52,3,2,Healthcare Representative,4,Divorced,6513,9060,4,No,17,3,4,1,12,3,3,5,3,0,3,0.0,0.6,0.6,0.6,0.1666666666666666,Medium,1,🟠 Promotion-Stalled,0,-0.37965834984141605,-0.8420367644076227
34,0,Travel_Rarely,810,Sales,8,2,Technical Degree,2,Male,92,4,2,Sales Executive,3,Married,6799,22128,1,No,21,4,3,2,10,5,3,10,8,4,8,0.4,0.8,0.5,0.8,0.2,Medium,1,🟠 Promotion-Stalled,0,1.2446632611903081,0.5095503517378213
58,0,Non-Travel,350,Sales,2,3,Medical,2,Male,52,3,4,Manager,2,Divorced,16291,22577,4,No,22,4,4,1,37,0,2,16,9,14,14,0.875,0.5625,0.0,0.875,0.1081081081081081,Medium,1,🟠 Promotion-Stalled,0,3.8568398698985265,1.7432413624665468
35,0,Travel_Rarely,185,Research & Development,23,4,Medical,2,Male,91,1,1,Laboratory Technician,3,Married,2705,9696,0,No,16,3,2,1,6,2,4,5,4,0,3,0.0,0.8,0.4,0.6,0.1666666666666666,Medium,1,🟠 Promotion-Stalled,0,-0.06814413827568182,-1.6681245351313276
47,0,Travel_Rarely,1001,Research & Development,4,3,Life Sciences,3,Female,92,2,3,Manufacturing Director,2,Divorced,10333,19271,8,Yes,12,3,3,1,28,4,3,22,11,14,10,0.6363636363636364,0.5,0.1818181818181818,0.4545454545454545,0.1071428571428571,Medium,1,🟠 Promotion-Stalled,0,2.890644283987793,3.0927568127775813
40,0,Travel_Rarely,750,Research & Development,12,3,Life Sciences,2,Female,47,3,2,Healthcare Representative,1,Divorced,4448,10748,2,No,12,3,2,1,15,3,3,7,4,7,7,1.0,0.5714285714285714,0.4285714285714285,1.0,0.1333333333333333,Medium,1,🟠 Promotion-Stalled,0,1.887887343080527,0.8333901987916255
54,0,Travel_Rarely,431,Research & Development,7,4,Medical,4,Female,68,3,2,Research Scientist,4,Married,6854,15696,4,No,15,3,2,1,14,2,2,7,1,1,7,0.1428571428571428,0.1428571428571428,0.2857142857142857,1.0,0.1428571428571428,Low,1,🟠 Promotion-Stalled,0,-0.2585444238924938,-1.0418698330973062
31,0,Travel_Frequently,1125,Sales,7,4,Marketing,1,Female,68,3,3,Sales Executive,1,Married,9637,8277,2,No,14,3,4,2,9,3,3,3,2,2,2,0.6666666666666666,0.6666666666666666,1.0,0.6666666666666666,0.3333333333333333,High,1,🟠 Promotion-Stalled,0,0.24067878818406702,0.5327044942740033
28,0,Travel_Rarely,1217,Research & Development,1,3,Medical,3,Female,67,3,1,Research Scientist,1,Married,3591,12719,1,No,25,4,3,1,3,3,3,3,2,1,2,0.3333333333333333,0.6666666666666666,1.0,0.6666666666666666,0.3333333333333333,Medium,1,🟠 Promotion-Stalled,0,-0.6322144704101442,-0.7717329621830424
38,0,Travel_Rarely,723,Sales,2,4,Marketing,2,Female,77,1,2,Sales Representative,4,Married,5405,4244,2,Yes,20,4,1,2,20,4,2,4,2,0,3,0.0,0.5,1.0,0.75,0.1,Medium,1,🟠 Promotion-Stalled,0,-0.632551491358485,-0.62110122681733
26,0,Travel_Rarely,572,Sales,10,3,Medical,3,Male,46,3,2,Sales Executive,4,Single,4684,9125,1,No,13,3,1,0,5,4,3,5,3,1,2,0.2,0.6,0.8,0.4,0.4,Medium,1,🟠 Promotion-Stalled,0,-0.7701402513255209,0.254731237083896
58,0,Travel_Frequently,1216,Research & Development,15,4,Life Sciences,1,Male,87,3,4,Research Director,3,Married,15787,21624,2,Yes,14,3,2,0,23,3,3,2,2,2,2,1.0,1.0,1.5,1.0,0.1739130434782608,High,1,🟠 Promotion-Stalled,0,1.4531191093578317,0.6040675011269521
18,0,Non-Travel,1431,Research & Development,14,3,Medical,2,Female,33,3,1,Research Scientist,3,Single,1514,8018,1,No,16,3,3,0,0,4,1,0,0,0,0,0.0,0.0,4.0,0.0,0.0,Low,0,🚀 Fast-Track Performers,1,-3.4129369251651185,1.002672418196391
31,1,Travel_Rarely,359,Human Resources,18,5,Human Resources,4,Male,89,4,1,Human Resources,1,Married,2956,21495,0,No,17,3,3,0,2,4,3,1,0,0,0,0.0,0.0,4.0,0.0,0.5,Low,0,🚀 Fast-Track Performers,1,-4.153717877032209,1.2875112838716074
29,1,Travel_Rarely,350,Human Resources,13,3,Human Resources,1,Male,56,2,1,Human Resources,1,Divorced,2335,3157,4,Yes,15,3,4,3,4,3,3,2,2,2,0,1.0,1.0,1.5,0.0,0.25,High,1,🟠 Promotion-Stalled,0,-0.24850198712875077,0.6459890044655308
45,0,Non-Travel,589,Sales,2,4,Life Sciences,3,Female,67,3,2,Sales Executive,3,Married,5154,19665,4,No,22,4,2,2,10,3,4,8,7,5,7,0.625,0.875,0.375,0.875,0.2,High,1,🟠 Promotion-Stalled,0,1.7878588193210936,0.06138535104116592
36,0,Travel_Rarely,430,Research & Development,2,4,Other,4,Female,73,3,2,Research Scientist,2,Married,6962,19573,4,Yes,22,4,4,1,15,2,3,1,0,0,0,0.0,0.0,2.0,0.0,0.1333333333333333,Low,0,🚀 Fast-Track Performers,1,-2.4744213696268154,0.21418116747296614
43,0,Travel_Frequently,1422,Sales,2,4,Life Sciences,1,Male,92,3,2,Sales Executive,4,Married,5675,19246,1,No,20,4,3,1,7,5,3,7,7,7,7,1.0,1.0,0.7142857142857143,1.0,0.2857142857142857,High,1,🟠 Promotion-Stalled,0,2.181446524258477,1.252902054150625
27,0,Travel_Frequently,1297,Research & Development,5,2,Life Sciences,4,Female,53,3,1,Laboratory Technician,4,Single,2379,19826,0,Yes,14,3,3,0,6,3,2,5,4,0,2,0.0,0.8,0.6,0.4,0.1666666666666666,Medium,1,🟠 Promotion-Stalled,0,-0.4108819277883874,-1.0788324391119701
29,0,Travel_Frequently,574,Research & Development,20,1,Medical,4,Male,40,3,1,Laboratory Technician,4,Married,3812,7003,1,No,13,3,2,0,11,3,4,11,8,3,10,0.2727272727272727,0.7272727272727273,0.2727272727272727,0.9090909090909092,0.0909090909090909,Medium,1,🟠 Promotion-Stalled,0,1.311089863236136,-0.807971100038252
32,0,Travel_Frequently,1318,Sales,10,4,Marketing,4,Male,79,3,2,Sales Executive,4,Single,4648,26075,8,No,13,3,3,0,4,2,4,0,0,0,0,0.0,0.0,2.0,0.0,0.5,Low,0,🚀 Fast-Track Performers,1,-2.9527620711390212,0.5352038548703156
42,0,Non-Travel,355,Research & Development,10,4,Technical Degree,3,Male,38,3,1,Research Scientist,3,Married,2936,6161,3,No,22,4,2,2,10,1,2,6,3,3,3,0.5,0.5,0.1666666666666666,0.5,0.1,Medium,1,🟠 Promotion-Stalled,0,0.3692530421274309,-0.8697704883552207
47,0,Travel_Rarely,207,Research & Development,9,4,Life Sciences,2,Female,64,3,1,Laboratory Technician,3,Single,2105,5411,4,No,12,3,3,0,7,2,3,2,2,2,0,1.0,1.0,1.0,0.0,0.1428571428571428,High,1,🟠 Promotion-Stalled,0,0.21178379333621447,0.18092903344144282
46,0,Travel_Rarely,706,Research & Development,2,2,Life Sciences,4,Male,82,3,3,Manufacturing Director,4,Divorced,8578,19989,3,No,14,3,3,1,12,4,2,9,8,4,7,0.4444444444444444,0.8888888888888888,0.4444444444444444,0.7777777777777778,0.25,Medium,1,🟠 Promotion-Stalled,0,1.6399573467145876,0.6531866048269873
28,0,Non-Travel,280,Human Resources,1,2,Life Sciences,3,Male,43,3,1,Human Resources,4,Divorced,2706,10494,1,No,15,3,2,1,3,2,3,3,2,2,2,0.6666666666666666,0.6666666666666666,0.6666666666666666,0.6666666666666666,0.3333333333333333,High,1,🟠 Promotion-Stalled,0,0.042535779753390277,-0.5769100777775075
29,0,Travel_Rarely,726,Research & Development,29,1,Life Sciences,4,Male,93,1,2,Healthcare Representative,3,Divorced,6384,21143,8,No,17,3,4,2,11,3,3,7,0,1,6,0.1428571428571428,0.0,0.4285714285714285,0.8571428571428571,0.1818181818181818,Low,1,🟠 Promotion-Stalled,0,-0.8888995163155878,-0.4693242985071211
42,0,Travel_Rarely,1142,Research & Development,8,3,Life Sciences,4,Male,81,3,1,Laboratory Technician,3,Single,3968,13624,4,No,13,3,4,0,8,3,3,0,0,0,0,0.0,0.0,3.0,0.0,0.125,Low,0,🚀 Fast-Track Performers,1,-3.091062814107512,0.5349479436874877
32,1,Travel_Rarely,414,Sales,2,4,Marketing,3,Male,82,2,2,Sales Executive,2,Single,9907,26186,7,Yes,12,3,3,0,7,3,2,2,2,2,2,1.0,1.0,1.5,1.0,0.2857142857142857,High,1,🟠 Promotion-Stalled,0,0.8953323275282173,-0.015351492068968468
46,0,Travel_Rarely,1319,Sales,3,3,Technical Degree,1,Female,45,4,4,Sales Executive,1,Divorced,13225,7739,2,No,12,3,4,1,25,5,3,19,17,2,8,0.1052631578947368,0.8947368421052632,0.2631578947368421,0.4210526315789473,0.16,Medium,1,🟠 Promotion-Stalled,0,2.2232737831106824,1.2869398682228408
27,0,Travel_Rarely,728,Sales,23,1,Medical,2,Female,36,2,2,Sales Representative,3,Married,3540,7018,1,No,21,4,4,1,9,5,3,9,8,5,8,0.5555555555555556,0.8888888888888888,0.5555555555555556,0.8888888888888888,0.2222222222222222,Medium,1,🟠 Promotion-Stalled,0,1.62059882044401,0.6739236864860852
29,0,Travel_Rarely,352,Human Resources,6,1,Medical,4,Male,87,2,1,Human Resources,2,Married,2804,15434,1,No,11,3,4,0,1,3,3,1,0,0,0,0.0,0.0,3.0,0.0,1.0,Low,0,🚀 Fast-Track Performers,1,-4.362425714090976,1.0766209103793778
43,0,Travel_Rarely,823,Research & Development,6,3,Medical,1,Female,81,2,5,Manager,3,Married,19392,22539,7,No,13,3,4,0,21,2,3,16,12,6,14,0.375,0.75,0.125,0.875,0.238095238095238,Medium,1,🟠 Promotion-Stalled,0,2.95796963478301,1.100601434165201
48,0,Travel_Rarely,1224,Research & Development,10,3,Life Sciences,4,Male,91,2,5,Research Director,2,Married,19665,13583,4,No,12,3,4,0,29,3,3,22,10,12,9,0.5454545454545454,0.4545454545454545,0.1363636363636363,0.4090909090909091,0.1724137931034483,Medium,1,🟠 Promotion-Stalled,0,2.7782057994299367,3.1748265721467366
29,1,Travel_Frequently,459,Research & Development,24,2,Life Sciences,4,Male,73,2,1,Research Scientist,4,Single,2439,14753,1,Yes,24,4,2,0,1,3,2,1,0,1,0,1.0,0.0,3.0,0.0,1.0,Medium,0,🚀 Fast-Track Performers,1,-3.5011813024778764,2.01003106204456
46,1,Travel_Rarely,1254,Sales,10,3,Life Sciences,3,Female,64,3,3,Sales Executive,2,Married,7314,14011,5,No,21,4,3,3,14,2,3,8,7,0,7,0.0,0.875,0.25,0.875,0.2142857142857142,Medium,1,🟠 Promotion-Stalled,0,1.0130403400876185,-1.2803490591743465
27,0,Travel_Frequently,1131,Research & Development,15,3,Life Sciences,4,Female,77,2,1,Research Scientist,1,Married,4774,23844,0,No,19,3,4,1,8,2,2,7,6,7,3,1.0,0.8571428571428571,0.2857142857142857,0.4285714285714285,0.125,High,1,🟠 Promotion-Stalled,0,1.7973996293541268,0.5027540894492273
39,0,Travel_Rarely,835,Research & Development,19,4,Other,4,Male,41,3,2,Research Scientist,4,Divorced,3902,5141,8,No,14,3,2,3,7,2,3,2,2,2,2,1.0,1.0,1.0,1.0,0.2857142857142857,High,1,🟠 Promotion-Stalled,0,1.1649697648307245,-0.47451231126622534
55,0,Travel_Rarely,836,Research & Development,2,4,Technical Degree,2,Male,98,2,1,Research Scientist,4,Married,2662,7975,8,No,20,4,2,1,19,2,4,5,2,0,4,0.0,0.4,0.4,0.8,0.0526315789473684,Low,1,🟠 Promotion-Stalled,0,-0.42646120189505665,-1.7335225131471168
28,0,Travel_Rarely,1172,Sales,3,3,Medical,2,Female,78,3,1,Sales Representative,2,Married,2856,3692,1,No,19,3,4,1,1,3,3,1,0,0,0,0.0,0.0,3.0,0.0,1.0,Low,0,🚀 Fast-Track Performers,1,-4.415767081096724,0.9844503466241523
30,1,Travel_Rarely,945,Sales,9,3,Medical,2,Male,89,3,1,Sales Representative,4,Single,1081,16019,1,No,13,3,3,0,1,3,2,1,0,0,0,0.0,0.0,3.0,0.0,1.0,Low,0,🚀 Fast-Track Performers,1,-4.375761055842412,1.0535782694405713
22,1,Travel_Rarely,391,Research & Development,7,1,Life Sciences,4,Male,75,3,1,Research Scientist,2,Single,2472,26092,1,Yes,23,4,1,0,1,2,3,1,0,0,0,0.0,0.0,2.0,0.0,1.0,Low,0,🚀 Fast-Track Performers,1,-3.9570383459213048,0.36198658229327146
36,0,Travel_Rarely,1266,Sales,10,4,Technical Degree,2,Female,63,2,2,Sales Executive,3,Married,5673,6060,1,Yes,13,3,1,1,10,4,3,10,9,1,7,0.1,0.9,0.4,0.7,0.2,Medium,1,🟠 Promotion-Stalled,0,0.9613459167336129,-0.42470868776877413
31,0,Travel_Rarely,311,Research & Development,20,3,Life Sciences,2,Male,89,3,2,Laboratory Technician,3,Divorced,4197,18624,1,No,11,3,1,1,10,2,3,10,8,0,2,0.0,0.8,0.2,0.2,0.2,Medium,1,🟠 Promotion-Stalled,0,0.29794708222606425,-0.720103510871646
34,0,Travel_Rarely,1480,Sales,4,3,Life Sciences,3,Male,64,3,3,Sales Executive,4,Married,9713,24444,2,Yes,13,3,4,3,9,3,3,5,3,1,0,0.2,0.6,0.6,0.0,0.3333333333333333,Medium,1,🟠 Promotion-Stalled,0,-0.6963680721832272,0.6461937225620006
29,0,Travel_Rarely,592,Research & Development,7,3,Life Sciences,4,Male,59,3,1,Laboratory Technician,1,Single,2062,19384,3,No,14,3,2,0,11,2,3,3,2,1,2,0.3333333333333333,0.6666666666666666,0.6666666666666666,0.6666666666666666,0.0909090909090909,Medium,1,🟠 Promotion-Stalled,0,0.01256085373107093,-1.1780529677680853
37,0,Travel_Rarely,783,Research & Development,7,4,Medical,4,Male,78,3,2,Research Scientist,1,Married,4284,13588,5,Yes,22,4,3,1,16,2,3,5,3,0,4,0.0,0.6,0.4,0.8,0.125,Medium,1,🟠 Promotion-Stalled,0,0.004252533793414934,-1.4905895040139079
35,0,Travel_Rarely,219,Research & Development,16,2,Other,4,Female,44,2,2,Manufacturing Director,2,Married,4788,25388,0,Yes,11,3,4,0,4,2,3,3,2,0,2,0.0,0.6666666666666666,0.6666666666666666,0.6666666666666666,0.5,Medium,1,🟠 Promotion-Stalled,0,-0.7571642964948425,-1.0156226596340852
45,0,Travel_Rarely,556,Research & Development,25,2,Life Sciences,2,Female,93,2,2,Manufacturing Director,4,Married,5906,23888,0,No,13,3,4,2,10,2,2,9,8,3,8,0.3333333333333333,0.8888888888888888,0.2222222222222222,0.8888888888888888,0.2,Medium,1,🟠 Promotion-Stalled,0,1.6682362207024068,-0.7566313886987606
36,0,Travel_Frequently,1213,Human Resources,2,1,Human Resources,2,Male,94,2,2,Human Resources,4,Single,3886,4223,1,No,21,4,4,0,10,2,2,10,1,0,8,0.0,0.1,0.2,0.8,0.2,Low,1,🟠 Promotion-Stalled,0,-0.8244725224147599,-1.1445334205981967
40,0,Travel_Rarely,1137,Research & Development,1,4,Life Sciences,1,Male,98,3,4,Manager,1,Divorced,16823,18991,2,No,11,3,1,1,22,3,3,19,7,11,16,0.5789473684210527,0.3684210526315789,0.1578947368421052,0.8421052631578947,0.1818181818181818,Medium,1,🟠 Promotion-Stalled,0,2.4313382287530616,2.212789603970225
26,0,Travel_Rarely,482,Research & Development,1,2,Life Sciences,2,Female,90,2,1,Research Scientist,3,Married,2933,14908,1,Yes,13,3,3,1,1,3,2,1,0,1,0,1.0,0.0,3.0,0.0,1.0,Medium,0,🚀 Fast-Track Performers,1,-3.4278369228449725,2.136765587207995
27,0,Travel_Rarely,511,Sales,2,2,Medical,1,Female,89,4,2,Sales Executive,3,Single,6500,26997,0,No,14,3,2,0,9,5,2,8,7,0,7,0.0,0.875,0.625,0.875,0.2222222222222222,Medium,1,🟠 Promotion-Stalled,0,0.45111676141510804,-0.5565910896403399
48,0,Travel_Frequently,117,Research & Development,22,3,Medical,4,Female,58,3,4,Manager,4,Divorced,17174,2437,3,No,11,3,2,1,24,3,3,22,17,4,7,0.1818181818181818,0.7727272727272727,0.1363636363636363,0.3181818181818182,0.1666666666666666,Medium,1,🟠 Promotion-Stalled,0,2.488684318046484,1.2816391035667647
44,0,Travel_Rarely,170,Research & Development,1,4,Life Sciences,2,Male,78,4,2,Healthcare Representative,1,Married,5033,9364,2,No,15,3,4,1,10,5,3,2,0,2,2,1.0,0.0,2.5,1.0,0.2,Medium,1,🟠 Promotion-Stalled,0,-0.9340862924452249,1.535797025676732
34,1,Non-Travel,967,Research & Development,16,4,Technical Degree,4,Male,85,1,1,Research Scientist,1,Married,2307,14460,1,Yes,23,4,2,1,5,2,3,5,2,3,0,0.6,0.4,0.4,0.0,0.2,Medium,1,🟠 Promotion-Stalled,0,-0.5965395564289641,0.21480716118822837
56,1,Travel_Rarely,1162,Research & Development,24,2,Life Sciences,1,Male,97,3,1,Laboratory Technician,4,Single,2587,10261,1,No,16,3,4,0,5,3,3,4,2,1,0,0.25,0.5,0.75,0.0,0.2,Medium,1,🟠 Promotion-Stalled,0,-1.1808587189079667,-0.040320403956036546
36,0,Travel_Rarely,335,Sales,17,2,Marketing,3,Male,33,2,2,Sales Executive,2,Married,5507,16822,2,No,16,3,3,2,12,1,1,4,2,1,3,0.25,0.5,0.25,0.75,0.1666666666666666,Medium,1,🟠 Promotion-Stalled,0,0.16467362995175416,-1.2412675205146804
41,0,Travel_Rarely,337,Sales,8,3,Marketing,3,Female,54,3,2,Sales Executive,2,Married,4393,26841,5,No,21,4,3,1,14,3,3,5,4,1,4,0.2,0.8,0.6,0.8,0.1428571428571428,Medium,1,🟠 Promotion-Stalled,0,0.45150785244336655,-0.9016728925320215
42,0,Travel_Rarely,1396,Research & Development,6,3,Medical,3,Male,83,3,3,Research Director,1,Married,13348,14842,9,No,13,3,2,1,18,3,4,13,7,5,7,0.3846153846153846,0.5384615384615384,0.2307692307692307,0.5384615384615384,0.1666666666666666,Medium,1,🟠 Promotion-Stalled,0,1.2520727345959533,0.8797439855003233
31,0,Travel_Rarely,1079,Sales,10,2,Medical,3,Female,86,3,2,Sales Executive,4,Divorced,6583,20115,2,Yes,11,3,4,1,8,2,3,5,2,1,4,0.2,0.4,0.4,0.8,0.25,Low,1,🟠 Promotion-Stalled,0,-0.171240693192794,-0.8123502465578694
34,0,Travel_Rarely,735,Sales,3,1,Medical,4,Female,75,2,2,Sales Executive,4,Married,8103,16495,3,Yes,12,3,3,0,9,3,2,4,2,0,1,0.0,0.5,0.75,0.25,0.2222222222222222,Medium,1,🟠 Promotion-Stalled,0,-1.063291418204212,-0.2867564398180947
31,0,Travel_Rarely,471,Research & Development,4,3,Medical,1,Female,62,4,1,Laboratory Technician,3,Divorced,3978,16031,8,No,12,3,2,1,4,0,2,2,2,2,2,1.0,1.0,0.0,1.0,0.25,High,1,🟠 Promotion-Stalled,0,1.5932010425842789,-1.6992388655965671
26,0,Travel_Frequently,1096,Research & Development,6,3,Other,3,Male,61,4,1,Laboratory Technician,4,Married,2544,7102,0,No,18,3,1,1,8,3,3,7,7,7,7,1.0,1.0,0.4285714285714285,1.0,0.125,High,1,🟠 Promotion-Stalled,0,2.5040252085108032,0.15445731641958207
45,0,Travel_Frequently,1297,Research & Development,1,4,Medical,2,Male,44,3,2,Healthcare Representative,3,Single,5399,14511,4,No,12,3,3,0,12,3,3,4,2,0,3,0.0,0.5,0.75,0.75,0.1666666666666666,Medium,1,🟠 Promotion-Stalled,0,-0.49533243590981674,-0.855403997737197
33,0,Travel_Rarely,217,Sales,10,4,Marketing,2,Male,43,3,2,Sales Executive,3,Single,5487,10410,1,No,14,3,2,0,10,2,2,10,4,0,9,0.0,0.4,0.2,0.9,0.2,Low,1,🟠 Promotion-Stalled,0,0.022084443352558443,-1.3140189096894934
28,0,Travel_Frequently,783,Sales,1,2,Life Sciences,3,Male,42,2,2,Sales Executive,4,Married,6834,19255,1,Yes,12,3,3,1,7,2,3,7,7,0,7,0.0,1.0,0.2857142857142857,1.0,0.2857142857142857,Medium,1,🟠 Promotion-Stalled,0,1.012596343752641,-1.7171192957766008
29,1,Travel_Frequently,746,Sales,24,3,Technical Degree,3,Male,45,4,1,Sales Representative,1,Single,1091,10642,1,No,17,3,4,0,1,3,3,1,0,0,0,0.0,0.0,3.0,0.0,1.0,Low,0,🚀 Fast-Track Performers,1,-4.402431739345287,1.0074929875629586
39,0,Non-Travel,1251,Sales,21,4,Life Sciences,1,Female,32,1,2,Sales Executive,3,Married,5736,3987,6,No,19,3,3,1,10,1,3,3,2,1,2,0.3333333333333333,0.6666666666666666,0.3333333333333333,0.6666666666666666,0.2,Medium,1,🟠 Promotion-Stalled,0,0.23803584650058116,-1.2059996553645795
27,0,Travel_Rarely,1354,Research & Development,2,4,Technical Degree,2,Male,41,3,1,Research Scientist,2,Married,2226,6073,1,No,11,3,3,1,6,3,2,5,3,1,2,0.2,0.6,0.6,0.4,0.1666666666666666,Medium,1,🟠 Promotion-Stalled,0,-0.45618820153250184,-0.5668537919473116
34,0,Travel_Frequently,735,Research & Development,22,4,Other,3,Male,86,2,2,Research Scientist,4,Married,5747,26496,1,Yes,15,3,2,0,16,3,3,15,10,6,11,0.4,0.6666666666666666,0.2,0.7333333333333333,0.125,Medium,1,🟠 Promotion-Stalled,0,1.9353095243591922,0.43692066542628744
28,1,Travel_Rarely,1475,Sales,13,2,Marketing,4,Female,84,3,2,Sales Executive,3,Single,9854,23352,3,Yes,11,3,4,0,6,0,3,2,0,2,2,1.0,0.0,0.0,1.0,0.3333333333333333,Medium,1,🟠 Promotion-Stalled,0,0.31168474472967095,-0.5196792007660096
47,0,Non-Travel,1169,Research & Development,14,4,Technical Degree,3,Male,64,3,2,Research Scientist,2,Married,5467,2125,8,No,18,3,3,1,16,4,4,8,7,1,7,0.125,0.875,0.5,0.875,0.125,Medium,1,🟠 Promotion-Stalled,0,0.9173732401910555,-0.7141920196826214
56,0,Travel_Rarely,1443,Sales,11,5,Marketing,4,Female,89,2,2,Sales Executive,1,Married,5380,20328,4,No,16,3,3,1,6,3,3,0,0,0,0,0.0,0.0,3.0,0.0,0.3333333333333333,Low,0,🚀 Fast-Track Performers,1,-3.2134600754473466,0.9782316472005009
39,0,Travel_Rarely,867,Research & Development,9,2,Medical,1,Male,87,3,2,Manufacturing Director,1,Married,5151,12315,1,No,25,4,4,1,10,3,3,10,0,7,9,0.7,0.0,0.3,0.9,0.2,Medium,1,🟠 Promotion-Stalled,0,0.27833378737520725,0.8518105413986947
38,0,Travel_Frequently,1394,Research & Development,8,3,Medical,4,Female,58,2,2,Research Scientist,2,Divorced,2133,18115,1,Yes,16,3,3,1,20,3,3,20,11,0,7,0.0,0.55,0.15,0.35,0.1,Medium,1,🟠 Promotion-Stalled,0,0.5802714477834573,-0.3989514478144026
58,0,Travel_Rarely,605,Sales,21,3,Life Sciences,4,Female,72,3,4,Manager,4,Married,17875,11761,4,Yes,13,3,3,1,29,2,2,1,0,0,0,0.0,0.0,2.0,0.0,0.1379310344827586,Low,0,🚀 Fast-Track Performers,1,-2.014190228629541,1.0293267108898199
32,1,Travel_Frequently,238,Research & Development,5,2,Life Sciences,1,Female,47,4,1,Research Scientist,3,Single,2432,15318,3,Yes,14,3,1,0,8,2,3,4,1,0,3,0.0,0.25,0.5,0.75,0.125,Low,1,🟠 Promotion-Stalled,0,-0.8723416920963936,-1.4504031726921238
38,0,Travel_Rarely,1206,Research & Development,9,2,Life Sciences,2,Male,71,3,1,Research Scientist,4,Divorced,4771,14293,2,No,19,3,4,2,10,0,4,5,2,0,3,0.0,0.4,0.0,0.6,0.1,Low,1,🟠 Promotion-Stalled,0,-0.360863850434134,-2.1835614966607735
49,0,Travel_Frequently,1064,Research & Development,2,1,Life Sciences,2,Male,42,3,5,Research Director,4,Married,19161,13738,3,No,15,3,4,0,28,3,3,5,4,4,3,0.8,0.8,0.6,0.6,0.1785714285714285,High,1,🟠 Promotion-Stalled,0,1.6994999661055055,1.5043993694284956
42,0,Travel_Rarely,419,Sales,12,4,Marketing,2,Male,77,3,2,Sales Executive,4,Divorced,5087,2900,3,Yes,12,3,3,2,14,4,3,0,0,0,0,0.0,0.0,4.0,0.0,0.1428571428571428,Low,0,🚀 Fast-Track Performers,1,-3.3925266083403383,1.487796293000098
27,1,Travel_Frequently,1337,Human Resources,22,3,Human Resources,1,Female,58,2,1,Human Resources,2,Married,2863,19555,1,No,12,3,1,0,1,2,3,1,0,0,0,0.0,0.0,2.0,0.0,1.0,Low,0,🚀 Fast-Track Performers,1,-3.8836939662884005,0.48872110745670666
35,0,Travel_Rarely,682,Sales,18,4,Medical,2,Male,71,3,2,Sales Executive,1,Married,5561,15975,0,No,16,3,4,1,6,2,1,5,3,0,4,0.0,0.6,0.4,0.8,0.3333333333333333,Medium,1,🟠 Promotion-Stalled,0,-0.26162197469867876,-1.2979781703038975
28,0,Non-Travel,1103,Research & Development,16,3,Medical,3,Male,49,3,1,Research Scientist,3,Single,2144,2122,1,No,14,3,3,0,5,3,2,5,3,1,4,0.2,0.6,0.6,0.8,0.2,Medium,1,🟠 Promotion-Stalled,0,-0.13601942758946575,-1.010235326290529
31,0,Non-Travel,976,Research & Development,3,2,Medical,3,Male,48,3,1,Research Scientist,1,Divorced,3065,3995,1,Yes,13,3,4,1,4,3,4,4,2,2,3,0.5,0.5,0.75,0.75,0.25,Medium,1,🟠 Promotion-Stalled,0,-0.1815229435560109,-0.38750058503236917
36,0,Non-Travel,1351,Research & Development,9,4,Life Sciences,1,Male,66,4,1,Laboratory Technician,2,Married,2810,9238,1,No,22,4,2,0,5,3,3,5,4,0,2,0.0,0.8,0.6,0.4,0.2,Medium,1,🟠 Promotion-Stalled,0,-0.5131641801935607,-1.1512456571242211
34,0,Travel_Rarely,937,Sales,1,3,Marketing,1,Male,32,3,3,Sales Executive,4,Single,9888,6770,1,No,21,4,1,0,14,3,2,14,8,2,1,0.1428571428571428,0.5714285714285714,0.2142857142857142,0.0714285714285714,0.2142857142857142,Medium,1,🟠 Promotion-Stalled,0,0.2937840215803901,0.6116190485535344
34,0,Travel_Rarely,1239,Sales,13,4,Medical,4,Male,39,3,3,Sales Executive,3,Divorced,8628,22914,1,No,18,3,3,1,9,2,2,8,7,1,1,0.125,0.875,0.25,0.125,0.3333333333333333,Medium,1,🟠 Promotion-Stalled,0,0.34769833020670954,-0.09461228246485648
26,0,Travel_Rarely,157,Research & Development,1,3,Medical,3,Male,95,3,1,Laboratory Technician,1,Single,2867,20006,0,No,13,3,4,0,8,6,2,7,7,7,6,1.0,1.0,0.8571428571428571,0.8571428571428571,0.125,High,1,🟠 Promotion-Stalled,0,1.9832477849334498,1.3729231297951916
29,0,Travel_Rarely,136,Research & Development,1,3,Life Sciences,1,Male,89,3,2,Healthcare Representative,1,Married,5373,6225,0,No,12,3,1,1,6,5,2,5,3,0,2,0.0,0.6,1.0,0.4,0.3333333333333333,Medium,1,🟠 Promotion-Stalled,0,-1.1086143490034244,0.23256801747637765
32,0,Non-Travel,1146,Research & Development,15,4,Medical,3,Female,34,3,2,Healthcare Representative,4,Divorced,6667,16542,5,No,18,3,2,1,9,6,3,5,1,1,2,0.2,0.2,1.2,0.4,0.2222222222222222,Low,0,🚀 Fast-Track Performers,0,-1.559126201687998,1.0582417984386354
31,0,Travel_Frequently,1125,Research & Development,1,3,Life Sciences,4,Male,48,1,2,Research Scientist,1,Married,5003,5771,1,No,21,4,2,0,10,6,3,10,8,8,7,0.8,0.8,0.6,0.7,0.2,High,1,🟠 Promotion-Stalled,0,1.8191719076738377,1.9566036569225969
28,1,Travel_Rarely,1404,Research & Development,17,3,Technical Degree,3,Male,32,2,1,Laboratory Technician,4,Divorced,2367,18779,5,No,12,3,1,1,6,2,2,4,1,0,3,0.0,0.25,0.5,0.75,0.1666666666666666,Low,1,🟠 Promotion-Stalled,0,-0.9201824570942374,-1.4026638495745993
38,0,Travel_Rarely,1404,Sales,1,3,Life Sciences,1,Male,59,2,1,Sales Representative,1,Single,2858,11473,4,No,14,3,1,0,20,3,2,1,0,0,0,0.0,0.0,3.0,0.0,0.05,Low,0,🚀 Fast-Track Performers,1,-2.987613492834525,0.4789725952963915
35,0,Travel_Rarely,1224,Sales,7,4,Life Sciences,3,Female,55,3,2,Sales Executive,4,Married,5204,13586,1,Yes,11,3,4,0,10,2,3,10,8,0,9,0.0,0.8,0.2,0.9,0.2,Medium,1,🟠 Promotion-Stalled,0,0.9788942581728933,-1.470109618558115
27,0,Travel_Rarely,954,Sales,9,3,Marketing,4,Male,44,3,2,Sales Executive,4,Single,4105,5099,1,No,14,3,1,0,7,5,3,7,7,0,7,0.0,1.0,0.7142857142857143,1.0,0.2857142857142857,Medium,1,🟠 Promotion-Stalled,0,0.5841140354629776,-0.7323651966432358
32,0,Travel_Rarely,1373,Research & Development,5,4,Life Sciences,4,Male,56,2,2,Manufacturing Director,4,Single,9679,10138,8,No,24,4,2,0,8,1,3,1,0,0,0,0.0,0.0,1.0,0.0,0.25,Low,0,🚀 Fast-Track Performers,1,-2.1736503915979455,-0.3160892458186971
31,1,Travel_Frequently,754,Sales,26,4,Marketing,1,Male,63,3,2,Sales Executive,4,Married,5617,21075,1,Yes,11,3,3,0,10,4,3,10,7,0,8,0.0,0.7,0.4,0.8,0.2,Medium,1,🟠 Promotion-Stalled,0,0.4053514549232652,-0.6674823515142184
53,1,Travel_Rarely,1168,Sales,24,4,Life Sciences,1,Male,66,3,3,Sales Executive,1,Single,10448,5843,6,Yes,13,3,2,0,15,2,2,2,2,2,2,1.0,1.0,1.0,1.0,0.2,High,1,🟠 Promotion-Stalled,0,1.5009717117672616,-0.15943134010826832
54,0,Travel_Rarely,155,Research & Development,9,2,Life Sciences,1,Female,67,3,2,Research Scientist,3,Married,2897,22474,3,No,11,3,3,2,9,6,2,4,3,2,3,0.5,0.75,1.5,0.75,0.2222222222222222,Medium,1,🟠 Promotion-Stalled,0,-0.06607242793750463,0.8983135052801108
33,0,Travel_Frequently,1303,Research & Development,7,2,Life Sciences,4,Male,36,3,2,Healthcare Representative,3,Divorced,5968,18079,1,No,20,4,3,3,9,2,3,9,7,2,8,0.2222222222222222,0.7777777777777778,0.2222222222222222,0.8888888888888888,0.2222222222222222,Medium,1,🟠 Promotion-Stalled,0,1.1347604962433495,-1.0313911729981908
43,0,Travel_Rarely,574,Research & Development,11,3,Life Sciences,1,Male,30,3,3,Healthcare Representative,3,Married,7510,16873,1,No,17,3,2,1,10,1,3,10,9,0,9,0.0,0.9,0.1,0.9,0.3,Medium,1,🟠 Promotion-Stalled,0,1.3507850296567934,-1.4971748525897834
38,0,Travel_Frequently,1444,Human Resources,1,4,Other,4,Male,88,3,1,Human Resources,2,Married,2991,5224,0,Yes,11,3,2,1,7,2,3,6,2,1,2,0.1666666666666666,0.3333333333333333,0.3333333333333333,0.3333333333333333,0.1428571428571428,Low,1,🟠 Promotion-Stalled,0,-0.7472351659265487,-0.7238820856843252
55,0,Travel_Rarely,189,Human Resources,26,4,Human Resources,3,Male,71,4,5,Manager,2,Married,19636,25811,4,Yes,18,3,1,1,35,0,3,10,9,1,4,0.1,0.9,0.0,0.4,0.1428571428571428,Medium,1,🟠 Promotion-Stalled,0,1.8146564435815733,-0.42730081419418026
31,0,Travel_Rarely,1276,Research & Development,2,1,Medical,4,Female,59,1,1,Laboratory Technician,4,Divorced,1129,17536,1,Yes,11,3,3,3,1,4,3,1,0,0,0,0.0,0.0,4.0,0.0,1.0,Low,0,🚀 Fast-Track Performers,1,-4.84782513276927,1.652999392832646
39,0,Travel_Rarely,119,Sales,15,4,Marketing,2,Male,77,3,4,Sales Executive,1,Single,13341,25098,0,No,12,3,1,0,21,3,3,20,8,11,10,0.55,0.4,0.15,0.5,0.1904761904761904,Medium,1,🟠 Promotion-Stalled,0,2.215397120605658,2.5536094445405406
42,0,Non-Travel,335,Research & Development,23,2,Life Sciences,4,Male,37,2,2,Research Scientist,3,Single,4332,14811,1,No,12,3,4,0,20,2,3,20,9,3,7,0.15,0.45,0.1,0.35,0.1,Medium,1,🟠 Promotion-Stalled,0,0.8216023144273759,-0.027240079945727632
31,0,Non-Travel,697,Research & Development,10,3,Medical,3,Female,40,3,3,Research Director,3,Married,11031,26862,4,No,20,4,3,1,13,2,4,11,7,4,8,0.3636363636363636,0.6363636363636364,0.1818181818181818,0.7272727272727273,0.2307692307692307,Medium,1,🟠 Promotion-Stalled,0,1.3731915629054692,0.0621393568259164
54,0,Travel_Rarely,157,Research & Development,10,3,Medical,3,Female,77,3,2,Manufacturing Director,1,Single,4440,25198,6,Yes,19,3,4,0,9,3,3,5,2,1,4,0.2,0.4,0.6,0.8,0.2222222222222222,Low,1,🟠 Promotion-Stalled,0,-0.3453147843116894,-0.5690232693573469
24,0,Travel_Rarely,771,Research & Development,1,2,Life Sciences,2,Male,45,2,2,Healthcare Representative,3,Single,4617,14120,1,No,12,3,2,0,4,2,2,4,3,1,2,0.25,0.75,0.5,0.5,0.5,Medium,1,🟠 Promotion-Stalled,0,-0.31989622436993576,-0.5368538592238117
23,0,Travel_Rarely,571,Research & Development,12,2,Other,4,Male,78,3,1,Laboratory Technician,4,Single,2647,13672,1,No,13,3,3,0,5,6,4,5,2,1,4,0.2,0.4,1.2,0.8,0.2,Low,1,🟠 Promotion-Stalled,0,-0.9607181729961576,0.18845482282747095
40,0,Travel_Frequently,692,Research & Development,11,3,Technical Degree,4,Female,73,3,2,Laboratory Technician,3,Married,6323,26849,1,No,11,3,1,1,10,2,4,10,9,9,4,0.9,0.9,0.2,0.4,0.2,High,1,🟠 Promotion-Stalled,0,2.510546252877563,1.3039445535986924
40,0,Travel_Rarely,444,Sales,2,2,Marketing,2,Female,92,3,2,Sales Executive,2,Married,5677,4258,3,No,14,3,3,1,15,4,3,11,8,5,10,0.4545454545454545,0.7272727272727273,0.3636363636363636,0.9090909090909092,0.1333333333333333,Medium,1,🟠 Promotion-Stalled,0,1.7095323859641371,0.37262585338381965
25,0,Travel_Rarely,309,Human Resources,2,3,Human Resources,3,Female,82,3,1,Human Resources,2,Married,2187,19655,4,No,14,3,3,0,6,3,3,2,0,1,2,0.5,0.0,1.5,1.0,0.1666666666666666,Medium,1,🟠 Promotion-Stalled,0,-1.0474317280156704,-0.32156725701198896
30,0,Travel_Rarely,911,Research & Development,1,2,Medical,4,Male,76,3,1,Laboratory Technician,2,Married,3748,4077,1,No,13,3,3,0,12,6,2,12,8,1,7,0.0833333333333333,0.6666666666666666,0.5,0.5833333333333334,0.0833333333333333,Medium,1,🟠 Promotion-Stalled,0,0.21584609181030848,0.04034575202941671
25,0,Travel_Rarely,977,Research & Development,2,1,Other,4,Male,57,3,1,Laboratory Technician,3,Divorced,3977,7298,6,Yes,19,3,3,1,7,2,2,2,2,0,2,0.0,1.0,1.0,1.0,0.1428571428571428,Medium,1,🟠 Promotion-Stalled,0,0.07506524729072399,-2.216212800280569
47,0,Travel_Rarely,1180,Research & Development,25,3,Medical,1,Male,84,3,3,Healthcare Representative,3,Single,8633,13084,2,No,23,4,2,0,25,3,3,17,14,12,11,0.7058823529411765,0.8235294117647058,0.1764705882352941,0.6470588235294118,0.12,High,1,🟠 Promotion-Stalled,0,3.62561571374339,2.047665874018066
33,0,Non-Travel,1313,Research & Development,1,2,Medical,2,Male,59,2,1,Laboratory Technician,3,Divorced,2008,20439,1,No,12,3,3,3,1,2,2,1,1,0,0,0.0,1.0,2.0,0.0,1.0,Medium,0,🚀 Fast-Track Performers,1,-2.6359632966750923,-0.3115151248048806
38,0,Travel_Rarely,1321,Sales,1,4,Life Sciences,4,Male,86,3,2,Sales Executive,2,Married,4440,7636,0,No,15,3,1,2,16,3,3,15,13,5,8,0.3333333333333333,0.8666666666666667,0.2,0.5333333333333333,0.125,Medium,1,🟠 Promotion-Stalled,0,2.1603067808707355,0.36854703048564696
31,0,Travel_Rarely,1154,Sales,2,2,Life Sciences,1,Male,54,3,1,Sales Representative,3,Married,3067,6393,0,No,19,3,3,1,3,1,3,2,2,1,2,0.5,1.0,0.5,1.0,0.3333333333333333,Medium,1,🟠 Promotion-Stalled,0,0.6097890889819915,-1.9169042131371192
38,0,Travel_Frequently,508,Research & Development,6,4,Life Sciences,1,Male,72,2,2,Manufacturing Director,3,Married,5321,14284,2,No,11,3,4,1,10,1,3,8,3,7,7,0.875,0.375,0.125,0.875,0.2,Medium,1,🟠 Promotion-Stalled,0,1.5121478932590375,0.3546136075074887
42,0,Travel_Rarely,557,Research & Development,18,4,Life Sciences,4,Male,35,3,2,Research Scientist,1,Divorced,5410,11189,6,Yes,17,3,3,1,9,3,2,4,3,1,2,0.25,0.75,0.75,0.5,0.2222222222222222,Medium,1,🟠 Promotion-Stalled,0,-0.12715332632842447,-0.39311698326790767
41,0,Travel_Rarely,642,Research & Development,1,3,Life Sciences,4,Male,76,3,1,Research Scientist,4,Married,2782,21412,3,No,22,4,1,1,12,3,3,5,3,1,0,0.2,0.6,0.6,0.0,0.0833333333333333,Medium,1,🟠 Promotion-Stalled,0,-0.7962930396364606,-0.31440676279020074
47,0,Non-Travel,1162,Research & Development,1,1,Medical,3,Female,98,3,3,Research Director,2,Married,11957,17231,0,No,18,3,1,2,14,3,1,13,8,5,12,0.3846153846153846,0.6153846153846154,0.2307692307692307,0.9230769230769232,0.2142857142857142,Medium,1,🟠 Promotion-Stalled,0,1.7311794078821159,0.4099039596853315
35,0,Travel_Rarely,1490,Research & Development,11,4,Medical,4,Male,43,3,1,Laboratory Technician,3,Married,2660,20232,7,Yes,11,3,3,1,5,3,3,2,2,2,2,1.0,1.0,1.5,1.0,0.2,High,1,🟠 Promotion-Stalled,0,0.8243617043973022,-0.4089990289662743
22,0,Travel_Rarely,581,Research & Development,1,2,Life Sciences,4,Male,63,3,1,Research Scientist,3,Single,3375,17624,0,No,12,3,4,0,4,2,4,3,2,1,2,0.3333333333333333,0.6666666666666666,0.6666666666666666,0.6666666666666666,0.25,Medium,1,🟠 Promotion-Stalled,0,-0.20768530301474672,-1.0607139039650821
35,0,Travel_Rarely,1395,Research & Development,9,4,Medical,2,Male,48,3,2,Research Scientist,3,Single,5098,18698,1,No,19,3,2,0,10,5,3,10,7,0,8,0.0,0.7,0.5,0.8,0.2,Medium,1,🟠 Promotion-Stalled,0,0.2309786205630524,-0.4357429803668477
33,0,Travel_Rarely,501,Research & Development,15,2,Medical,2,Female,95,3,2,Healthcare Representative,4,Married,4878,21653,0,Yes,13,3,1,1,10,6,3,9,7,8,1,0.8888888888888888,0.7777777777777778,0.6666666666666666,0.1111111111111111,0.2,High,1,🟠 Promotion-Stalled,0,1.2000963326924523,2.7629546986880276
32,0,Travel_Rarely,267,Research & Development,29,4,Life Sciences,3,Female,49,2,1,Laboratory Technician,2,Single,2837,15919,1,No,13,3,3,0,6,3,3,6,2,4,1,0.6666666666666666,0.3333333333333333,0.5,0.1666666666666666,0.1666666666666666,Medium,1,🟠 Promotion-Stalled,0,-0.34446219031779957,0.7346354535892455
40,0,Travel_Rarely,543,Research & Development,1,4,Life Sciences,1,Male,83,3,1,Laboratory Technician,4,Married,2406,4060,8,No,19,3,3,2,8,3,2,1,0,0,0,0.0,0.0,3.0,0.0,0.125,Low,0,🚀 Fast-Track Performers,1,-3.131068839361823,0.4658200208710685
32,0,Travel_Rarely,234,Sales,1,4,Medical,2,Male,68,2,1,Sales Representative,2,Married,2269,18024,0,No,14,3,2,1,3,2,3,2,2,2,2,1.0,1.0,1.0,1.0,0.3333333333333333,High,1,🟠 Promotion-Stalled,0,0.8915679292263914,-0.800651785661036
39,0,Travel_Rarely,116,Research & Development,24,1,Life Sciences,1,Male,52,3,2,Research Scientist,4,Single,4108,5340,7,No,13,3,1,0,18,2,3,7,7,1,7,0.1428571428571428,1.0,0.2857142857142857,1.0,0.1111111111111111,Medium,1,🟠 Promotion-Stalled,0,1.4961911936429297,-1.5386464500982118
38,0,Travel_Rarely,201,Research & Development,10,3,Medical,2,Female,99,1,3,Research Director,3,Married,13206,3376,3,No,12,3,1,1,20,3,3,18,16,1,11,0.0555555555555555,0.8888888888888888,0.1666666666666666,0.6111111111111112,0.15,Medium,1,🟠 Promotion-Stalled,0,2.135029325639817,-0.13450090674299459
32,0,Travel_Rarely,801,Sales,1,4,Marketing,3,Female,48,3,3,Sales Executive,4,Married,10422,24032,1,No,19,3,3,2,14,3,3,14,10,5,7,0.3571428571428571,0.7142857142857143,0.2142857142857142,0.5,0.2142857142857142,Medium,1,🟠 Promotion-Stalled,0,1.6512900013004221,0.8109588277074088
37,0,Travel_Rarely,161,Research & Development,10,3,Life Sciences,3,Female,42,4,3,Research Director,4,Married,13744,15471,1,Yes,25,4,1,1,16,2,3,16,11,6,8,0.375,0.6875,0.125,0.5,0.1875,Medium,1,🟠 Promotion-Stalled,0,1.9885058298794367,0.641723715751528
25,0,Travel_Rarely,1382,Sales,8,2,Other,1,Female,85,3,2,Sales Executive,3,Divorced,4907,13684,0,Yes,22,4,2,1,6,3,2,5,3,0,4,0.0,0.6,0.6,0.8,0.3333333333333333,Medium,1,🟠 Promotion-Stalled,0,-0.4631447952323244,-1.0151440973787569
52,0,Non-Travel,585,Sales,29,4,Life Sciences,1,Male,40,3,1,Sales Representative,4,Divorced,3482,19788,2,No,15,3,2,2,16,3,2,9,8,0,0,0.0,0.8888888888888888,0.3333333333333333,0.0,0.0625,Medium,1,🟠 Promotion-Stalled,0,0.04068997988885055,-0.7288321713162706
44,0,Travel_Rarely,1037,Research & Development,1,3,Medical,2,Male,42,3,1,Research Scientist,4,Single,2436,13422,6,Yes,12,3,3,0,6,2,3,4,3,1,2,0.25,0.75,0.5,0.5,0.1666666666666666,Medium,1,🟠 Promotion-Stalled,0,-0.03397365540941393,-1.0887915706811893
21,0,Travel_Rarely,501,Sales,5,1,Medical,3,Male,58,3,1,Sales Representative,1,Single,2380,25479,1,Yes,11,3,4,0,2,6,3,2,2,1,2,0.5,1.0,3.0,1.0,0.5,Medium,1,🟠 Promotion-Stalled,0,-0.9964378662791047,0.45464397062523204
39,0,Non-Travel,105,Research & Development,9,3,Life Sciences,4,Male,87,3,5,Manager,4,Single,19431,15302,2,No,13,3,3,0,21,3,2,6,0,1,3,0.1666666666666666,0.0,0.5,0.5,0.238095238095238,Low,1,🟠 Promotion-Stalled,0,-0.6909037156260718,1.0978398417104762
23,1,Travel_Frequently,638,Sales,9,3,Marketing,4,Male,33,3,1,Sales Representative,1,Married,1790,26956,1,No,19,3,1,1,1,3,2,1,0,1,0,1.0,0.0,3.0,0.0,1.0,Medium,0,🚀 Fast-Track Performers,1,-3.4678429480992836,2.067637664391576
36,0,Travel_Rarely,557,Sales,3,3,Medical,1,Female,94,2,3,Sales Executive,4,Married,7644,12695,0,No,19,3,3,2,10,2,3,9,7,3,4,0.3333333333333333,0.7777777777777778,0.2222222222222222,0.4444444444444444,0.3,Medium,1,🟠 Promotion-Stalled,0,1.0058320071138884,0.12102602071442028
36,0,Travel_Frequently,688,Research & Development,4,2,Life Sciences,4,Female,97,3,2,Manufacturing Director,2,Divorced,5131,9192,7,No,13,3,2,3,18,3,3,4,2,0,2,0.0,0.5,0.75,0.5,0.1111111111111111,Medium,1,🟠 Promotion-Stalled,0,-0.6636273844341711,-0.6319949036044856
56,0,Non-Travel,667,Research & Development,1,4,Life Sciences,3,Male,57,3,2,Healthcare Representative,3,Divorced,6306,26236,1,No,21,4,1,1,13,2,2,13,12,1,9,0.0769230769230769,0.9230769230769232,0.1538461538461538,0.6923076923076923,0.1538461538461538,Medium,1,🟠 Promotion-Stalled,0,1.600560842977047,-1.1294521549988468
29,1,Travel_Rarely,1092,Research & Development,1,4,Medical,1,Male,36,3,1,Research Scientist,4,Married,4787,26124,9,Yes,14,3,2,3,4,3,4,2,2,2,2,1.0,1.0,1.5,1.0,0.25,High,1,🟠 Promotion-Stalled,0,0.7309473636710091,-0.41392697176002197
42,0,Travel_Rarely,300,Research & Development,2,3,Life Sciences,1,Male,56,3,5,Manager,3,Married,18880,17312,5,No,11,3,1,0,24,2,2,22,6,4,14,0.1818181818181818,0.2727272727272727,0.0909090909090909,0.6363636363636364,0.2083333333333333,Low,1,🟠 Promotion-Stalled,0,1.1389317745021839,1.0337646619673178
56,1,Travel_Rarely,310,Research & Development,7,2,Technical Degree,4,Male,72,3,1,Laboratory Technician,3,Married,2339,3666,8,No,11,3,4,1,14,4,1,10,9,9,8,0.9,0.9,0.4,0.8,0.0714285714285714,High,1,🟠 Promotion-Stalled,0,2.642881691645163,1.092618345689655
41,0,Travel_Rarely,582,Research & Development,28,4,Life Sciences,1,Female,60,2,4,Manufacturing Director,2,Married,13570,5640,0,No,23,4,3,1,21,3,3,20,7,0,10,0.0,0.35,0.15,0.5,0.1904761904761904,Low,1,🟠 Promotion-Stalled,0,0.24206988522437933,0.14545562632056766
34,0,Travel_Rarely,704,Sales,28,3,Marketing,4,Female,95,2,2,Sales Executive,3,Married,6712,8978,1,No,21,4,4,2,8,2,3,8,7,1,7,0.125,0.875,0.25,0.875,0.25,Medium,1,🟠 Promotion-Stalled,0,0.9761475059874207,-1.336511834779351
36,0,Non-Travel,301,Sales,15,4,Marketing,4,Male,88,1,2,Sales Executive,4,Divorced,5406,10436,1,No,24,4,1,1,15,4,2,15,12,11,11,0.7333333333333333,0.8,0.2666666666666666,0.7333333333333333,0.1333333333333333,High,1,🟠 Promotion-Stalled,0,3.001041984509644,1.729592473491986
41,0,Travel_Rarely,930,Sales,3,3,Life Sciences,3,Male,57,2,2,Sales Executive,2,Divorced,8938,12227,2,No,11,3,3,1,14,5,3,5,4,0,4,0.0,0.8,1.0,0.8,0.1428571428571428,Medium,1,🟠 Promotion-Stalled,0,-0.08635577343125428,-0.4286675406874016
32,0,Travel_Rarely,529,Research & Development,2,3,Technical Degree,4,Male,78,3,1,Research Scientist,1,Single,2439,11288,1,No,14,3,4,0,4,4,3,4,2,1,2,0.25,0.5,1.0,0.5,0.25,Medium,1,🟠 Promotion-Stalled,0,-0.9363033245354155,-0.15737236658920453
35,0,Travel_Rarely,1146,Human Resources,26,4,Life Sciences,3,Female,31,3,3,Human Resources,4,Single,8837,16642,1,Yes,16,3,3,0,9,2,3,9,0,1,7,0.1111111111111111,0.0,0.2222222222222222,0.7777777777777778,0.3333333333333333,Low,1,🟠 Promotion-Stalled,0,-0.840766867826281,-0.31158921295190795
38,0,Travel_Rarely,345,Sales,10,2,Life Sciences,1,Female,100,3,2,Sales Executive,4,Married,5343,5982,1,No,11,3,3,1,10,1,3,10,7,1,9,0.1,0.7,0.1,0.9,0.2,Medium,1,🟠 Promotion-Stalled,0,1.0639285954366622,-1.4923559757383331
50,1,Travel_Frequently,878,Sales,1,4,Life Sciences,2,Male,94,3,2,Sales Executive,3,Divorced,6728,14255,7,No,12,3,4,2,12,3,3,6,3,0,1,0.0,0.5,0.5,0.1666666666666666,0.1666666666666666,Medium,1,🟠 Promotion-Stalled,0,-0.8399877254011507,-0.26457355381038045
36,0,Travel_Rarely,1120,Sales,11,4,Marketing,2,Female,100,2,2,Sales Executive,4,Married,6652,14369,4,No,13,3,1,1,8,2,2,6,3,0,0,0.0,0.5,0.3333333333333333,0.0,0.25,Medium,1,🟠 Promotion-Stalled,0,-0.9831162037917273,-0.3907399359350932
45,0,Travel_Rarely,374,Sales,20,3,Life Sciences,4,Female,50,3,2,Sales Executive,3,Single,4850,23333,8,No,15,3,3,0,8,3,3,5,3,0,1,0.0,0.6,0.6,0.2,0.25,Medium,1,🟠 Promotion-Stalled,0,-0.8777878935581577,-0.3410258404333973
40,0,Travel_Rarely,1322,Research & Development,2,4,Life Sciences,3,Male,52,2,1,Research Scientist,3,Single,2809,2725,2,No,14,3,4,0,8,2,3,2,2,2,2,1.0,1.0,1.0,1.0,0.125,High,1,🟠 Promotion-Stalled,0,1.1974484629727964,-0.9241351965546274
35,0,Travel_Frequently,1199,Research & Development,18,4,Life Sciences,3,Male,80,3,2,Healthcare Representative,3,Married,5689,24594,1,Yes,14,3,4,2,10,2,4,10,2,0,2,0.0,0.2,0.2,0.2,0.2,Low,1,🟠 Promotion-Stalled,0,-1.1272661336908603,-0.4686854668646088
40,0,Travel_Rarely,1194,Research & Development,2,4,Medical,3,Female,98,3,1,Research Scientist,3,Married,2001,12549,2,No,14,3,2,3,20,2,3,5,3,0,2,0.0,0.6,0.4,0.4,0.05,Medium,1,🟠 Promotion-Stalled,0,-0.4248880640554738,-1.3686623035300245
35,0,Travel_Rarely,287,Research & Development,1,4,Life Sciences,3,Female,62,1,1,Research Scientist,4,Married,2977,8952,1,No,12,3,4,1,4,5,3,4,3,1,1,0.25,0.75,1.25,0.25,0.25,Medium,1,🟠 Promotion-Stalled,0,-0.9447996666142945,0.3264251963331115
29,0,Travel_Rarely,1378,Research & Development,13,2,Other,4,Male,46,2,2,Laboratory Technician,2,Married,4025,23679,4,Yes,13,3,1,1,10,2,3,4,3,0,3,0.0,0.75,0.5,0.75,0.2,Medium,1,🟠 Promotion-Stalled,0,0.0339416624492729,-1.3862484269759383
29,0,Travel_Rarely,468,Research & Development,28,4,Medical,4,Female,73,2,1,Research Scientist,1,Single,3785,8489,1,No,14,3,2,0,5,3,1,5,4,0,4,0.0,0.8,0.6,0.8,0.2,Medium,1,🟠 Promotion-Stalled,0,-0.07071014121819569,-1.4876500120469778
50,1,Travel_Rarely,410,Sales,28,3,Marketing,4,Male,39,2,3,Sales Executive,1,Divorced,10854,16586,4,Yes,13,3,2,1,20,3,3,3,2,2,0,0.6666666666666666,0.6666666666666666,1.0,0.0,0.15,High,1,🟠 Promotion-Stalled,0,-0.1319997911927391,1.1498519442870165
39,0,Travel_Rarely,722,Sales,24,1,Marketing,2,Female,60,2,4,Sales Executive,4,Married,12031,8828,0,No,11,3,1,1,21,2,2,20,9,9,6,0.45,0.45,0.1,0.3,0.1904761904761904,Medium,1,🟠 Promotion-Stalled,0,1.9930848271891755,2.0478123530969863
31,0,Non-Travel,325,Research & Development,5,3,Medical,2,Male,74,3,2,Manufacturing Director,1,Single,9936,3787,0,No,19,3,2,0,10,2,3,9,4,1,7,0.1111111111111111,0.4444444444444444,0.2222222222222222,0.7777777777777778,0.2,Medium,1,🟠 Promotion-Stalled,0,0.11836499159087657,-1.0073655589052382
26,0,Travel_Rarely,1167,Sales,5,3,Other,4,Female,30,2,1,Sales Representative,3,Single,2966,21378,0,No,18,3,4,0,5,2,3,4,2,0,0,0.0,0.5,0.5,0.0,0.2,Medium,1,🟠 Promotion-Stalled,0,-1.3355924322985406,-0.8215488824780979
36,0,Travel_Frequently,884,Research & Development,23,2,Medical,3,Male,41,4,2,Laboratory Technician,4,Married,2571,12290,4,No,17,3,3,1,17,3,3,5,2,0,3,0.0,0.4,0.6,0.6,0.1176470588235294,Low,1,🟠 Promotion-Stalled,0,-0.6545024899925517,-0.7398088431939628
39,0,Travel_Rarely,613,Research & Development,6,1,Medical,4,Male,42,2,3,Healthcare Representative,1,Married,9991,21457,4,No,15,3,1,1,9,5,3,7,7,1,7,0.1428571428571428,1.0,0.7142857142857143,1.0,0.3333333333333333,Medium,1,🟠 Promotion-Stalled,0,0.944922601057494,-0.06781245865071814
27,0,Travel_Rarely,155,Research & Development,4,3,Life Sciences,2,Male,87,4,2,Manufacturing Director,2,Married,6142,5174,1,Yes,20,4,2,1,6,0,3,6,2,0,3,0.0,0.3333333333333333,0.0,0.5,0.3333333333333333,Low,1,🟠 Promotion-Stalled,0,-0.6789858219952458,-1.5395272973290877
49,0,Travel_Frequently,1023,Sales,2,3,Medical,4,Male,63,2,2,Sales Executive,2,Married,5390,13243,2,No,14,3,4,0,17,3,2,9,6,0,8,0.0,0.6666666666666666,0.3333333333333333,0.8888888888888888,0.1176470588235294,Medium,1,🟠 Promotion-Stalled,0,0.5411415780773423,-1.168739145983196
34,0,Travel_Rarely,628,Research & Development,8,3,Medical,2,Male,82,4,2,Laboratory Technician,3,Married,4404,10228,2,No,12,3,1,0,6,3,4,4,3,1,2,0.25,0.75,0.75,0.5,0.3333333333333333,Medium,1,🟠 Promotion-Stalled,0,-0.25695125661458107,-0.269652561777643
